collection,members,source,version,old_file,best,second,old_w,new_w,sheet,result
1st FAN CONCERT 'The Prom Queens',イソ,1st DIVE FC Class DIVE,1,fancon/0083.jpg,0.997,0.435,165,244,09 - fancon/12-1st dive.JPG,差し替え
1st FAN CONCERT 'The Prom Queens',イソ,1st DIVE FC Class DIVE,2,fancon/0089.jpg,0.998,0.501,165,348,09 - fancon/11-tiara.JPG,差し替え
1st FAN CONCERT 'The Prom Queens',イソ,MD,PVC Card Holder,fancon/0017.jpg,0.998,0.618,165,229,09 - fancon/06-leeseo.JPG,差し替え
1st FAN CONCERT 'The Prom Queens',イソ,MD,Photocard Binder,fancon/0011.jpg,0.995,0.45,165,228,09 - fancon/06-leeseo.JPG,差し替え
1st FAN CONCERT 'The Prom Queens',イソ,MD,Photocard Deco Set,fancon/0005.jpg,0.988,0.65,165,228,09 - fancon/06-leeseo.JPG,差し替え
1st FAN CONCERT 'The Prom Queens',イソ,Random Photocard Pack (KOREA),1,fancon/0023.jpg,0.993,0.641,165,192,09 - fancon/08-korea photocard.JPG,
1st FAN CONCERT 'The Prom Queens',イソ,Random Photocard Pack (KOREA),2,fancon/0029.jpg,0.99,0.651,165,192,09 - fancon/08-korea photocard.JPG,
1st FAN CONCERT 'The Prom Queens',イソ,Random Photocard Pack (KOREA),3,fancon/0035.jpg,0.999,0.511,165,192,09 - fancon/08-korea photocard.JPG,
1st FAN CONCERT 'The Prom Queens',イソ,Random Photocard Pack (KOREA),4,fancon/0041.jpg,0.519,0.478,165,228,09 - fancon/06-leeseo.JPG,
1st FAN CONCERT 'The Prom Queens',イソ,Random Photocard Pack (KOREA),5,fancon/0047.jpg,0.996,0.617,165,228,09 - fancon/06-leeseo.JPG,差し替え
1st FAN CONCERT 'The Prom Queens',イソ,Random Trading Card (JAPAN),1,fancon/0053.jpg,0.982,0.299,165,251,09 - fancon/09-Japan photocard.JPG,差し替え
1st FAN CONCERT 'The Prom Queens',イソ,Random Trading Card (JAPAN),2,fancon/0059.jpg,0.991,0.456,165,229,09 - fancon/06-leeseo.JPG,差し替え
1st FAN CONCERT 'The Prom Queens',イソ,SuperStar STARSHIP,1,fancon/0095.jpg,0.999,0.569,165,347,09 - fancon/23-superstar1.JPG,差し替え
1st FAN CONCERT 'The Prom Queens',イソ,SuperStar STARSHIP,2,fancon/0101.jpg,0.998,0.656,165,232,09 - fancon/22-superstar starship.JPG,差し替え
1st FAN CONCERT 'The Prom Queens',イソ,SuperStar STARSHIP,3,fancon/0107.jpg,0.993,0.651,165,348,09 - fancon/25-superstar3.JPG,差し替え
1st FAN CONCERT 'The Prom Queens',ウォニョン,1st DIVE FC Class DIVE,1,fancon/0081.jpg,0.994,0.484,165,244,09 - fancon/12-1st dive.JPG,差し替え
1st FAN CONCERT 'The Prom Queens',ウォニョン,1st DIVE FC Class DIVE,2,fancon/0087.jpg,0.994,0.573,165,243,09 - fancon/12-1st dive.JPG,差し替え
1st FAN CONCERT 'The Prom Queens',ウォニョン,MD,PVC Card Holder,fancon/0015.jpg,0.998,0.533,165,228,09 - fancon/04-wonyoung.JPG,差し替え
1st FAN CONCERT 'The Prom Queens',ウォニョン,MD,Photocard Binder,fancon/0009.jpg,0.998,0.527,165,348,09 - fancon/14-binder.JPG,差し替え
1st FAN CONCERT 'The Prom Queens',ウォニョン,MD,Photocard Deco Set,fancon/0003.jpg,0.997,0.749,165,348,09 - fancon/13-deco set.JPG,差し替え
1st FAN CONCERT 'The Prom Queens',ウォニョン,Random Photocard Pack (KOREA),1,fancon/0021.jpg,0.999,0.465,165,192,09 - fancon/08-korea photocard.JPG,
1st FAN CONCERT 'The Prom Queens',ウォニョン,Random Photocard Pack (KOREA),2,fancon/0027.jpg,0.999,0.432,165,228,09 - fancon/04-wonyoung.JPG,差し替え
1st FAN CONCERT 'The Prom Queens',ウォニョン,Random Photocard Pack (KOREA),3,fancon/0033.jpg,0.989,0.496,165,192,09 - fancon/08-korea photocard.JPG,
1st FAN CONCERT 'The Prom Queens',ウォニョン,Random Photocard Pack (KOREA),4,fancon/0039.jpg,0.981,0.564,165,192,09 - fancon/08-korea photocard.JPG,
1st FAN CONCERT 'The Prom Queens',ウォニョン,Random Photocard Pack (KOREA),5,fancon/0045.jpg,0.993,0.52,165,228,09 - fancon/04-wonyoung.JPG,差し替え
1st FAN CONCERT 'The Prom Queens',ウォニョン,Random Trading Card (JAPAN),1,fancon/0051.jpg,0.997,0.366,165,228,09 - fancon/04-wonyoung.JPG,差し替え
1st FAN CONCERT 'The Prom Queens',ウォニョン,Random Trading Card (JAPAN),2,fancon/0057.jpg,0.983,0.553,165,250,09 - fancon/09-Japan photocard.JPG,差し替え
1st FAN CONCERT 'The Prom Queens',ウォニョン,SuperStar STARSHIP,1,fancon/0093.jpg,0.999,0.705,165,347,09 - fancon/23-superstar1.JPG,差し替え
1st FAN CONCERT 'The Prom Queens',ウォニョン,SuperStar STARSHIP,2,fancon/0099.jpg,0.995,0.862,165,348,09 - fancon/24-superstar2.JPG,差し替え
1st FAN CONCERT 'The Prom Queens',ウォニョン,SuperStar STARSHIP,3,fancon/0105.jpg,0.986,0.579,165,348,09 - fancon/25-superstar3.JPG,差し替え
1st FAN CONCERT 'The Prom Queens',ガウル,1st DIVE FC Class DIVE,1,fancon/0078.jpg,0.994,0.344,165,244,09 - fancon/12-1st dive.JPG,差し替え
1st FAN CONCERT 'The Prom Queens',ガウル,1st DIVE FC Class DIVE,2,fancon/0084.jpg,0.998,0.726,165,243,09 - fancon/12-1st dive.JPG,差し替え
1st FAN CONCERT 'The Prom Queens',ガウル,MD,PVC Card Holder,fancon/0012.jpg,0.992,0.493,165,348,09 - fancon/15-holder.JPG,差し替え
1st FAN CONCERT 'The Prom Queens',ガウル,MD,Photocard Binder,fancon/0006.jpg,0.994,0.444,165,228,09 - fancon/01-gaeul.JPG,差し替え
1st FAN CONCERT 'The Prom Queens',ガウル,MD,Photocard Deco Set,fancon/0000.jpg,0.989,0.488,165,348,09 - fancon/13-deco set.JPG,差し替え
1st FAN CONCERT 'The Prom Queens',ガウル,Random Photocard Pack (KOREA),1,fancon/0018.jpg,0.998,0.471,165,192,09 - fancon/08-korea photocard.JPG,
1st FAN CONCERT 'The Prom Queens',ガウル,Random Photocard Pack (KOREA),2,fancon/0024.jpg,0.996,0.341,165,229,09 - fancon/01-gaeul.JPG,差し替え
1st FAN CONCERT 'The Prom Queens',ガウル,Random Photocard Pack (KOREA),3,fancon/0030.jpg,0.997,0.46,165,228,09 - fancon/01-gaeul.JPG,差し替え
1st FAN CONCERT 'The Prom Queens',ガウル,Random Photocard Pack (KOREA),4,fancon/0036.jpg,0.995,0.676,165,192,09 - fancon/08-korea photocard.JPG,
1st FAN CONCERT 'The Prom Queens',ガウル,Random Photocard Pack (KOREA),5,fancon/0042.jpg,0.997,0.407,165,191,09 - fancon/08-korea photocard.JPG,
1st FAN CONCERT 'The Prom Queens',ガウル,Random Trading Card (JAPAN),1,fancon/0048.jpg,0.996,0.64,165,228,09 - fancon/01-gaeul.JPG,差し替え
1st FAN CONCERT 'The Prom Queens',ガウル,Random Trading Card (JAPAN),2,fancon/0054.jpg,0.99,0.384,165,250,09 - fancon/09-Japan photocard.JPG,差し替え
1st FAN CONCERT 'The Prom Queens',ガウル,SuperStar STARSHIP,1,fancon/0090.jpg,0.999,0.564,165,228,09 - fancon/01-gaeul.JPG,差し替え
1st FAN CONCERT 'The Prom Queens',ガウル,SuperStar STARSHIP,2,fancon/0096.jpg,0.992,0.556,165,231,09 - fancon/22-superstar starship.JPG,差し替え
1st FAN CONCERT 'The Prom Queens',ガウル,SuperStar STARSHIP,3,fancon/0102.jpg,0.999,0.614,165,348,09 - fancon/25-superstar3.JPG,差し替え
1st FAN CONCERT 'The Prom Queens',ユジン,1st DIVE FC Class DIVE,1,fancon/0079.jpg,0.998,0.529,165,228,09 - fancon/02-yujin.JPG,差し替え
1st FAN CONCERT 'The Prom Queens',ユジン,1st DIVE FC Class DIVE,2,fancon/0085.jpg,0.997,0.569,165,229,09 - fancon/02-yujin.JPG,差し替え
1st FAN CONCERT 'The Prom Queens',ユジン,MD,PVC Card Holder,fancon/0013.jpg,0.998,0.574,165,348,09 - fancon/15-holder.JPG,差し替え
1st FAN CONCERT 'The Prom Queens',ユジン,MD,Photocard Binder,fancon/0007.jpg,0.997,0.636,165,347,09 - fancon/14-binder.JPG,差し替え
1st FAN CONCERT 'The Prom Queens',ユジン,MD,Photocard Deco Set,fancon/0001.jpg,0.996,0.72,165,348,09 - fancon/13-deco set.JPG,差し替え
1st FAN CONCERT 'The Prom Queens',ユジン,Random Photocard Pack (KOREA),1,fancon/0019.jpg,0.985,0.595,165,192,09 - fancon/08-korea photocard.JPG,
1st FAN CONCERT 'The Prom Queens',ユジン,Random Photocard Pack (KOREA),2,fancon/0025.jpg,0.999,0.525,165,192,09 - fancon/08-korea photocard.JPG,
1st FAN CONCERT 'The Prom Queens',ユジン,Random Photocard Pack (KOREA),3,fancon/0031.jpg,0.995,0.525,165,228,09 - fancon/02-yujin.JPG,差し替え
1st FAN CONCERT 'The Prom Queens',ユジン,Random Photocard Pack (KOREA),4,fancon/0037.jpg,0.996,0.545,165,228,09 - fancon/02-yujin.JPG,差し替え
1st FAN CONCERT 'The Prom Queens',ユジン,Random Photocard Pack (KOREA),5,fancon/0043.jpg,0.998,0.571,165,228,09 - fancon/02-yujin.JPG,差し替え
1st FAN CONCERT 'The Prom Queens',ユジン,Random Trading Card (JAPAN),1,fancon/0049.jpg,0.985,0.395,165,251,09 - fancon/09-Japan photocard.JPG,差し替え
1st FAN CONCERT 'The Prom Queens',ユジン,Random Trading Card (JAPAN),2,fancon/0055.jpg,0.998,0.54,165,229,09 - fancon/02-yujin.JPG,差し替え
1st FAN CONCERT 'The Prom Queens',ユジン,SuperStar STARSHIP,1,fancon/0091.jpg,1.0,0.462,165,231,09 - fancon/22-superstar starship.JPG,差し替え
1st FAN CONCERT 'The Prom Queens',ユジン,SuperStar STARSHIP,2,fancon/0097.jpg,0.994,0.66,165,231,09 - fancon/22-superstar starship.JPG,差し替え
1st FAN CONCERT 'The Prom Queens',ユジン,SuperStar STARSHIP,3,fancon/0103.jpg,0.996,0.59,165,228,09 - fancon/02-yujin.JPG,差し替え
1st FAN CONCERT 'The Prom Queens',リズ,1st DIVE FC Class DIVE,1,fancon/0082.jpg,0.998,0.631,165,348,09 - fancon/10-corsage.JPG,差し替え
1st FAN CONCERT 'The Prom Queens',リズ,1st DIVE FC Class DIVE,2,fancon/0088.jpg,0.999,0.393,165,243,09 - fancon/12-1st dive.JPG,差し替え
1st FAN CONCERT 'The Prom Queens',リズ,MD,PVC Card Holder,fancon/0016.jpg,0.995,0.77,165,229,09 - fancon/05-liz.JPG,差し替え
1st FAN CONCERT 'The Prom Queens',リズ,MD,Photocard Binder,fancon/0010.jpg,0.985,0.557,165,228,09 - fancon/05-liz.JPG,差し替え
1st FAN CONCERT 'The Prom Queens',リズ,MD,Photocard Deco Set,fancon/0004.jpg,0.996,0.635,164,348,09 - fancon/13-deco set.JPG,差し替え
1st FAN CONCERT 'The Prom Queens',リズ,Random Photocard Pack (KOREA),1,fancon/0022.jpg,0.996,0.79,165,228,09 - fancon/05-liz.JPG,差し替え
1st FAN CONCERT 'The Prom Queens',リズ,Random Photocard Pack (KOREA),2,fancon/0028.jpg,0.994,0.558,165,228,09 - fancon/05-liz.JPG,差し替え
1st FAN CONCERT 'The Prom Queens',リズ,Random Photocard Pack (KOREA),3,fancon/0034.jpg,1.0,0.443,165,228,09 - fancon/05-liz.JPG,差し替え
1st FAN CONCERT 'The Prom Queens',リズ,Random Photocard Pack (KOREA),4,fancon/0040.jpg,0.991,0.576,165,192,09 - fancon/08-korea photocard.JPG,
1st FAN CONCERT 'The Prom Queens',リズ,Random Photocard Pack (KOREA),5,fancon/0046.jpg,0.999,0.648,165,228,09 - fancon/05-liz.JPG,差し替え
1st FAN CONCERT 'The Prom Queens',リズ,Random Trading Card (JAPAN),1,fancon/0052.jpg,0.994,0.285,165,228,09 - fancon/05-liz.JPG,差し替え
1st FAN CONCERT 'The Prom Queens',リズ,Random Trading Card (JAPAN),2,fancon/0058.jpg,0.997,0.54,165,229,09 - fancon/05-liz.JPG,差し替え
1st FAN CONCERT 'The Prom Queens',リズ,SuperStar STARSHIP,1,fancon/0094.jpg,0.999,0.438,165,347,09 - fancon/23-superstar1.JPG,差し替え
1st FAN CONCERT 'The Prom Queens',リズ,SuperStar STARSHIP,2,fancon/0100.jpg,1.0,0.567,165,348,09 - fancon/24-superstar2.JPG,差し替え
1st FAN CONCERT 'The Prom Queens',リズ,SuperStar STARSHIP,3,fancon/0106.jpg,0.999,0.628,165,229,09 - fancon/05-liz.JPG,差し替え
1st FAN CONCERT 'The Prom Queens',レイ,1st DIVE FC Class DIVE,1,fancon/0080.jpg,0.999,0.418,165,243,09 - fancon/12-1st dive.JPG,差し替え
1st FAN CONCERT 'The Prom Queens',レイ,1st DIVE FC Class DIVE,2,fancon/0086.jpg,0.998,0.522,165,245,09 - fancon/12-1st dive.JPG,差し替え
1st FAN CONCERT 'The Prom Queens',レイ,MD,PVC Card Holder,fancon/0014.jpg,0.999,0.692,165,348,09 - fancon/15-holder.JPG,差し替え
1st FAN CONCERT 'The Prom Queens',レイ,MD,Photocard Binder,fancon/0008.jpg,0.999,0.526,165,226,09 - fancon/03-rei.JPG,差し替え
1st FAN CONCERT 'The Prom Queens',レイ,MD,Photocard Deco Set,fancon/0002.jpg,0.998,0.636,165,228,09 - fancon/03-rei.JPG,差し替え
1st FAN CONCERT 'The Prom Queens',レイ,Random Photocard Pack (KOREA),1,fancon/0020.jpg,0.994,0.689,165,192,09 - fancon/08-korea photocard.JPG,
1st FAN CONCERT 'The Prom Queens',レイ,Random Photocard Pack (KOREA),2,fancon/0026.jpg,0.995,0.634,165,229,09 - fancon/03-rei.JPG,差し替え
1st FAN CONCERT 'The Prom Queens',レイ,Random Photocard Pack (KOREA),3,fancon/0032.jpg,0.998,0.586,165,192,09 - fancon/08-korea photocard.JPG,
1st FAN CONCERT 'The Prom Queens',レイ,Random Photocard Pack (KOREA),4,fancon/0038.jpg,0.989,0.526,165,192,09 - fancon/08-korea photocard.JPG,
1st FAN CONCERT 'The Prom Queens',レイ,Random Photocard Pack (KOREA),5,fancon/0044.jpg,1.0,0.554,165,228,09 - fancon/03-rei.JPG,差し替え
1st FAN CONCERT 'The Prom Queens',レイ,Random Trading Card (JAPAN),1,fancon/0050.jpg,0.998,0.362,165,228,09 - fancon/03-rei.JPG,差し替え
1st FAN CONCERT 'The Prom Queens',レイ,Random Trading Card (JAPAN),2,fancon/0056.jpg,0.987,0.344,165,252,09 - fancon/09-Japan photocard.JPG,差し替え
1st FAN CONCERT 'The Prom Queens',レイ,SuperStar STARSHIP,1,fancon/0092.jpg,0.999,0.544,165,346,09 - fancon/23-superstar1.JPG,差し替え
1st FAN CONCERT 'The Prom Queens',レイ,SuperStar STARSHIP,2,fancon/0098.jpg,0.994,0.559,165,228,09 - fancon/03-rei.JPG,差し替え
1st FAN CONCERT 'The Prom Queens',レイ,SuperStar STARSHIP,3,fancon/0104.jpg,0.999,0.646,165,229,09 - fancon/03-rei.JPG,差し替え
1st WORLD TOUR 'SHOW WHAT I HAVE',イソ,2nd DIVE FC Class DIVE,1,tour1/0071.jpg,0.982,0.474,165,244,world tour/18-2nd fanclub.JPG,差し替え
1st WORLD TOUR 'SHOW WHAT I HAVE',イソ,2nd DIVE FC Class DIVE,2,tour1/0077.jpg,0.977,0.536,165,243,world tour/18-2nd fanclub.JPG,差し替え
1st WORLD TOUR 'SHOW WHAT I HAVE',イソ,Japan Random Photocard,1,tour1/0059.jpg,0.995,0.412,170,251,world tour/09-japan random.JPG,差し替え
1st WORLD TOUR 'SHOW WHAT I HAVE',イソ,Japan Random Photocard,2,tour1/0065.jpg,0.999,0.728,170,250,world tour/09-japan random.JPG,差し替え
1st WORLD TOUR 'SHOW WHAT I HAVE',イソ,MD,Cross Bag,tour1/0023.jpg,0.985,0.609,165,348,world tour/15-cross bag.JPG,差し替え
1st WORLD TOUR 'SHOW WHAT I HAVE',イソ,MD,Necklace,tour1/0029.jpg,0.995,0.596,165,348,world tour/16-necklace.JPG,差し替え
1st WORLD TOUR 'SHOW WHAT I HAVE',イソ,MD,Photo Kit,tour1/0005.jpg,0.994,0.613,165,348,world tour/11-photo kit.JPG,差し替え
1st WORLD TOUR 'SHOW WHAT I HAVE',イソ,MD,Photocard Binder,tour1/0011.jpg,0.999,0.652,165,348,world tour/13-poca binder.JPG,差し替え
1st WORLD TOUR 'SHOW WHAT I HAVE',イソ,MD,Photocard Holder,tour1/0017.jpg,0.988,0.447,165,348,world tour/14-poca holder.JPG,差し替え
1st WORLD TOUR 'SHOW WHAT I HAVE',イソ,Random Photocard,1,tour1/0035.jpg,0.994,0.618,165,213,world tour/06-leeseo.JPG,差し替え
1st WORLD TOUR 'SHOW WHAT I HAVE',イソ,Random Photocard,2,tour1/0041.jpg,0.997,0.623,165,212,world tour/06-leeseo.JPG,差し替え
1st WORLD TOUR 'SHOW WHAT I HAVE',イソ,Random Photocard,3,tour1/0047.jpg,0.993,0.477,165,213,world tour/06-leeseo.JPG,差し替え
1st WORLD TOUR 'SHOW WHAT I HAVE',イソ,Random Photocard,4,tour1/0053.jpg,0.993,0.458,165,231,world tour/08-random pc.JPG,差し替え
1st WORLD TOUR 'SHOW WHAT I HAVE',イソ,SuperStar STARSHIP,1,tour1/0113.jpg,0.998,0.731,165,213,world tour/06-leeseo.JPG,差し替え
1st WORLD TOUR 'SHOW WHAT I HAVE',イソ,SuperStar STARSHIP,2,tour1/0119.jpg,0.994,0.674,165,213,world tour/06-leeseo.JPG,差し替え
1st WORLD TOUR 'SHOW WHAT I HAVE',イソ,SuperStar STARSHIP,3,tour1/0125.jpg,0.955,0.623,165,213,world tour/06-leeseo.JPG,差し替え
1st WORLD TOUR 'SHOW WHAT I HAVE',イソ,SuperStar STARSHIP,4,tour1/0131.jpg,0.995,0.659,165,212,world tour/06-leeseo.JPG,差し替え
1st WORLD TOUR 'SHOW WHAT I HAVE',ウォニョン,2nd DIVE FC Class DIVE,1,tour1/0069.jpg,0.996,0.441,165,213,world tour/04-wonyoung.JPG,差し替え
1st WORLD TOUR 'SHOW WHAT I HAVE',ウォニョン,2nd DIVE FC Class DIVE,2,tour1/0075.jpg,0.341,0.336,165,233,world tour/08-random pc.JPG,
1st WORLD TOUR 'SHOW WHAT I HAVE',ウォニョン,Japan Random Photocard,1,tour1/0057.jpg,0.999,0.502,170,250,world tour/09-japan random.JPG,差し替え
1st WORLD TOUR 'SHOW WHAT I HAVE',ウォニョン,Japan Random Photocard,2,tour1/0063.jpg,0.999,0.495,170,250,world tour/09-japan random.JPG,差し替え
1st WORLD TOUR 'SHOW WHAT I HAVE',ウォニョン,MD,Cross Bag,tour1/0021.jpg,0.994,0.472,165,348,world tour/15-cross bag.JPG,差し替え
1st WORLD TOUR 'SHOW WHAT I HAVE',ウォニョン,MD,Necklace,tour1/0027.jpg,0.998,0.805,165,348,world tour/16-necklace.JPG,差し替え
1st WORLD TOUR 'SHOW WHAT I HAVE',ウォニョン,MD,Photo Kit,tour1/0003.jpg,0.994,0.625,165,348,world tour/11-photo kit.JPG,差し替え
1st WORLD TOUR 'SHOW WHAT I HAVE',ウォニョン,MD,Photocard Binder,tour1/0009.jpg,0.996,0.436,165,348,world tour/13-poca binder.JPG,差し替え
1st WORLD TOUR 'SHOW WHAT I HAVE',ウォニョン,MD,Photocard Holder,tour1/0015.jpg,0.991,0.401,165,347,world tour/14-poca holder.JPG,差し替え
1st WORLD TOUR 'SHOW WHAT I HAVE',ウォニョン,Random Photocard,1,tour1/0033.jpg,0.994,0.511,165,231,world tour/08-random pc.JPG,差し替え
1st WORLD TOUR 'SHOW WHAT I HAVE',ウォニョン,Random Photocard,2,tour1/0039.jpg,0.994,0.6,165,233,world tour/08-random pc.JPG,差し替え
1st WORLD TOUR 'SHOW WHAT I HAVE',ウォニョン,Random Photocard,3,tour1/0045.jpg,0.985,0.442,165,233,world tour/08-random pc.JPG,差し替え
1st WORLD TOUR 'SHOW WHAT I HAVE',ウォニョン,Random Photocard,4,tour1/0051.jpg,0.99,0.556,165,231,world tour/08-random pc.JPG,差し替え
1st WORLD TOUR 'SHOW WHAT I HAVE',ウォニョン,SuperStar STARSHIP,1,tour1/0111.jpg,0.954,0.613,165,213,world tour/04-wonyoung.JPG,差し替え
1st WORLD TOUR 'SHOW WHAT I HAVE',ウォニョン,SuperStar STARSHIP,2,tour1/0117.jpg,0.932,0.624,165,213,world tour/04-wonyoung.JPG,差し替え
1st WORLD TOUR 'SHOW WHAT I HAVE',ウォニョン,SuperStar STARSHIP,3,tour1/0123.jpg,0.993,0.675,165,213,world tour/04-wonyoung.JPG,差し替え
1st WORLD TOUR 'SHOW WHAT I HAVE',ウォニョン,SuperStar STARSHIP,4,tour1/0129.jpg,0.86,0.514,165,213,world tour/04-wonyoung.JPG,差し替え
1st WORLD TOUR 'SHOW WHAT I HAVE',ガウル,2nd DIVE FC Class DIVE,1,tour1/0066.jpg,0.995,0.677,165,213,world tour/01-gaeul.JPG,差し替え
1st WORLD TOUR 'SHOW WHAT I HAVE',ガウル,2nd DIVE FC Class DIVE,2,tour1/0072.jpg,0.995,0.426,165,212,world tour/01-gaeul.JPG,差し替え
1st WORLD TOUR 'SHOW WHAT I HAVE',ガウル,Japan Random Photocard,1,tour1/0054.jpg,0.993,0.474,170,216,world tour/01-gaeul.JPG,差し替え
1st WORLD TOUR 'SHOW WHAT I HAVE',ガウル,Japan Random Photocard,2,tour1/0060.jpg,0.997,0.757,170,218,world tour/01-gaeul.JPG,差し替え
1st WORLD TOUR 'SHOW WHAT I HAVE',ガウル,MD,Cross Bag,tour1/0018.jpg,0.998,0.697,165,213,world tour/01-gaeul.JPG,差し替え
1st WORLD TOUR 'SHOW WHAT I HAVE',ガウル,MD,Necklace,tour1/0024.jpg,0.999,0.81,165,213,world tour/01-gaeul.JPG,差し替え
1st WORLD TOUR 'SHOW WHAT I HAVE',ガウル,MD,Photo Kit,tour1/0000.jpg,0.995,0.781,165,348,world tour/11-photo kit.JPG,差し替え
1st WORLD TOUR 'SHOW WHAT I HAVE',ガウル,MD,Photocard Binder,tour1/0006.jpg,0.999,0.832,165,213,world tour/01-gaeul.JPG,差し替え
1st WORLD TOUR 'SHOW WHAT I HAVE',ガウル,MD,Photocard Holder,tour1/0012.jpg,0.998,0.51,165,212,world tour/01-gaeul.JPG,差し替え
1st WORLD TOUR 'SHOW WHAT I HAVE',ガウル,Random Photocard,1,tour1/0030.jpg,0.995,0.588,165,213,world tour/01-gaeul.JPG,差し替え
1st WORLD TOUR 'SHOW WHAT I HAVE',ガウル,Random Photocard,2,tour1/0036.jpg,0.997,0.671,165,212,world tour/01-gaeul.JPG,差し替え
1st WORLD TOUR 'SHOW WHAT I HAVE',ガウル,Random Photocard,3,tour1/0042.jpg,0.979,0.531,165,213,world tour/01-gaeul.JPG,差し替え
1st WORLD TOUR 'SHOW WHAT I HAVE',ガウル,Random Photocard,4,tour1/0048.jpg,0.995,0.842,165,213,world tour/01-gaeul.JPG,差し替え
1st WORLD TOUR 'SHOW WHAT I HAVE',ガウル,SuperStar STARSHIP,1,tour1/0108.jpg,0.922,0.45,165,213,world tour/01-gaeul.JPG,差し替え
1st WORLD TOUR 'SHOW WHAT I HAVE',ガウル,SuperStar STARSHIP,2,tour1/0114.jpg,0.934,0.714,165,213,world tour/01-gaeul.JPG,差し替え
1st WORLD TOUR 'SHOW WHAT I HAVE',ガウル,SuperStar STARSHIP,3,tour1/0120.jpg,0.978,0.481,165,213,world tour/01-gaeul.JPG,差し替え
1st WORLD TOUR 'SHOW WHAT I HAVE',ガウル,SuperStar STARSHIP,4,tour1/0126.jpg,0.986,0.506,165,212,world tour/01-gaeul.JPG,差し替え
1st WORLD TOUR 'SHOW WHAT I HAVE',ユジン,2nd DIVE FC Class DIVE,1,tour1/0067.jpg,0.996,0.448,165,213,world tour/02-yujin.JPG,差し替え
1st WORLD TOUR 'SHOW WHAT I HAVE',ユジン,2nd DIVE FC Class DIVE,2,tour1/0073.jpg,0.991,0.403,165,212,world tour/02-yujin.JPG,差し替え
1st WORLD TOUR 'SHOW WHAT I HAVE',ユジン,Japan Random Photocard,1,tour1/0055.jpg,0.995,0.395,170,251,world tour/09-japan random.JPG,差し替え
1st WORLD TOUR 'SHOW WHAT I HAVE',ユジン,Japan Random Photocard,2,tour1/0061.jpg,0.997,0.601,170,250,world tour/09-japan random.JPG,差し替え
1st WORLD TOUR 'SHOW WHAT I HAVE',ユジン,MD,Cross Bag,tour1/0019.jpg,0.994,0.39,165,213,world tour/02-yujin.JPG,差し替え
1st WORLD TOUR 'SHOW WHAT I HAVE',ユジン,MD,Necklace,tour1/0025.jpg,0.999,0.783,165,213,world tour/02-yujin.JPG,差し替え
1st WORLD TOUR 'SHOW WHAT I HAVE',ユジン,MD,Photo Kit,tour1/0001.jpg,0.998,0.788,165,348,world tour/11-photo kit.JPG,差し替え
1st WORLD TOUR 'SHOW WHAT I HAVE',ユジン,MD,Photocard Binder,tour1/0007.jpg,0.999,0.768,165,213,world tour/02-yujin.JPG,差し替え
1st WORLD TOUR 'SHOW WHAT I HAVE',ユジン,MD,Photocard Holder,tour1/0013.jpg,0.996,0.477,165,212,world tour/02-yujin.JPG,差し替え
1st WORLD TOUR 'SHOW WHAT I HAVE',ユジン,Random Photocard,1,tour1/0031.jpg,0.998,0.513,165,213,world tour/02-yujin.JPG,差し替え
1st WORLD TOUR 'SHOW WHAT I HAVE',ユジン,Random Photocard,2,tour1/0037.jpg,0.998,0.555,165,212,world tour/02-yujin.JPG,差し替え
1st WORLD TOUR 'SHOW WHAT I HAVE',ユジン,Random Photocard,3,tour1/0043.jpg,0.994,0.574,165,212,world tour/02-yujin.JPG,差し替え
1st WORLD TOUR 'SHOW WHAT I HAVE',ユジン,Random Photocard,4,tour1/0049.jpg,0.992,0.776,165,213,world tour/02-yujin.JPG,差し替え
1st WORLD TOUR 'SHOW WHAT I HAVE',ユジン,SuperStar STARSHIP,1,tour1/0109.jpg,0.922,0.606,165,213,world tour/02-yujin.JPG,差し替え
1st WORLD TOUR 'SHOW WHAT I HAVE',ユジン,SuperStar STARSHIP,2,tour1/0115.jpg,0.897,0.733,165,213,world tour/02-yujin.JPG,差し替え
1st WORLD TOUR 'SHOW WHAT I HAVE',ユジン,SuperStar STARSHIP,3,tour1/0121.jpg,0.986,0.677,165,213,world tour/02-yujin.JPG,差し替え
1st WORLD TOUR 'SHOW WHAT I HAVE',ユジン,SuperStar STARSHIP,4,tour1/0127.jpg,0.998,0.669,165,213,world tour/02-yujin.JPG,差し替え
1st WORLD TOUR 'SHOW WHAT I HAVE',リズ,2nd DIVE FC Class DIVE,1,tour1/0070.jpg,0.988,0.5,165,244,world tour/18-2nd fanclub.JPG,差し替え
1st WORLD TOUR 'SHOW WHAT I HAVE',リズ,2nd DIVE FC Class DIVE,2,tour1/0076.jpg,0.997,0.34,165,212,world tour/05-liz.JPG,差し替え
1st WORLD TOUR 'SHOW WHAT I HAVE',リズ,Japan Random Photocard,1,tour1/0058.jpg,0.999,0.444,170,251,world tour/09-japan random.JPG,差し替え
1st WORLD TOUR 'SHOW WHAT I HAVE',リズ,Japan Random Photocard,2,tour1/0064.jpg,0.621,0.496,170,252,world tour/09-japan random.JPG,
1st WORLD TOUR 'SHOW WHAT I HAVE',リズ,MD,Cross Bag,tour1/0022.jpg,0.985,0.638,159,339,world tour/15-cross bag.JPG,差し替え
1st WORLD TOUR 'SHOW WHAT I HAVE',リズ,MD,Necklace,tour1/0028.jpg,0.998,0.466,165,213,world tour/05-liz.JPG,差し替え
1st WORLD TOUR 'SHOW WHAT I HAVE',リズ,MD,Photo Kit,tour1/0004.jpg,0.99,0.486,165,348,world tour/11-photo kit.JPG,差し替え
1st WORLD TOUR 'SHOW WHAT I HAVE',リズ,MD,Photocard Binder,tour1/0010.jpg,0.997,0.83,165,348,world tour/13-poca binder.JPG,差し替え
1st WORLD TOUR 'SHOW WHAT I HAVE',リズ,MD,Photocard Holder,tour1/0016.jpg,0.992,0.693,142,183,world tour/05-liz.JPG,差し替え
1st WORLD TOUR 'SHOW WHAT I HAVE',リズ,Random Photocard,1,tour1/0034.jpg,0.996,0.579,165,213,world tour/05-liz.JPG,差し替え
1st WORLD TOUR 'SHOW WHAT I HAVE',リズ,Random Photocard,2,tour1/0040.jpg,0.991,0.412,165,212,world tour/05-liz.JPG,差し替え
1st WORLD TOUR 'SHOW WHAT I HAVE',リズ,Random Photocard,3,tour1/0046.jpg,0.989,0.438,165,232,world tour/08-random pc.JPG,差し替え
1st WORLD TOUR 'SHOW WHAT I HAVE',リズ,Random Photocard,4,tour1/0052.jpg,0.991,0.843,165,232,world tour/08-random pc.JPG,差し替え
1st WORLD TOUR 'SHOW WHAT I HAVE',リズ,SuperStar STARSHIP,1,tour1/0112.jpg,0.993,0.68,165,213,world tour/05-liz.JPG,差し替え
1st WORLD TOUR 'SHOW WHAT I HAVE',リズ,SuperStar STARSHIP,2,tour1/0118.jpg,0.984,0.72,165,213,world tour/05-liz.JPG,差し替え
1st WORLD TOUR 'SHOW WHAT I HAVE',リズ,SuperStar STARSHIP,3,tour1/0124.jpg,0.976,0.464,165,213,world tour/05-liz.JPG,差し替え
1st WORLD TOUR 'SHOW WHAT I HAVE',リズ,SuperStar STARSHIP,4,tour1/0130.jpg,0.984,0.446,165,212,world tour/05-liz.JPG,差し替え
1st WORLD TOUR 'SHOW WHAT I HAVE',レイ,2nd DIVE FC Class DIVE,1,tour1/0068.jpg,0.994,0.402,165,244,world tour/18-2nd fanclub.JPG,差し替え
1st WORLD TOUR 'SHOW WHAT I HAVE',レイ,2nd DIVE FC Class DIVE,2,tour1/0074.jpg,0.992,0.489,165,212,world tour/03-rei.JPG,差し替え
1st WORLD TOUR 'SHOW WHAT I HAVE',レイ,Japan Random Photocard,1,tour1/0056.jpg,0.997,0.471,170,250,world tour/09-japan random.JPG,差し替え
1st WORLD TOUR 'SHOW WHAT I HAVE',レイ,Japan Random Photocard,2,tour1/0062.jpg,0.997,0.708,170,218,world tour/03-rei.JPG,差し替え
1st WORLD TOUR 'SHOW WHAT I HAVE',レイ,MD,Cross Bag,tour1/0020.jpg,0.995,0.506,165,213,world tour/03-rei.JPG,差し替え
1st WORLD TOUR 'SHOW WHAT I HAVE',レイ,MD,Necklace,tour1/0026.jpg,0.997,0.758,165,213,world tour/03-rei.JPG,差し替え
1st WORLD TOUR 'SHOW WHAT I HAVE',レイ,MD,Photo Kit,tour1/0002.jpg,0.994,0.507,165,348,world tour/11-photo kit.JPG,差し替え
1st WORLD TOUR 'SHOW WHAT I HAVE',レイ,MD,Photocard Binder,tour1/0008.jpg,0.827,0.67,165,348,world tour/13-poca binder.JPG,差し替え
1st WORLD TOUR 'SHOW WHAT I HAVE',レイ,MD,Photocard Holder,tour1/0014.jpg,0.996,0.555,165,212,world tour/03-rei.JPG,差し替え
1st WORLD TOUR 'SHOW WHAT I HAVE',レイ,Random Photocard,1,tour1/0032.jpg,0.994,0.527,165,213,world tour/03-rei.JPG,差し替え
1st WORLD TOUR 'SHOW WHAT I HAVE',レイ,Random Photocard,2,tour1/0038.jpg,0.997,0.77,165,212,world tour/03-rei.JPG,差し替え
1st WORLD TOUR 'SHOW WHAT I HAVE',レイ,Random Photocard,3,tour1/0044.jpg,0.987,0.416,165,211,world tour/03-rei.JPG,差し替え
1st WORLD TOUR 'SHOW WHAT I HAVE',レイ,Random Photocard,4,tour1/0050.jpg,0.995,0.75,165,232,world tour/08-random pc.JPG,差し替え
1st WORLD TOUR 'SHOW WHAT I HAVE',レイ,SuperStar STARSHIP,1,tour1/0110.jpg,0.97,0.752,165,213,world tour/03-rei.JPG,差し替え
1st WORLD TOUR 'SHOW WHAT I HAVE',レイ,SuperStar STARSHIP,2,tour1/0116.jpg,0.972,0.431,165,213,world tour/03-rei.JPG,差し替え
1st WORLD TOUR 'SHOW WHAT I HAVE',レイ,SuperStar STARSHIP,3,tour1/0122.jpg,0.919,0.486,165,213,world tour/03-rei.JPG,差し替え
1st WORLD TOUR 'SHOW WHAT I HAVE',レイ,SuperStar STARSHIP,4,tour1/0128.jpg,0.977,0.66,165,212,world tour/03-rei.JPG,差し替え
After LIKE,イソ,Apple Music,,After LIKE/0191.jpg,0.942,0.549,172,330,03 - after like/34-applemusic.JPG,差し替え
After LIKE,イソ,Bandina,,After LIKE/0107.jpg,0.881,0.402,172,330,03 - after like/25-bandina.JPG,差し替え
After LIKE,イソ,Beatroad,,After LIKE/0185.jpg,0.975,0.701,172,330,03 - after like/33-beatroad.JPG,差し替え
After LIKE,イソ,Broadcast,After ver.,After LIKE/0065.jpg,0.969,0.469,172,215,03 - after like/16-openbroadcast 4.JPG,差し替え
After LIKE,イソ,Broadcast,Like ver.,After LIKE/0071.jpg,0.973,0.557,172,216,03 - after like/16-openbroadcast 4.JPG,差し替え
After LIKE,イソ,Daum Cafe,,After LIKE/0059.jpg,0.983,0.777,172,330,03 - after like/11-daumcafe.JPG,差し替え
After LIKE,イソ,Fansign,ATL ver.,After LIKE/0053.jpg,0.955,0.576,172,330,03 - after like/08-fansign.JPG,差し替え
After LIKE,イソ,Jewel ver. POB,6+3set,After LIKE/0083.jpg,0.736,0.495,172,220,03 - after like/22-jewel9.JPG,
After LIKE,イソ,Jewel ver. POB,6set,After LIKE/0077.jpg,0.864,0.454,172,330,03 - after like/21-jewel6.JPG,差し替え
After LIKE,イソ,Ktown4U,,After LIKE/0101.jpg,0.967,0.624,172,330,03 - after like/24-ktown4u.JPG,差し替え
After LIKE,イソ,MokketShop,,After LIKE/0203.jpg,0.934,0.37,172,330,03 - after like/36-mokketshop.jpg,差し替え
After LIKE,イソ,Music Korea,,After LIKE/0215.jpg,0.924,0.547,172,330,03 - after like/38-musickorea.jpg,差し替え
After LIKE,イソ,Namil Music,,After LIKE/0197.jpg,0.96,0.423,172,330,03 - after like/35-namil.JPG,差し替え
After LIKE,イソ,Naver Shopping Live,,After LIKE/0131.jpg,0.975,0.512,172,330,03 - after like/29-navershoppinglive.JPG,差し替え
After LIKE,イソ,POB,Circle Card,After LIKE/0029.jpg,0.442,0.428,175,331,03 - after like/17-ver1.JPG,
After LIKE,イソ,Soundwave,1.0,After LIKE/0125.jpg,0.987,0.603,172,330,03 - after like/28-soundwave1.JPG,差し替え
After LIKE,イソ,Soundwave,3.0,After LIKE/0221.jpg,0.986,0.704,172,329,03 - after like/39-soundwave3.JPG,差し替え
After LIKE,イソ,Soundwave,4.0,After LIKE/0239.jpg,0.941,0.549,172,330,03 - after like/42-soundwave4.JPG,差し替え
After LIKE,イソ,Soundwave ラキドロ,2.0-1,After LIKE/0137.jpg,0.979,0.834,172,199,03 - after like/30-swluckydraw.JPG,
After LIKE,イソ,Soundwave ラキドロ,2.0-2,After LIKE/0143.jpg,0.88,0.368,172,197,03 - after like/30-swluckydraw.JPG,
After LIKE,イソ,Soundwave ラキドロ,2.0-3,After LIKE/0149.jpg,0.981,0.693,172,199,03 - after like/30-swluckydraw.JPG,
After LIKE,イソ,StarRiver,,After LIKE/0227.jpg,0.926,0.426,172,330,03 - after like/40-starriver.JPG,差し替え
After LIKE,イソ,Starship Square,CHU~♥ 1,After LIKE/0089.jpg,0.957,0.656,172,216,03 - after like/23-starship.JPG,差し替え
After LIKE,イソ,Starship Square,CHU~♥ 2,After LIKE/0095.jpg,0.941,0.548,172,216,03 - after like/23-starship.JPG,差し替え
After LIKE,イソ,TOU,1.0,After LIKE/0209.jpg,0.965,0.707,172,330,03 - after like/37-tou.jpg,差し替え
After LIKE,イソ,Tower Records,1,After LIKE/0173.jpg,0.961,0.332,172,215,03 - after like/32-towerrecord.JPG,差し替え
After LIKE,イソ,Tower Records,2,After LIKE/0179.jpg,0.366,0.342,172,255,03 - after like/12-mk-fansign.jpg,
After LIKE,イソ,mymusictaste,,After LIKE/0113.jpg,0.956,0.513,172,330,03 - after like/26-mmt.JPG,差し替え
After LIKE,イソ,withmuu,1.0,After LIKE/0119.jpg,0.952,0.507,172,330,03 - after like/27-withmuu.jpg,差し替え
After LIKE,イソ,withmuu,3.0,After LIKE/0233.jpg,0.949,0.608,172,330,03 - after like/41-withmuu3.JPG,差し替え
After LIKE,イソ,withmuu ラキドロ,2.0-1,After LIKE/0155.jpg,0.978,0.569,172,199,03 - after like/31-wmluckydraw.JPG,
After LIKE,イソ,withmuu ラキドロ,2.0-2,After LIKE/0161.jpg,0.968,0.676,172,198,03 - after like/31-wmluckydraw.JPG,
After LIKE,イソ,withmuu ラキドロ,2.0-3,After LIKE/0167.jpg,0.467,0.335,172,169,03 - after like/31-wmluckydraw.JPG,
After LIKE,イソ,本体封入,Jewel ver.,After LIKE/0041.jpg,0.975,0.678,172,187,03 - after like/10-jewel.JPG,
After LIKE,イソ,本体封入,ver.1,After LIKE/0005.jpg,0.947,0.654,172,330,03 - after like/17-ver1.JPG,差し替え
After LIKE,イソ,本体封入,ver.2,After LIKE/0011.jpg,0.763,0.326,172,330,03 - after like/18-ver2.JPG,
After LIKE,イソ,本体封入,ver.3,After LIKE/0017.jpg,0.946,0.847,172,330,03 - after like/19-ver3.JPG,差し替え
After LIKE,ウォニョン,Apple Music,,After LIKE/0189.jpg,0.964,0.659,172,330,03 - after like/34-applemusic.JPG,差し替え
After LIKE,ウォニョン,Bandina,,After LIKE/0105.jpg,0.973,0.789,172,330,03 - after like/25-bandina.JPG,差し替え
After LIKE,ウォニョン,Beatroad,,After LIKE/0183.jpg,0.942,0.518,172,330,03 - after like/33-beatroad.JPG,差し替え
After LIKE,ウォニョン,Broadcast,After ver.,After LIKE/0063.jpg,0.977,0.635,172,216,03 - after like/16-openbroadcast 4.JPG,差し替え
After LIKE,ウォニョン,Broadcast,Like ver.,After LIKE/0069.jpg,0.979,0.452,172,216,03 - after like/16-openbroadcast 4.JPG,差し替え
After LIKE,ウォニョン,Daum Cafe,,After LIKE/0057.jpg,0.974,0.653,172,330,03 - after like/11-daumcafe.JPG,差し替え
After LIKE,ウォニョン,Fansign,ATL ver.,After LIKE/0051.jpg,0.981,0.69,172,330,03 - after like/08-fansign.JPG,差し替え
After LIKE,ウォニョン,Jewel ver. POB,6+3set,After LIKE/0081.jpg,0.874,0.609,172,221,03 - after like/22-jewel9.JPG,差し替え
After LIKE,ウォニョン,Jewel ver. POB,6set,After LIKE/0075.jpg,0.969,0.725,172,330,03 - after like/21-jewel6.JPG,差し替え
After LIKE,ウォニョン,Ktown4U,,After LIKE/0099.jpg,0.599,0.56,172,330,03 - after like/20-jewel.JPG,
After LIKE,ウォニョン,MokketShop,,After LIKE/0201.jpg,0.968,0.667,172,330,03 - after like/36-mokketshop.jpg,差し替え
After LIKE,ウォニョン,Music Korea,,After LIKE/0213.jpg,0.959,0.74,172,330,03 - after like/38-musickorea.jpg,差し替え
After LIKE,ウォニョン,Namil Music,,After LIKE/0195.jpg,0.974,0.659,172,330,03 - after like/35-namil.JPG,差し替え
After LIKE,ウォニョン,Naver Shopping Live,,After LIKE/0129.jpg,0.941,0.477,172,330,03 - after like/29-navershoppinglive.JPG,差し替え
After LIKE,ウォニョン,POB,Circle Card,After LIKE/0027.jpg,0.456,0.388,175,151,03 - after like/35-namil.JPG,
After LIKE,ウォニョン,Soundwave,1.0,After LIKE/0123.jpg,0.979,0.699,172,330,03 - after like/28-soundwave1.JPG,差し替え
After LIKE,ウォニョン,Soundwave,3.0,After LIKE/0219.jpg,0.976,0.745,172,330,03 - after like/39-soundwave3.JPG,差し替え
After LIKE,ウォニョン,Soundwave,4.0,After LIKE/0237.jpg,0.956,0.568,172,330,03 - after like/42-soundwave4.JPG,差し替え
After LIKE,ウォニョン,Soundwave ラキドロ,2.0-1,After LIKE/0135.jpg,0.952,0.672,172,198,03 - after like/30-swluckydraw.JPG,
After LIKE,ウォニョン,Soundwave ラキドロ,2.0-2,After LIKE/0141.jpg,0.951,0.494,172,199,03 - after like/30-swluckydraw.JPG,
After LIKE,ウォニョン,Soundwave ラキドロ,2.0-3,After LIKE/0147.jpg,0.97,0.646,172,198,03 - after like/30-swluckydraw.JPG,
After LIKE,ウォニョン,StarRiver,,After LIKE/0225.jpg,0.954,0.645,172,330,03 - after like/40-starriver.JPG,差し替え
After LIKE,ウォニョン,Starship Square,CHU~♥ 1,After LIKE/0087.jpg,0.904,0.57,172,216,03 - after like/23-starship.JPG,差し替え
After LIKE,ウォニョン,Starship Square,CHU~♥ 2,After LIKE/0093.jpg,0.964,0.701,172,216,03 - after like/23-starship.JPG,差し替え
After LIKE,ウォニョン,TOU,1.0,After LIKE/0207.jpg,0.657,0.463,172,293,03 - after like/37-tou.jpg,
After LIKE,ウォニョン,Tower Records,1,After LIKE/0171.jpg,0.976,0.461,172,216,03 - after like/32-towerrecord.JPG,差し替え
After LIKE,ウォニョン,Tower Records,2,After LIKE/0177.jpg,0.339,0.283,172,187,03 - after like/32-towerrecord.JPG,
After LIKE,ウォニョン,mymusictaste,,After LIKE/0111.jpg,0.953,0.582,172,330,03 - after like/26-mmt.JPG,差し替え
After LIKE,ウォニョン,withmuu,1.0,After LIKE/0117.jpg,0.938,0.679,172,330,03 - after like/27-withmuu.jpg,差し替え
After LIKE,ウォニョン,withmuu,3.0,After LIKE/0231.jpg,0.94,0.656,172,330,03 - after like/41-withmuu3.JPG,差し替え
After LIKE,ウォニョン,withmuu ラキドロ,2.0-1,After LIKE/0153.jpg,0.95,0.6,172,199,03 - after like/31-wmluckydraw.JPG,
After LIKE,ウォニョン,withmuu ラキドロ,2.0-2,After LIKE/0159.jpg,0.965,0.591,172,199,03 - after like/31-wmluckydraw.JPG,
After LIKE,ウォニョン,withmuu ラキドロ,2.0-3,After LIKE/0165.jpg,0.456,0.373,172,169,03 - after like/31-wmluckydraw.JPG,
After LIKE,ウォニョン,本体封入,Jewel ver.,After LIKE/0039.jpg,0.97,0.575,172,330,03 - after like/20-jewel.JPG,差し替え
After LIKE,ウォニョン,本体封入,ver.1,After LIKE/0003.jpg,0.926,0.582,172,330,03 - after like/17-ver1.JPG,差し替え
After LIKE,ウォニョン,本体封入,ver.2,After LIKE/0009.jpg,0.946,0.778,172,330,03 - after like/18-ver2.JPG,差し替え
After LIKE,ウォニョン,本体封入,ver.3,After LIKE/0015.jpg,0.961,0.684,172,330,03 - after like/19-ver3.JPG,差し替え
After LIKE,ガウル,Apple Music,,After LIKE/0186.jpg,0.925,0.573,172,331,03 - after like/34-applemusic.JPG,差し替え
After LIKE,ガウル,Bandina,,After LIKE/0102.jpg,0.946,0.652,172,331,03 - after like/25-bandina.JPG,差し替え
After LIKE,ガウル,Beatroad,,After LIKE/0180.jpg,0.739,0.333,172,331,03 - after like/33-beatroad.JPG,
After LIKE,ガウル,Broadcast,After ver.,After LIKE/0060.jpg,0.953,0.453,172,216,03 - after like/16-openbroadcast 4.JPG,差し替え
After LIKE,ガウル,Broadcast,Like ver.,After LIKE/0066.jpg,0.94,0.57,172,331,03 - after like/14-openbroadcast 2.JPG,差し替え
After LIKE,ガウル,Daum Cafe,,After LIKE/0054.jpg,0.537,0.525,172,187,03 - after like/10-jewel.JPG,
After LIKE,ガウル,Fansign,ATL ver.,After LIKE/0048.jpg,0.942,0.51,172,331,03 - after like/08-fansign.JPG,差し替え
After LIKE,ガウル,Jewel ver. POB,6+3set,After LIKE/0078.jpg,0.786,0.587,172,220,03 - after like/22-jewel9.JPG,
After LIKE,ガウル,Jewel ver. POB,6set,After LIKE/0072.jpg,0.93,0.613,172,331,03 - after like/21-jewel6.JPG,差し替え
After LIKE,ガウル,Ktown4U,,After LIKE/0096.jpg,0.958,0.623,172,331,03 - after like/24-ktown4u.JPG,差し替え
After LIKE,ガウル,MokketShop,,After LIKE/0198.jpg,0.942,0.43,172,331,03 - after like/36-mokketshop.jpg,差し替え
After LIKE,ガウル,Music Korea,,After LIKE/0210.jpg,0.987,0.736,172,331,03 - after like/38-musickorea.jpg,差し替え
After LIKE,ガウル,Namil Music,,After LIKE/0192.jpg,0.962,0.414,172,331,03 - after like/35-namil.JPG,差し替え
After LIKE,ガウル,Naver Shopping Live,,After LIKE/0126.jpg,0.954,0.442,172,331,03 - after like/29-navershoppinglive.JPG,差し替え
After LIKE,ガウル,POB,Circle Card,After LIKE/0024.jpg,0.555,0.515,175,331,03 - after like/38-musickorea.jpg,
After LIKE,ガウル,Soundwave,1.0,After LIKE/0120.jpg,0.914,0.477,172,331,03 - after like/28-soundwave1.JPG,差し替え
After LIKE,ガウル,Soundwave,3.0,After LIKE/0216.jpg,0.408,0.4,172,330,03 - after like/14-openbroadcast 2.JPG,
After LIKE,ガウル,Soundwave,4.0,After LIKE/0234.jpg,0.954,0.476,172,331,03 - after like/42-soundwave4.JPG,差し替え
After LIKE,ガウル,Soundwave ラキドロ,2.0-1,After LIKE/0132.jpg,0.949,0.464,172,199,03 - after like/30-swluckydraw.JPG,
After LIKE,ガウル,Soundwave ラキドロ,2.0-2,After LIKE/0138.jpg,0.979,0.484,172,199,03 - after like/30-swluckydraw.JPG,
After LIKE,ガウル,Soundwave ラキドロ,2.0-3,After LIKE/0144.jpg,0.971,0.676,172,199,03 - after like/30-swluckydraw.JPG,
After LIKE,ガウル,StarRiver,,After LIKE/0222.jpg,0.92,0.347,172,331,03 - after like/40-starriver.JPG,差し替え
After LIKE,ガウル,Starship Square,CHU~♥ 1,After LIKE/0084.jpg,0.976,0.691,172,215,03 - after like/23-starship.JPG,差し替え
After LIKE,ガウル,Starship Square,CHU~♥ 2,After LIKE/0090.jpg,0.919,0.683,172,216,03 - after like/23-starship.JPG,差し替え
After LIKE,ガウル,TOU,1.0,After LIKE/0204.jpg,0.937,0.428,172,330,03 - after like/37-tou.jpg,差し替え
After LIKE,ガウル,Tower Records,1,After LIKE/0168.jpg,0.971,0.477,172,215,03 - after like/32-towerrecord.JPG,差し替え
After LIKE,ガウル,Tower Records,2,After LIKE/0174.jpg,0.595,0.463,172,186,03 - after like/32-towerrecord.JPG,
After LIKE,ガウル,mymusictaste,,After LIKE/0108.jpg,0.934,0.604,172,331,03 - after like/26-mmt.JPG,差し替え
After LIKE,ガウル,withmuu,1.0,After LIKE/0114.jpg,0.967,0.759,172,331,03 - after like/27-withmuu.jpg,差し替え
After LIKE,ガウル,withmuu,3.0,After LIKE/0228.jpg,0.959,0.385,172,331,03 - after like/41-withmuu3.JPG,差し替え
After LIKE,ガウル,withmuu ラキドロ,2.0-1,After LIKE/0150.jpg,0.945,0.472,172,199,03 - after like/31-wmluckydraw.JPG,
After LIKE,ガウル,withmuu ラキドロ,2.0-2,After LIKE/0156.jpg,0.96,0.521,172,199,03 - after like/31-wmluckydraw.JPG,
After LIKE,ガウル,withmuu ラキドロ,2.0-3,After LIKE/0162.jpg,0.403,0.372,172,330,03 - after like/39-soundwave3.JPG,
After LIKE,ガウル,本体封入,Jewel ver.,After LIKE/0036.jpg,0.939,0.671,172,187,03 - after like/10-jewel.JPG,
After LIKE,ガウル,本体封入,ver.1,After LIKE/0000.jpg,0.936,0.485,172,331,03 - after like/17-ver1.JPG,差し替え
After LIKE,ガウル,本体封入,ver.2,After LIKE/0006.jpg,0.905,0.578,172,331,03 - after like/18-ver2.JPG,差し替え
After LIKE,ガウル,本体封入,ver.3,After LIKE/0012.jpg,0.663,0.608,172,331,03 - after like/19-ver3.JPG,
After LIKE,ユジン,Apple Music,,After LIKE/0187.jpg,0.959,0.639,172,331,03 - after like/34-applemusic.JPG,差し替え
After LIKE,ユジン,Bandina,,After LIKE/0103.jpg,0.958,0.557,172,331,03 - after like/25-bandina.JPG,差し替え
After LIKE,ユジン,Beatroad,,After LIKE/0181.jpg,0.952,0.603,172,331,03 - after like/33-beatroad.JPG,差し替え
After LIKE,ユジン,Broadcast,After ver.,After LIKE/0061.jpg,0.979,0.524,172,216,03 - after like/16-openbroadcast 4.JPG,差し替え
After LIKE,ユジン,Broadcast,Like ver.,After LIKE/0067.jpg,0.959,0.68,172,216,03 - after like/16-openbroadcast 4.JPG,差し替え
After LIKE,ユジン,Daum Cafe,,After LIKE/0055.jpg,0.974,0.7,172,331,03 - after like/11-daumcafe.JPG,差し替え
After LIKE,ユジン,Fansign,ATL ver.,After LIKE/0049.jpg,0.973,0.612,172,331,03 - after like/08-fansign.JPG,差し替え
After LIKE,ユジン,Jewel ver. POB,6+3set,After LIKE/0079.jpg,0.701,0.514,172,219,03 - after like/22-jewel9.JPG,
After LIKE,ユジン,Jewel ver. POB,6set,After LIKE/0073.jpg,0.955,0.625,172,331,03 - after like/21-jewel6.JPG,差し替え
After LIKE,ユジン,Ktown4U,,After LIKE/0097.jpg,0.95,0.639,172,331,03 - after like/24-ktown4u.JPG,差し替え
After LIKE,ユジン,MokketShop,,After LIKE/0199.jpg,0.954,0.685,172,331,03 - after like/36-mokketshop.jpg,差し替え
After LIKE,ユジン,Music Korea,,After LIKE/0211.jpg,0.905,0.553,172,331,03 - after like/38-musickorea.jpg,差し替え
After LIKE,ユジン,Namil Music,,After LIKE/0193.jpg,0.981,0.617,172,331,03 - after like/35-namil.JPG,差し替え
After LIKE,ユジン,Naver Shopping Live,,After LIKE/0127.jpg,0.956,0.597,172,331,03 - after like/29-navershoppinglive.JPG,差し替え
After LIKE,ユジン,POB,Circle Card,After LIKE/0025.jpg,0.336,0.263,175,331,03 - after like/17-ver1.JPG,
After LIKE,ユジン,Soundwave,1.0,After LIKE/0121.jpg,0.963,0.619,172,331,03 - after like/28-soundwave1.JPG,差し替え
After LIKE,ユジン,Soundwave,3.0,After LIKE/0217.jpg,0.966,0.622,172,331,03 - after like/39-soundwave3.JPG,差し替え
After LIKE,ユジン,Soundwave,4.0,After LIKE/0235.jpg,0.946,0.628,172,331,03 - after like/42-soundwave4.JPG,差し替え
After LIKE,ユジン,Soundwave ラキドロ,2.0-1,After LIKE/0133.jpg,0.975,0.556,172,198,03 - after like/30-swluckydraw.JPG,
After LIKE,ユジン,Soundwave ラキドロ,2.0-2,After LIKE/0139.jpg,0.973,0.527,172,198,03 - after like/30-swluckydraw.JPG,
After LIKE,ユジン,Soundwave ラキドロ,2.0-3,After LIKE/0145.jpg,0.976,0.529,172,199,03 - after like/30-swluckydraw.JPG,
After LIKE,ユジン,StarRiver,,After LIKE/0223.jpg,0.951,0.473,172,331,03 - after like/40-starriver.JPG,差し替え
After LIKE,ユジン,Starship Square,CHU~♥ 1,After LIKE/0085.jpg,0.967,0.659,172,216,03 - after like/23-starship.JPG,差し替え
After LIKE,ユジン,Starship Square,CHU~♥ 2,After LIKE/0091.jpg,0.909,0.466,172,215,03 - after like/23-starship.JPG,差し替え
After LIKE,ユジン,TOU,1.0,After LIKE/0205.jpg,0.954,0.592,172,331,03 - after like/37-tou.jpg,差し替え
After LIKE,ユジン,Tower Records,1,After LIKE/0169.jpg,0.977,0.773,172,256,03 - after like/12-mk-fansign.jpg,差し替え
After LIKE,ユジン,Tower Records,2,After LIKE/0175.jpg,0.483,0.455,172,331,03 - after like/17-ver1.JPG,
After LIKE,ユジン,mymusictaste,,After LIKE/0109.jpg,0.916,0.638,172,331,03 - after like/26-mmt.JPG,差し替え
After LIKE,ユジン,withmuu,1.0,After LIKE/0115.jpg,0.965,0.733,172,331,03 - after like/27-withmuu.jpg,差し替え
After LIKE,ユジン,withmuu,3.0,After LIKE/0229.jpg,0.954,0.539,172,331,03 - after like/41-withmuu3.JPG,差し替え
After LIKE,ユジン,withmuu ラキドロ,2.0-1,After LIKE/0151.jpg,0.97,0.54,172,198,03 - after like/31-wmluckydraw.JPG,
After LIKE,ユジン,withmuu ラキドロ,2.0-2,After LIKE/0157.jpg,0.982,0.708,172,199,03 - after like/31-wmluckydraw.JPG,
After LIKE,ユジン,withmuu ラキドロ,2.0-3,After LIKE/0163.jpg,0.287,0.228,172,217,03 - after like/32-towerrecord.JPG,
After LIKE,ユジン,本体封入,Jewel ver.,After LIKE/0037.jpg,0.979,0.633,172,187,03 - after like/10-jewel.JPG,
After LIKE,ユジン,本体封入,ver.1,After LIKE/0001.jpg,0.966,0.662,172,331,03 - after like/17-ver1.JPG,差し替え
After LIKE,ユジン,本体封入,ver.2,After LIKE/0007.jpg,0.916,0.535,172,331,03 - after like/18-ver2.JPG,差し替え
After LIKE,ユジン,本体封入,ver.3,After LIKE/0013.jpg,0.944,0.467,172,331,03 - after like/19-ver3.JPG,差し替え
After LIKE,リズ,Apple Music,,After LIKE/0190.jpg,0.966,0.575,172,331,03 - after like/34-applemusic.JPG,差し替え
After LIKE,リズ,Bandina,,After LIKE/0106.jpg,0.971,0.557,172,331,03 - after like/25-bandina.JPG,差し替え
After LIKE,リズ,Beatroad,,After LIKE/0184.jpg,0.973,0.498,172,331,03 - after like/33-beatroad.JPG,差し替え
After LIKE,リズ,Broadcast,After ver.,After LIKE/0064.jpg,0.974,0.622,172,331,03 - after like/13-openbroadcast 1.JPG,差し替え
After LIKE,リズ,Broadcast,Like ver.,After LIKE/0070.jpg,0.909,0.598,172,216,03 - after like/16-openbroadcast 4.JPG,差し替え
After LIKE,リズ,Daum Cafe,,After LIKE/0058.jpg,0.984,0.663,172,331,03 - after like/11-daumcafe.JPG,差し替え
After LIKE,リズ,Fansign,ATL ver.,After LIKE/0052.jpg,0.977,0.526,172,331,03 - after like/08-fansign.JPG,差し替え
After LIKE,リズ,Jewel ver. POB,6+3set,After LIKE/0082.jpg,0.81,0.531,172,221,03 - after like/22-jewel9.JPG,差し替え
After LIKE,リズ,Jewel ver. POB,6set,After LIKE/0076.jpg,0.974,0.665,172,331,03 - after like/21-jewel6.JPG,差し替え
After LIKE,リズ,Ktown4U,,After LIKE/0100.jpg,0.903,0.688,172,331,03 - after like/24-ktown4u.JPG,差し替え
After LIKE,リズ,MokketShop,,After LIKE/0202.jpg,0.956,0.701,172,331,03 - after like/36-mokketshop.jpg,差し替え
After LIKE,リズ,Music Korea,,After LIKE/0214.jpg,0.941,0.654,172,331,03 - after like/38-musickorea.jpg,差し替え
After LIKE,リズ,Namil Music,,After LIKE/0196.jpg,0.979,0.704,172,331,03 - after like/35-namil.JPG,差し替え
After LIKE,リズ,Naver Shopping Live,,After LIKE/0130.jpg,0.975,0.486,172,331,03 - after like/29-navershoppinglive.JPG,差し替え
After LIKE,リズ,POB,Circle Card,After LIKE/0028.jpg,0.509,0.44,175,331,03 - after like/17-ver1.JPG,
After LIKE,リズ,Soundwave,1.0,After LIKE/0124.jpg,0.94,0.709,172,331,03 - after like/28-soundwave1.JPG,差し替え
After LIKE,リズ,Soundwave,3.0,After LIKE/0220.jpg,0.978,0.638,172,331,03 - after like/39-soundwave3.JPG,差し替え
After LIKE,リズ,Soundwave,4.0,After LIKE/0238.jpg,0.955,0.592,172,331,03 - after like/42-soundwave4.JPG,差し替え
After LIKE,リズ,Soundwave ラキドロ,2.0-1,After LIKE/0136.jpg,0.988,0.669,172,199,03 - after like/30-swluckydraw.JPG,
After LIKE,リズ,Soundwave ラキドロ,2.0-2,After LIKE/0142.jpg,0.978,0.714,172,199,03 - after like/30-swluckydraw.JPG,
After LIKE,リズ,Soundwave ラキドロ,2.0-3,After LIKE/0148.jpg,0.959,0.555,172,198,03 - after like/30-swluckydraw.JPG,
After LIKE,リズ,StarRiver,,After LIKE/0226.jpg,0.921,0.542,172,331,03 - after like/40-starriver.JPG,差し替え
After LIKE,リズ,Starship Square,CHU~♥ 1,After LIKE/0088.jpg,0.925,0.57,172,217,03 - after like/23-starship.JPG,差し替え
After LIKE,リズ,Starship Square,CHU~♥ 2,After LIKE/0094.jpg,0.929,0.462,172,216,03 - after like/23-starship.JPG,差し替え
After LIKE,リズ,TOU,1.0,After LIKE/0208.jpg,0.929,0.682,172,331,03 - after like/37-tou.jpg,差し替え
After LIKE,リズ,Tower Records,1,After LIKE/0172.jpg,0.944,0.376,172,217,03 - after like/32-towerrecord.JPG,差し替え
After LIKE,リズ,Tower Records,2,After LIKE/0178.jpg,0.498,0.418,172,186,03 - after like/32-towerrecord.JPG,
After LIKE,リズ,mymusictaste,,After LIKE/0112.jpg,0.976,0.601,172,331,03 - after like/26-mmt.JPG,差し替え
After LIKE,リズ,withmuu,1.0,After LIKE/0118.jpg,0.963,0.572,172,331,03 - after like/27-withmuu.jpg,差し替え
After LIKE,リズ,withmuu,3.0,After LIKE/0232.jpg,0.959,0.451,172,331,03 - after like/41-withmuu3.JPG,差し替え
After LIKE,リズ,withmuu ラキドロ,2.0-1,After LIKE/0154.jpg,0.973,0.581,172,199,03 - after like/31-wmluckydraw.JPG,
After LIKE,リズ,withmuu ラキドロ,2.0-2,After LIKE/0160.jpg,0.982,0.616,172,199,03 - after like/31-wmluckydraw.JPG,
After LIKE,リズ,withmuu ラキドロ,2.0-3,After LIKE/0166.jpg,0.495,0.388,172,169,03 - after like/31-wmluckydraw.JPG,
After LIKE,リズ,本体封入,Jewel ver.,After LIKE/0040.jpg,0.97,0.466,172,331,03 - after like/20-jewel.JPG,差し替え
After LIKE,リズ,本体封入,ver.1,After LIKE/0004.jpg,0.982,0.56,172,331,03 - after like/17-ver1.JPG,差し替え
After LIKE,リズ,本体封入,ver.2,After LIKE/0010.jpg,0.923,0.52,172,331,03 - after like/18-ver2.JPG,差し替え
After LIKE,リズ,本体封入,ver.3,After LIKE/0016.jpg,0.984,0.649,172,331,03 - after like/19-ver3.JPG,差し替え
After LIKE,レイ,Apple Music,,After LIKE/0188.jpg,0.973,0.778,172,330,03 - after like/34-applemusic.JPG,差し替え
After LIKE,レイ,Bandina,,After LIKE/0104.jpg,0.905,0.459,172,330,03 - after like/25-bandina.JPG,差し替え
After LIKE,レイ,Beatroad,,After LIKE/0182.jpg,0.977,0.503,172,330,03 - after like/33-beatroad.JPG,差し替え
After LIKE,レイ,Broadcast,After ver.,After LIKE/0062.jpg,0.982,0.781,172,215,03 - after like/16-openbroadcast 4.JPG,差し替え
After LIKE,レイ,Broadcast,Like ver.,After LIKE/0068.jpg,0.97,0.648,172,215,03 - after like/16-openbroadcast 4.JPG,差し替え
After LIKE,レイ,Daum Cafe,,After LIKE/0056.jpg,0.973,0.611,172,330,03 - after like/11-daumcafe.JPG,差し替え
After LIKE,レイ,Fansign,ATL ver.,After LIKE/0050.jpg,0.933,0.548,172,330,03 - after like/08-fansign.JPG,差し替え
After LIKE,レイ,Jewel ver. POB,6+3set,After LIKE/0080.jpg,0.856,0.573,172,221,03 - after like/22-jewel9.JPG,差し替え
After LIKE,レイ,Jewel ver. POB,6set,After LIKE/0074.jpg,0.91,0.529,172,330,03 - after like/21-jewel6.JPG,差し替え
After LIKE,レイ,Ktown4U,,After LIKE/0098.jpg,0.953,0.815,172,330,03 - after like/24-ktown4u.JPG,差し替え
After LIKE,レイ,MokketShop,,After LIKE/0200.jpg,0.958,0.596,172,330,03 - after like/36-mokketshop.jpg,差し替え
After LIKE,レイ,Music Korea,,After LIKE/0212.jpg,0.957,0.611,172,330,03 - after like/38-musickorea.jpg,差し替え
After LIKE,レイ,Namil Music,,After LIKE/0194.jpg,0.958,0.585,172,330,03 - after like/35-namil.JPG,差し替え
After LIKE,レイ,Naver Shopping Live,,After LIKE/0128.jpg,0.974,0.583,172,330,03 - after like/29-navershoppinglive.JPG,差し替え
After LIKE,レイ,POB,Circle Card,After LIKE/0026.jpg,0.42,0.332,175,331,03 - after like/17-ver1.JPG,
After LIKE,レイ,Soundwave,1.0,After LIKE/0122.jpg,0.985,0.781,172,330,03 - after like/28-soundwave1.JPG,差し替え
After LIKE,レイ,Soundwave,3.0,After LIKE/0218.jpg,0.968,0.616,172,330,03 - after like/39-soundwave3.JPG,差し替え
After LIKE,レイ,Soundwave,4.0,After LIKE/0236.jpg,0.934,0.512,172,330,03 - after like/42-soundwave4.JPG,差し替え
After LIKE,レイ,Soundwave ラキドロ,2.0-1,After LIKE/0134.jpg,0.988,0.668,172,199,03 - after like/30-swluckydraw.JPG,
After LIKE,レイ,Soundwave ラキドロ,2.0-2,After LIKE/0140.jpg,0.945,0.552,172,198,03 - after like/30-swluckydraw.JPG,
After LIKE,レイ,Soundwave ラキドロ,2.0-3,After LIKE/0146.jpg,0.963,0.579,172,199,03 - after like/30-swluckydraw.JPG,
After LIKE,レイ,StarRiver,,After LIKE/0224.jpg,0.918,0.468,172,330,03 - after like/40-starriver.JPG,差し替え
After LIKE,レイ,Starship Square,CHU~♥ 1,After LIKE/0086.jpg,0.967,0.633,172,215,03 - after like/23-starship.JPG,差し替え
After LIKE,レイ,Starship Square,CHU~♥ 2,After LIKE/0092.jpg,0.983,0.66,172,216,03 - after like/23-starship.JPG,差し替え
After LIKE,レイ,TOU,1.0,After LIKE/0206.jpg,0.953,0.855,172,329,03 - after like/37-tou.jpg,差し替え
After LIKE,レイ,Tower Records,1,After LIKE/0170.jpg,0.979,0.902,172,256,03 - after like/12-mk-fansign.jpg,差し替え
After LIKE,レイ,Tower Records,2,After LIKE/0176.jpg,0.285,0.267,172,187,03 - after like/32-towerrecord.JPG,
After LIKE,レイ,mymusictaste,,After LIKE/0110.jpg,0.941,0.599,172,330,03 - after like/26-mmt.JPG,差し替え
After LIKE,レイ,withmuu,1.0,After LIKE/0116.jpg,0.967,0.424,172,329,03 - after like/27-withmuu.jpg,差し替え
After LIKE,レイ,withmuu,3.0,After LIKE/0230.jpg,0.96,0.499,172,330,03 - after like/41-withmuu3.JPG,差し替え
After LIKE,レイ,withmuu ラキドロ,2.0-1,After LIKE/0152.jpg,0.976,0.553,172,199,03 - after like/31-wmluckydraw.JPG,
After LIKE,レイ,withmuu ラキドロ,2.0-2,After LIKE/0158.jpg,0.957,0.523,172,198,03 - after like/31-wmluckydraw.JPG,
After LIKE,レイ,withmuu ラキドロ,2.0-3,After LIKE/0164.jpg,0.371,0.318,172,170,03 - after like/31-wmluckydraw.JPG,
After LIKE,レイ,本体封入,Jewel ver.,After LIKE/0038.jpg,0.955,0.649,172,185,03 - after like/10-jewel.JPG,
After LIKE,レイ,本体封入,ver.1,After LIKE/0002.jpg,0.935,0.595,172,330,03 - after like/17-ver1.JPG,差し替え
After LIKE,レイ,本体封入,ver.2,After LIKE/0008.jpg,0.91,0.491,172,331,03 - after like/18-ver2.JPG,差し替え
After LIKE,レイ,本体封入,ver.3,After LIKE/0014.jpg,0.966,0.688,172,331,03 - after like/19-ver3.JPG,差し替え
ELEVEN,イソ,Daum Cafe,,eleven/0173.jpg,1.0,0.672,331,331,01 - eleven/10-daum cafe.JPG,
ELEVEN,イソ,EVERLINE,1.0,eleven/0125.jpg,0.999,0.454,165,331,01 - eleven/23-el1.JPG,差し替え
ELEVEN,イソ,EVERLINE,2.0,eleven/0155.jpg,0.998,0.744,165,331,01 - eleven/27-el2.JPG,差し替え
ELEVEN,イソ,JoeunMusic,,eleven/0161.jpg,0.999,0.559,165,331,01 - eleven/28-jm.JPG,差し替え
ELEVEN,イソ,Ktown4U,,eleven/0047.jpg,0.997,0.805,165,331,01 - eleven/13-ktown4u.JPG,差し替え
ELEVEN,イソ,Makestar,1.0,eleven/0131.jpg,0.999,0.827,165,331,01 - eleven/22-ms1.JPG,差し替え
ELEVEN,イソ,Makestar,2.0,eleven/0167.jpg,0.999,0.488,165,331,01 - eleven/29-ms2.JPG,差し替え
ELEVEN,イソ,POB,ID Card,eleven/0023.jpg,0.573,0.528,87,331,01 - eleven/23-el1.JPG,
ELEVEN,イソ,POB,Message Card,eleven/0029.jpg,0.354,0.337,163,329,01 - eleven/15-yzy1.JPG,
ELEVEN,イソ,Shopee,,eleven/0077.jpg,0.998,0.517,165,331,01 - eleven/18-shopee.JPG,差し替え
ELEVEN,イソ,Soundwave,1.0,eleven/0053.jpg,0.997,0.527,165,331,01 - eleven/14-sw1.JPG,差し替え
ELEVEN,イソ,Soundwave,3.0,eleven/0149.jpg,0.999,0.39,165,331,01 - eleven/26-sw3.JPG,差し替え
ELEVEN,イソ,Soundwave ラキドロ,2.0 POLA,eleven/0101.jpg,0.909,0.598,148,178,01 - eleven/19-sw2.JPG,
ELEVEN,イソ,Soundwave ラキドロ,2.0-1,eleven/0089.jpg,0.999,0.714,165,199,01 - eleven/19-sw2.JPG,
ELEVEN,イソ,Soundwave ラキドロ,2.0-2,eleven/0095.jpg,0.971,0.617,165,199,01 - eleven/19-sw2.JPG,
ELEVEN,イソ,Starship Square,1,eleven/0035.jpg,1.0,0.51,165,216,01 - eleven/12-starship.JPG,差し替え
ELEVEN,イソ,Starship Square,2,eleven/0041.jpg,0.995,0.498,165,215,01 - eleven/12-starship.JPG,差し替え
ELEVEN,イソ,Tower Records,,eleven/0071.jpg,0.371,0.29,165,198,01 - eleven/19-sw2.JPG,
ELEVEN,イソ,Withdrama,3.0,eleven/0137.jpg,0.997,0.389,165,331,01 - eleven/24-wd3.JPG,差し替え
ELEVEN,イソ,Withdrama ラキドロ,2.0 POLA,eleven/0119.jpg,0.719,0.595,165,197,01 - eleven/20-wd2.JPG,
ELEVEN,イソ,Withdrama ラキドロ,2.0-1,eleven/0107.jpg,0.999,0.639,165,199,01 - eleven/20-wd2.JPG,
ELEVEN,イソ,Withdrama ラキドロ,2.0-2,eleven/0113.jpg,0.996,0.658,165,199,01 - eleven/20-wd2.JPG,
ELEVEN,イソ,Wonderwall,,eleven/0143.jpg,0.998,0.594,165,331,01 - eleven/25-ww.JPG,差し替え
ELEVEN,イソ,Yizhiyu,1.0,eleven/0059.jpg,0.477,0.448,139,215,01 - eleven/12-starship.JPG,
ELEVEN,イソ,Yizhiyu,2.0,eleven/0065.jpg,0.996,0.532,165,330,01 - eleven/16-yzy2.JPG,差し替え
ELEVEN,イソ,mymusictaste,,eleven/0083.jpg,0.998,0.555,165,330,01 - eleven/21-mmt.JPG,差し替え
ELEVEN,イソ,本体封入,ver.1,eleven/0005.jpg,0.586,0.57,165,215,01 - eleven/12-starship.JPG,
ELEVEN,イソ,本体封入,ver.2,eleven/0011.jpg,0.589,0.577,165,331,01 - eleven/24-wd3.JPG,
ELEVEN,ウォニョン,Daum Cafe,,eleven/0171.jpg,1.0,0.831,331,331,01 - eleven/10-daum cafe.JPG,
ELEVEN,ウォニョン,EVERLINE,1.0,eleven/0123.jpg,0.997,0.528,165,330,01 - eleven/23-el1.JPG,差し替え
ELEVEN,ウォニョン,EVERLINE,2.0,eleven/0153.jpg,0.999,0.744,165,331,01 - eleven/27-el2.JPG,差し替え
ELEVEN,ウォニョン,JoeunMusic,,eleven/0159.jpg,0.999,0.638,165,331,01 - eleven/28-jm.JPG,差し替え
ELEVEN,ウォニョン,Ktown4U,,eleven/0045.jpg,0.997,0.491,165,330,01 - eleven/13-ktown4u.JPG,差し替え
ELEVEN,ウォニョン,Makestar,1.0,eleven/0129.jpg,0.998,0.422,165,331,01 - eleven/22-ms1.JPG,差し替え
ELEVEN,ウォニョン,Makestar,2.0,eleven/0165.jpg,0.999,0.63,165,330,01 - eleven/29-ms2.JPG,差し替え
ELEVEN,ウォニョン,POB,ID Card,eleven/0021.jpg,0.541,0.434,95,331,01 - eleven/25-ww.JPG,
ELEVEN,ウォニョン,POB,Message Card,eleven/0027.jpg,0.397,0.359,163,331,01 - eleven/23-el1.JPG,
ELEVEN,ウォニョン,Shopee,,eleven/0075.jpg,0.998,0.659,165,330,01 - eleven/18-shopee.JPG,差し替え
ELEVEN,ウォニョン,Soundwave,1.0,eleven/0051.jpg,0.996,0.542,165,331,01 - eleven/14-sw1.JPG,差し替え
ELEVEN,ウォニョン,Soundwave,3.0,eleven/0147.jpg,0.998,0.572,165,331,01 - eleven/26-sw3.JPG,差し替え
ELEVEN,ウォニョン,Soundwave ラキドロ,2.0 POLA,eleven/0099.jpg,0.724,0.621,165,197,01 - eleven/19-sw2.JPG,
ELEVEN,ウォニョン,Soundwave ラキドロ,2.0-1,eleven/0087.jpg,0.999,0.61,165,199,01 - eleven/19-sw2.JPG,
ELEVEN,ウォニョン,Soundwave ラキドロ,2.0-2,eleven/0093.jpg,0.996,0.565,165,198,01 - eleven/19-sw2.JPG,
ELEVEN,ウォニョン,Starship Square,1,eleven/0033.jpg,0.999,0.515,165,216,01 - eleven/12-starship.JPG,差し替え
ELEVEN,ウォニョン,Starship Square,2,eleven/0039.jpg,0.998,0.628,165,216,01 - eleven/12-starship.JPG,差し替え
ELEVEN,ウォニョン,Tower Records,,eleven/0069.jpg,0.513,0.414,166,199,01 - eleven/20-wd2.JPG,
ELEVEN,ウォニョン,Withdrama,3.0,eleven/0135.jpg,0.999,0.64,165,331,01 - eleven/24-wd3.JPG,差し替え
ELEVEN,ウォニョン,Withdrama ラキドロ,2.0 POLA,eleven/0117.jpg,0.547,0.408,154,183,01 - eleven/20-wd2.JPG,
ELEVEN,ウォニョン,Withdrama ラキドロ,2.0-1,eleven/0105.jpg,0.996,0.46,165,198,01 - eleven/20-wd2.JPG,
ELEVEN,ウォニョン,Withdrama ラキドロ,2.0-2,eleven/0111.jpg,0.998,0.748,165,199,01 - eleven/20-wd2.JPG,
ELEVEN,ウォニョン,Wonderwall,,eleven/0141.jpg,0.997,0.588,165,330,01 - eleven/25-ww.JPG,差し替え
ELEVEN,ウォニョン,Yizhiyu,1.0,eleven/0057.jpg,0.477,0.407,151,329,01 - eleven/15-yzy1.JPG,
ELEVEN,ウォニョン,Yizhiyu,2.0,eleven/0063.jpg,0.999,0.69,165,331,01 - eleven/16-yzy2.JPG,差し替え
ELEVEN,ウォニョン,mymusictaste,,eleven/0081.jpg,0.995,0.833,165,330,01 - eleven/21-mmt.JPG,差し替え
ELEVEN,ウォニョン,本体封入,ver.1,eleven/0003.jpg,0.652,0.651,165,216,01 - eleven/12-starship.JPG,
ELEVEN,ウォニョン,本体封入,ver.2,eleven/0009.jpg,0.389,0.365,165,198,01 - eleven/20-wd2.JPG,
ELEVEN,ガウル,Daum Cafe,,eleven/0168.jpg,1.0,0.62,331,331,01 - eleven/10-daum cafe.JPG,
ELEVEN,ガウル,EVERLINE,1.0,eleven/0120.jpg,0.998,0.575,165,331,01 - eleven/23-el1.JPG,差し替え
ELEVEN,ガウル,EVERLINE,2.0,eleven/0150.jpg,0.997,0.468,165,331,01 - eleven/27-el2.JPG,差し替え
ELEVEN,ガウル,JoeunMusic,,eleven/0156.jpg,0.997,0.464,165,330,01 - eleven/28-jm.JPG,差し替え
ELEVEN,ガウル,Ktown4U,,eleven/0042.jpg,0.997,0.492,165,331,01 - eleven/13-ktown4u.JPG,差し替え
ELEVEN,ガウル,Makestar,1.0,eleven/0126.jpg,0.998,0.56,165,331,01 - eleven/22-ms1.JPG,差し替え
ELEVEN,ガウル,Makestar,2.0,eleven/0162.jpg,0.998,0.553,165,331,01 - eleven/29-ms2.JPG,差し替え
ELEVEN,ガウル,POB,ID Card,eleven/0018.jpg,0.556,0.502,86,215,01 - eleven/12-starship.JPG,
ELEVEN,ガウル,POB,Message Card,eleven/0024.jpg,0.421,0.333,163,199,01 - eleven/20-wd2.JPG,
ELEVEN,ガウル,Shopee,,eleven/0072.jpg,0.998,0.565,165,331,01 - eleven/18-shopee.JPG,差し替え
ELEVEN,ガウル,Soundwave,1.0,eleven/0048.jpg,0.997,0.511,165,331,01 - eleven/14-sw1.JPG,差し替え
ELEVEN,ガウル,Soundwave,3.0,eleven/0144.jpg,0.997,0.525,165,331,01 - eleven/26-sw3.JPG,差し替え
ELEVEN,ガウル,Soundwave ラキドロ,2.0 POLA,eleven/0096.jpg,0.758,0.638,158,198,01 - eleven/19-sw2.JPG,
ELEVEN,ガウル,Soundwave ラキドロ,2.0-1,eleven/0084.jpg,1.0,0.618,165,199,01 - eleven/19-sw2.JPG,
ELEVEN,ガウル,Soundwave ラキドロ,2.0-2,eleven/0090.jpg,0.996,0.671,165,199,01 - eleven/19-sw2.JPG,
ELEVEN,ガウル,Starship Square,1,eleven/0030.jpg,0.998,0.504,165,216,01 - eleven/12-starship.JPG,差し替え
ELEVEN,ガウル,Starship Square,2,eleven/0036.jpg,0.996,0.627,165,216,01 - eleven/12-starship.JPG,差し替え
ELEVEN,ガウル,Tower Records,,eleven/0066.jpg,0.249,0.245,165,171,01 - eleven/20-wd2.JPG,
ELEVEN,ガウル,Withdrama,3.0,eleven/0132.jpg,0.991,0.314,165,331,01 - eleven/24-wd3.JPG,差し替え
ELEVEN,ガウル,Withdrama ラキドロ,2.0 POLA,eleven/0114.jpg,0.747,0.692,165,197,01 - eleven/20-wd2.JPG,
ELEVEN,ガウル,Withdrama ラキドロ,2.0-1,eleven/0102.jpg,0.998,0.552,165,199,01 - eleven/20-wd2.JPG,
ELEVEN,ガウル,Withdrama ラキドロ,2.0-2,eleven/0108.jpg,0.997,0.713,165,199,01 - eleven/20-wd2.JPG,
ELEVEN,ガウル,Wonderwall,,eleven/0138.jpg,0.995,0.391,165,330,01 - eleven/25-ww.JPG,差し替え
ELEVEN,ガウル,Yizhiyu,1.0,eleven/0054.jpg,0.621,0.452,156,330,01 - eleven/15-yzy1.JPG,
ELEVEN,ガウル,Yizhiyu,2.0,eleven/0060.jpg,0.998,0.636,165,330,01 - eleven/16-yzy2.JPG,差し替え
ELEVEN,ガウル,mymusictaste,,eleven/0078.jpg,0.998,0.617,165,331,01 - eleven/21-mmt.JPG,差し替え
ELEVEN,ガウル,本体封入,ver.1,eleven/0000.jpg,0.556,0.527,165,199,01 - eleven/20-wd2.JPG,
ELEVEN,ガウル,本体封入,ver.2,eleven/0006.jpg,0.427,0.401,165,199,01 - eleven/20-wd2.JPG,
ELEVEN,ユジン,Daum Cafe,,eleven/0169.jpg,1.0,0.634,332,332,01 - eleven/10-daum cafe.JPG,
ELEVEN,ユジン,EVERLINE,1.0,eleven/0121.jpg,0.999,0.654,165,330,01 - eleven/23-el1.JPG,差し替え
ELEVEN,ユジン,EVERLINE,2.0,eleven/0151.jpg,1.0,0.607,165,331,01 - eleven/27-el2.JPG,差し替え
ELEVEN,ユジン,JoeunMusic,,eleven/0157.jpg,0.999,0.635,165,331,01 - eleven/28-jm.JPG,差し替え
ELEVEN,ユジン,Ktown4U,,eleven/0043.jpg,0.999,0.595,165,330,01 - eleven/13-ktown4u.JPG,差し替え
ELEVEN,ユジン,Makestar,1.0,eleven/0127.jpg,0.998,0.373,165,329,01 - eleven/22-ms1.JPG,差し替え
ELEVEN,ユジン,Makestar,2.0,eleven/0163.jpg,1.0,0.668,165,331,01 - eleven/29-ms2.JPG,差し替え
ELEVEN,ユジン,POB,ID Card,eleven/0019.jpg,0.6,0.419,86,216,01 - eleven/12-starship.JPG,
ELEVEN,ユジン,POB,Message Card,eleven/0025.jpg,0.433,0.403,162,199,01 - eleven/20-wd2.JPG,
ELEVEN,ユジン,Shopee,,eleven/0073.jpg,0.998,0.632,165,330,01 - eleven/18-shopee.JPG,差し替え
ELEVEN,ユジン,Soundwave,1.0,eleven/0049.jpg,0.996,0.617,165,332,01 - eleven/14-sw1.JPG,差し替え
ELEVEN,ユジン,Soundwave,3.0,eleven/0145.jpg,0.981,0.429,165,331,01 - eleven/26-sw3.JPG,差し替え
ELEVEN,ユジン,Soundwave ラキドロ,2.0 POLA,eleven/0097.jpg,0.62,0.587,156,172,01 - eleven/19-sw2.JPG,
ELEVEN,ユジン,Soundwave ラキドロ,2.0-1,eleven/0085.jpg,0.996,0.635,165,198,01 - eleven/19-sw2.JPG,
ELEVEN,ユジン,Soundwave ラキドロ,2.0-2,eleven/0091.jpg,0.997,0.74,165,199,01 - eleven/19-sw2.JPG,
ELEVEN,ユジン,Starship Square,1,eleven/0031.jpg,0.996,0.561,165,215,01 - eleven/12-starship.JPG,差し替え
ELEVEN,ユジン,Starship Square,2,eleven/0037.jpg,0.993,0.63,165,216,01 - eleven/12-starship.JPG,差し替え
ELEVEN,ユジン,Tower Records,,eleven/0067.jpg,0.345,0.319,165,331,01 - eleven/25-ww.JPG,
ELEVEN,ユジン,Withdrama,3.0,eleven/0133.jpg,0.997,0.487,165,332,01 - eleven/24-wd3.JPG,差し替え
ELEVEN,ユジン,Withdrama ラキドロ,2.0 POLA,eleven/0115.jpg,0.581,0.499,144,171,01 - eleven/20-wd2.JPG,
ELEVEN,ユジン,Withdrama ラキドロ,2.0-1,eleven/0103.jpg,0.995,0.721,165,198,01 - eleven/20-wd2.JPG,
ELEVEN,ユジン,Withdrama ラキドロ,2.0-2,eleven/0109.jpg,0.984,0.673,165,199,01 - eleven/20-wd2.JPG,
ELEVEN,ユジン,Wonderwall,,eleven/0139.jpg,0.997,0.46,165,331,01 - eleven/25-ww.JPG,差し替え
ELEVEN,ユジン,Yizhiyu,1.0,eleven/0055.jpg,0.658,0.604,142,329,01 - eleven/15-yzy1.JPG,
ELEVEN,ユジン,Yizhiyu,2.0,eleven/0061.jpg,0.999,0.659,165,331,01 - eleven/16-yzy2.JPG,差し替え
ELEVEN,ユジン,mymusictaste,,eleven/0079.jpg,0.997,0.58,165,332,01 - eleven/21-mmt.JPG,差し替え
ELEVEN,ユジン,本体封入,ver.1,eleven/0001.jpg,0.57,0.569,165,199,01 - eleven/20-wd2.JPG,
ELEVEN,ユジン,本体封入,ver.2,eleven/0007.jpg,0.785,0.771,165,198,01 - eleven/20-wd2.JPG,
ELEVEN,リズ,Daum Cafe,,eleven/0172.jpg,1.0,0.63,332,332,01 - eleven/10-daum cafe.JPG,
ELEVEN,リズ,EVERLINE,1.0,eleven/0124.jpg,0.999,0.623,165,331,01 - eleven/23-el1.JPG,差し替え
ELEVEN,リズ,EVERLINE,2.0,eleven/0154.jpg,0.998,0.354,165,331,01 - eleven/27-el2.JPG,差し替え
ELEVEN,リズ,JoeunMusic,,eleven/0160.jpg,1.0,0.784,165,330,01 - eleven/28-jm.JPG,差し替え
ELEVEN,リズ,Ktown4U,,eleven/0046.jpg,0.954,0.449,165,330,01 - eleven/13-ktown4u.JPG,差し替え
ELEVEN,リズ,Makestar,1.0,eleven/0130.jpg,0.998,0.556,165,332,01 - eleven/22-ms1.JPG,差し替え
ELEVEN,リズ,Makestar,2.0,eleven/0166.jpg,0.997,0.42,165,331,01 - eleven/29-ms2.JPG,差し替え
ELEVEN,リズ,POB,ID Card,eleven/0022.jpg,0.504,0.424,89,330,01 - eleven/13-ktown4u.JPG,
ELEVEN,リズ,POB,Message Card,eleven/0028.jpg,0.323,0.265,163,216,01 - eleven/12-starship.JPG,
ELEVEN,リズ,Shopee,,eleven/0076.jpg,1.0,0.784,165,330,01 - eleven/18-shopee.JPG,差し替え
ELEVEN,リズ,Soundwave,1.0,eleven/0052.jpg,0.997,0.312,165,330,01 - eleven/14-sw1.JPG,差し替え
ELEVEN,リズ,Soundwave,3.0,eleven/0148.jpg,0.999,0.444,165,330,01 - eleven/26-sw3.JPG,差し替え
ELEVEN,リズ,Soundwave ラキドロ,2.0 POLA,eleven/0100.jpg,0.999,0.648,144,172,01 - eleven/19-sw2.JPG,
ELEVEN,リズ,Soundwave ラキドロ,2.0-1,eleven/0088.jpg,0.998,0.466,165,199,01 - eleven/19-sw2.JPG,
ELEVEN,リズ,Soundwave ラキドロ,2.0-2,eleven/0094.jpg,0.995,0.684,165,199,01 - eleven/19-sw2.JPG,
ELEVEN,リズ,Starship Square,1,eleven/0034.jpg,0.999,0.453,165,216,01 - eleven/12-starship.JPG,差し替え
ELEVEN,リズ,Starship Square,2,eleven/0040.jpg,1.0,0.553,163,211,01 - eleven/12-starship.JPG,差し替え
ELEVEN,リズ,Tower Records,,eleven/0070.jpg,0.483,0.458,165,330,01 - eleven/18-shopee.JPG,
ELEVEN,リズ,Withdrama,3.0,eleven/0136.jpg,0.998,0.427,165,331,01 - eleven/24-wd3.JPG,差し替え
ELEVEN,リズ,Withdrama ラキドロ,2.0 POLA,eleven/0118.jpg,0.677,0.646,150,330,01 - eleven/18-shopee.JPG,
ELEVEN,リズ,Withdrama ラキドロ,2.0-1,eleven/0106.jpg,0.997,0.343,165,199,01 - eleven/20-wd2.JPG,
ELEVEN,リズ,Withdrama ラキドロ,2.0-2,eleven/0112.jpg,0.922,0.623,165,199,01 - eleven/20-wd2.JPG,
ELEVEN,リズ,Wonderwall,,eleven/0142.jpg,0.995,0.24,165,331,01 - eleven/25-ww.JPG,差し替え
ELEVEN,リズ,Yizhiyu,1.0,eleven/0058.jpg,0.705,0.585,145,330,01 - eleven/15-yzy1.JPG,
ELEVEN,リズ,Yizhiyu,2.0,eleven/0064.jpg,0.998,0.657,165,331,01 - eleven/16-yzy2.JPG,差し替え
ELEVEN,リズ,mymusictaste,,eleven/0082.jpg,0.999,0.63,165,330,01 - eleven/21-mmt.JPG,差し替え
ELEVEN,リズ,本体封入,ver.1,eleven/0004.jpg,0.5,0.499,165,216,01 - eleven/12-starship.JPG,
ELEVEN,リズ,本体封入,ver.2,eleven/0010.jpg,0.64,0.618,165,330,01 - eleven/28-jm.JPG,
ELEVEN,レイ,Daum Cafe,,eleven/0170.jpg,1.0,0.65,331,331,01 - eleven/10-daum cafe.JPG,
ELEVEN,レイ,EVERLINE,1.0,eleven/0122.jpg,0.999,0.383,165,331,01 - eleven/23-el1.JPG,差し替え
ELEVEN,レイ,EVERLINE,2.0,eleven/0152.jpg,0.998,0.323,165,331,01 - eleven/27-el2.JPG,差し替え
ELEVEN,レイ,JoeunMusic,,eleven/0158.jpg,1.0,0.459,165,331,01 - eleven/28-jm.JPG,差し替え
ELEVEN,レイ,Ktown4U,,eleven/0044.jpg,0.997,0.803,165,331,01 - eleven/13-ktown4u.JPG,差し替え
ELEVEN,レイ,Makestar,1.0,eleven/0128.jpg,0.998,0.816,165,331,01 - eleven/22-ms1.JPG,差し替え
ELEVEN,レイ,Makestar,2.0,eleven/0164.jpg,0.997,0.502,165,331,01 - eleven/29-ms2.JPG,差し替え
ELEVEN,レイ,POB,ID Card,eleven/0020.jpg,0.554,0.494,87,198,01 - eleven/19-sw2.JPG,
ELEVEN,レイ,POB,Message Card,eleven/0026.jpg,0.515,0.409,163,306,01 - eleven/15-yzy1.JPG,
ELEVEN,レイ,Shopee,,eleven/0074.jpg,0.998,0.414,165,331,01 - eleven/18-shopee.JPG,差し替え
ELEVEN,レイ,Soundwave,1.0,eleven/0050.jpg,0.998,0.463,165,331,01 - eleven/14-sw1.JPG,差し替え
ELEVEN,レイ,Soundwave,3.0,eleven/0146.jpg,0.999,0.431,165,331,01 - eleven/26-sw3.JPG,差し替え
ELEVEN,レイ,Soundwave ラキドロ,2.0 POLA,eleven/0098.jpg,0.998,0.542,147,176,01 - eleven/19-sw2.JPG,
ELEVEN,レイ,Soundwave ラキドロ,2.0-1,eleven/0086.jpg,0.991,0.571,165,198,01 - eleven/19-sw2.JPG,
ELEVEN,レイ,Soundwave ラキドロ,2.0-2,eleven/0092.jpg,0.989,0.591,165,198,01 - eleven/19-sw2.JPG,
ELEVEN,レイ,Starship Square,1,eleven/0032.jpg,0.998,0.516,165,216,01 - eleven/12-starship.JPG,差し替え
ELEVEN,レイ,Starship Square,2,eleven/0038.jpg,0.997,0.622,165,215,01 - eleven/12-starship.JPG,差し替え
ELEVEN,レイ,Tower Records,,eleven/0068.jpg,0.414,0.349,165,331,01 - eleven/28-jm.JPG,
ELEVEN,レイ,Withdrama,3.0,eleven/0134.jpg,0.999,0.52,165,331,01 - eleven/24-wd3.JPG,差し替え
ELEVEN,レイ,Withdrama ラキドロ,2.0 POLA,eleven/0116.jpg,0.995,0.684,159,194,01 - eleven/20-wd2.JPG,
ELEVEN,レイ,Withdrama ラキドロ,2.0-1,eleven/0104.jpg,0.999,0.526,165,199,01 - eleven/20-wd2.JPG,
ELEVEN,レイ,Withdrama ラキドロ,2.0-2,eleven/0110.jpg,0.998,0.521,165,199,01 - eleven/20-wd2.JPG,
ELEVEN,レイ,Wonderwall,,eleven/0140.jpg,0.999,0.375,165,331,01 - eleven/25-ww.JPG,差し替え
ELEVEN,レイ,Yizhiyu,1.0,eleven/0056.jpg,0.614,0.526,146,306,01 - eleven/15-yzy1.JPG,
ELEVEN,レイ,Yizhiyu,2.0,eleven/0062.jpg,0.998,0.458,165,331,01 - eleven/16-yzy2.JPG,差し替え
ELEVEN,レイ,mymusictaste,,eleven/0080.jpg,0.998,0.655,165,331,01 - eleven/21-mmt.JPG,差し替え
ELEVEN,レイ,本体封入,ver.1,eleven/0002.jpg,0.726,0.646,165,215,01 - eleven/12-starship.JPG,
ELEVEN,レイ,本体封入,ver.2,eleven/0008.jpg,0.57,0.494,165,198,01 - eleven/19-sw2.JPG,
I've IVE,イソ,Apple Music,,iveive/0219.jpg,0.991,0.669,247,330,04 - IveIVE/IMG_1537.JPG,差し替え
I've IVE,イソ,Beatroad,,iveive/0220.jpg,0.975,0.511,246,330,04 - IveIVE/IMG_3407.JPG,差し替え
I've IVE,イソ,Broadcast,1,iveive/0221.jpg,0.98,0.602,247,330,04 - IveIVE/IMG_5983.JPG,差し替え
I've IVE,イソ,Broadcast,2,iveive/0222.jpg,0.945,0.579,247,330,04 - IveIVE/IMG_5881.JPG,差し替え
I've IVE,イソ,Broadcast,3,iveive/0223.jpg,0.818,0.44,247,330,04 - IveIVE/IMG_7504.JPG,差し替え
I've IVE,イソ,Fancall,,iveive/0224.jpg,0.979,0.558,247,330,04 - IveIVE/IMG_1259.JPG,差し替え
I've IVE,イソ,HOTTRACKS,,iveive/0217.jpg,0.981,0.365,245,329,04 - IveIVE/IMG_7828.JPG,差し替え
I've IVE,イソ,Ktown4U,,iveive/0192.jpg,0.93,0.503,247,330,04 - IveIVE/IMG_5949.JPG,差し替え
I've IVE,イソ,Makestar,,iveive/0218.jpg,0.974,0.585,247,330,04 - IveIVE/IMG_2429.JPG,差し替え
I've IVE,イソ,Mokket,,iveive/0198.jpg,0.916,0.6,247,330,04 - IveIVE/IMG_8400.JPG,差し替え
I've IVE,イソ,MusicArt,,iveive/0205.jpg,0.96,0.375,247,330,04 - IveIVE/IMG_7827.JPG,差し替え
I've IVE,イソ,Namil Music,,iveive/0213.jpg,0.975,0.649,247,330,04 - IveIVE/IMG_0041.JPG,差し替え
I've IVE,イソ,Naver Live,,iveive/0216.jpg,0.935,0.519,234,327,04 - IveIVE/IMG_3511.JPG,差し替え
I've IVE,イソ,Soundwave,,iveive/0199.jpg,0.918,0.693,247,330,04 - IveIVE/IMG_3366.JPG,差し替え
I've IVE,イソ,Soundwave FC,,iveive/0203.jpg,0.958,0.59,247,330,04 - IveIVE/IMG_3439.JPG,差し替え
I've IVE,イソ,Soundwave FC2,,iveive/0204.jpg,0.99,0.568,248,330,04 - IveIVE/45-sw4-eng.jpg,差し替え
I've IVE,イソ,Soundwave ラキドロ,1,iveive/0200.jpg,0.957,0.573,247,199,04 - IveIVE/IMG_5452.JPG,
I've IVE,イソ,Soundwave ラキドロ,2,iveive/0201.jpg,0.947,0.502,246,198,04 - IveIVE/IMG_5452.JPG,
I've IVE,イソ,Soundwave ラキドロ,3,iveive/0202.jpg,0.388,0.366,244,169,04 - IveIVE/IMG_5452.JPG,
I've IVE,イソ,StarRiver,,iveive/0214.jpg,0.973,0.665,246,330,04 - IveIVE/IMG_3134.JPG,差し替え
I've IVE,イソ,StarRiver FC,,iveive/0215.jpg,0.483,0.461,247,329,04 - IveIVE/27-mmt-eng.jpg,
I've IVE,イソ,Starship Square Album,1,iveive/0193.jpg,0.901,0.463,246,215,04 - IveIVE/IMG_3537.JPG,
I've IVE,イソ,Starship Square Album,2,iveive/0194.jpg,0.933,0.651,246,215,04 - IveIVE/IMG_3537.JPG,
I've IVE,イソ,Starship Square Jewel Case,,iveive/0195.jpg,0.974,0.664,245,330,04 - IveIVE/25-6set-eng.jpg,差し替え
I've IVE,イソ,Starship Square Set,,iveive/0196.jpg,0.966,0.551,247,347,04 - IveIVE/IMG_3288.JPG,差し替え
I've IVE,イソ,Starship Square Special,,iveive/0197.jpg,0.358,0.322,248,198,04 - IveIVE/IMG_5452.JPG,
I've IVE,イソ,Tower Records,1,iveive/0211.jpg,0.535,0.376,236,189,04 - IveIVE/IMG_6339.JPG,
I've IVE,イソ,Tower Records,2,iveive/0212.jpg,0.805,0.477,246,194,04 - IveIVE/IMG_6339.JPG,
I've IVE,イソ,mymusictaste,,iveive/0210.jpg,0.888,0.522,245,329,04 - IveIVE/27-mmt-eng.jpg,差し替え
I've IVE,イソ,withmuu FC,,iveive/0209.jpg,0.973,0.564,245,329,04 - IveIVE/39-wm2-eng(2).jpg,差し替え
I've IVE,イソ,withmuu ラキドロ,1,iveive/0206.jpg,0.894,0.513,246,199,04 - IveIVE/IMG_5358.JPG,
I've IVE,イソ,withmuu ラキドロ,2,iveive/0207.jpg,0.927,0.528,246,199,04 - IveIVE/IMG_5358.JPG,
I've IVE,イソ,withmuu ラキドロ,3,iveive/0208.jpg,0.699,0.389,246,169,04 - IveIVE/IMG_5358.JPG,
I've IVE,イソ,本体封入,E ver.,iveive/0189.jpg,0.616,0.587,214,199,04 - IveIVE/IMG_5358.JPG,
I've IVE,イソ,本体封入,I ver.,iveive/0187.jpg,0.598,0.564,213,331,04 - IveIVE/27-mmt-eng.jpg,
I've IVE,イソ,本体封入,Jewel Case,iveive/0190.jpg,0.942,0.504,214,187,04 - IveIVE/IMG_5302.JPG,
I've IVE,イソ,本体封入,Special Edition,iveive/0191.jpg,0.455,0.426,214,205,04 - IveIVE/IMG_1249.JPG,
I've IVE,イソ,本体封入,V ver.,iveive/0188.jpg,0.489,0.428,214,199,04 - IveIVE/IMG_5452.JPG,
I've IVE,ウォニョン,Apple Music,,iveive/0143.jpg,0.944,0.64,247,331,04 - IveIVE/IMG_1537.JPG,差し替え
I've IVE,ウォニョン,Beatroad,,iveive/0144.jpg,0.965,0.596,246,331,04 - IveIVE/IMG_3407.JPG,差し替え
I've IVE,ウォニョン,Broadcast,1,iveive/0145.jpg,0.934,0.655,247,331,04 - IveIVE/IMG_5983.JPG,差し替え
I've IVE,ウォニョン,Broadcast,2,iveive/0146.jpg,0.973,0.623,247,331,04 - IveIVE/IMG_5881.JPG,差し替え
I've IVE,ウォニョン,Broadcast,3,iveive/0147.jpg,0.959,0.651,247,331,04 - IveIVE/IMG_7504.JPG,差し替え
I've IVE,ウォニョン,Fancall,,iveive/0148.jpg,0.911,0.503,247,331,04 - IveIVE/IMG_1259.JPG,差し替え
I've IVE,ウォニョン,HOTTRACKS,,iveive/0141.jpg,0.976,0.57,247,331,04 - IveIVE/IMG_7828.JPG,差し替え
I've IVE,ウォニョン,Ktown4U,,iveive/0116.jpg,0.962,0.581,247,331,04 - IveIVE/IMG_5949.JPG,差し替え
I've IVE,ウォニョン,Makestar,,iveive/0142.jpg,0.969,0.519,247,331,04 - IveIVE/IMG_2429.JPG,差し替え
I've IVE,ウォニョン,Mokket,,iveive/0122.jpg,0.937,0.66,247,331,04 - IveIVE/IMG_8400.JPG,差し替え
I've IVE,ウォニョン,MusicArt,,iveive/0129.jpg,0.978,0.476,246,331,04 - IveIVE/IMG_7827.JPG,差し替え
I've IVE,ウォニョン,Namil Music,,iveive/0137.jpg,0.929,0.563,247,331,04 - IveIVE/IMG_0041.JPG,差し替え
I've IVE,ウォニョン,Naver Live,,iveive/0140.jpg,0.963,0.631,247,347,04 - IveIVE/IMG_3511.JPG,差し替え
I've IVE,ウォニョン,Soundwave,,iveive/0123.jpg,0.936,0.568,247,331,04 - IveIVE/IMG_3366.JPG,差し替え
I've IVE,ウォニョン,Soundwave FC,,iveive/0127.jpg,0.987,0.647,247,331,04 - IveIVE/IMG_3439.JPG,差し替え
I've IVE,ウォニョン,Soundwave FC2,,iveive/0128.jpg,0.888,0.683,248,331,04 - IveIVE/45-sw4-eng.jpg,差し替え
I've IVE,ウォニョン,Soundwave ラキドロ,1,iveive/0124.jpg,0.977,0.621,247,199,04 - IveIVE/IMG_5452.JPG,
I've IVE,ウォニョン,Soundwave ラキドロ,2,iveive/0125.jpg,0.934,0.462,246,199,04 - IveIVE/IMG_5452.JPG,
I've IVE,ウォニョン,Soundwave ラキドロ,3,iveive/0126.jpg,0.407,0.368,244,213,04 - IveIVE/IMG_6339.JPG,
I've IVE,ウォニョン,StarRiver,,iveive/0138.jpg,0.937,0.715,246,331,04 - IveIVE/IMG_3134.JPG,差し替え
I've IVE,ウォニョン,StarRiver FC,,iveive/0139.jpg,0.598,0.539,247,331,04 - IveIVE/27-mmt-eng.jpg,
I've IVE,ウォニョン,Starship Square Album,1,iveive/0117.jpg,0.961,0.543,246,215,04 - IveIVE/IMG_3537.JPG,
I've IVE,ウォニョン,Starship Square Album,2,iveive/0118.jpg,0.941,0.706,246,215,04 - IveIVE/IMG_3537.JPG,
I've IVE,ウォニョン,Starship Square Jewel Case,,iveive/0119.jpg,0.968,0.529,245,331,04 - IveIVE/25-6set-eng.jpg,差し替え
I've IVE,ウォニョン,Starship Square Set,,iveive/0120.jpg,0.972,0.564,247,347,04 - IveIVE/IMG_3288.JPG,差し替え
I've IVE,ウォニョン,Starship Square Special,,iveive/0121.jpg,0.364,0.359,248,315,04 - IveIVE/IMG_3533.JPG,
I've IVE,ウォニョン,Tower Records,1,iveive/0135.jpg,0.425,0.318,236,189,04 - IveIVE/IMG_6339.JPG,
I've IVE,ウォニョン,Tower Records,2,iveive/0136.jpg,0.927,0.479,246,215,04 - IveIVE/IMG_6339.JPG,
I've IVE,ウォニョン,mymusictaste,,iveive/0134.jpg,0.905,0.571,245,331,04 - IveIVE/27-mmt-eng.jpg,差し替え
I've IVE,ウォニョン,withmuu FC,,iveive/0133.jpg,0.978,0.596,245,331,04 - IveIVE/39-wm2-eng(2).jpg,差し替え
I've IVE,ウォニョン,withmuu ラキドロ,1,iveive/0130.jpg,0.86,0.352,246,199,04 - IveIVE/IMG_5358.JPG,
I've IVE,ウォニョン,withmuu ラキドロ,2,iveive/0131.jpg,0.951,0.397,246,198,04 - IveIVE/IMG_5358.JPG,
I've IVE,ウォニョン,withmuu ラキドロ,3,iveive/0132.jpg,0.656,0.452,246,169,04 - IveIVE/IMG_5358.JPG,
I've IVE,ウォニョン,本体封入,E ver.,iveive/0113.jpg,0.64,0.552,214,331,04 - IveIVE/IMG_5983.JPG,
I've IVE,ウォニョン,本体封入,I ver.,iveive/0111.jpg,0.378,0.353,213,215,04 - IveIVE/IMG_3537.JPG,
I've IVE,ウォニョン,本体封入,Jewel Case,iveive/0114.jpg,0.945,0.613,214,187,04 - IveIVE/IMG_5302.JPG,
I've IVE,ウォニョン,本体封入,Special Edition,iveive/0115.jpg,0.89,0.502,214,206,04 - IveIVE/IMG_1249.JPG,
I've IVE,ウォニョン,本体封入,V ver.,iveive/0112.jpg,0.545,0.539,214,215,04 - IveIVE/IMG_7506.JPG,
I've IVE,ガウル,Apple Music,,iveive/0032.jpg,0.894,0.479,247,331,04 - IveIVE/IMG_1537.JPG,差し替え
I've IVE,ガウル,Beatroad,,iveive/0033.jpg,0.934,0.567,246,331,04 - IveIVE/IMG_3407.JPG,差し替え
I've IVE,ガウル,Broadcast,1,iveive/0034.jpg,0.766,0.551,247,331,04 - IveIVE/IMG_5983.JPG,
I've IVE,ガウル,Broadcast,2,iveive/0035.jpg,0.915,0.641,247,331,04 - IveIVE/IMG_5881.JPG,差し替え
I've IVE,ガウル,Broadcast,3,iveive/0036.jpg,0.974,0.545,247,331,04 - IveIVE/IMG_7504.JPG,差し替え
I've IVE,ガウル,Fancall,,iveive/0037.jpg,0.967,0.49,247,330,04 - IveIVE/IMG_1259.JPG,差し替え
I've IVE,ガウル,HOTTRACKS,,iveive/0030.jpg,0.979,0.434,247,331,04 - IveIVE/IMG_7828.JPG,差し替え
I've IVE,ガウル,Ktown4U,,iveive/0005.jpg,0.939,0.546,247,331,04 - IveIVE/IMG_5949.JPG,差し替え
I've IVE,ガウル,Makestar,,iveive/0031.jpg,0.984,0.703,247,331,04 - IveIVE/IMG_2429.JPG,差し替え
I've IVE,ガウル,Mokket,,iveive/0011.jpg,0.979,0.434,247,331,04 - IveIVE/IMG_8400.JPG,差し替え
I've IVE,ガウル,MusicArt,,iveive/0018.jpg,0.984,0.483,247,331,04 - IveIVE/IMG_7827.JPG,差し替え
I've IVE,ガウル,Namil Music,,iveive/0026.jpg,0.827,0.66,247,331,04 - IveIVE/IMG_0041.JPG,差し替え
I've IVE,ガウル,Naver Live,,iveive/0029.jpg,0.745,0.674,247,331,04 - IveIVE/IMG_2429.JPG,
I've IVE,ガウル,Soundwave,,iveive/0012.jpg,0.927,0.48,247,331,04 - IveIVE/IMG_3366.JPG,差し替え
I've IVE,ガウル,Soundwave FC,,iveive/0016.jpg,0.651,0.635,247,199,04 - IveIVE/IMG_5358.JPG,
I've IVE,ガウル,Soundwave FC2,,iveive/0017.jpg,0.961,0.611,248,330,04 - IveIVE/45-sw4-eng.jpg,差し替え
I've IVE,ガウル,Soundwave ラキドロ,1,iveive/0013.jpg,0.952,0.636,247,199,04 - IveIVE/IMG_5452.JPG,
I've IVE,ガウル,Soundwave ラキドロ,2,iveive/0014.jpg,0.903,0.442,246,199,04 - IveIVE/IMG_5452.JPG,
I've IVE,ガウル,Soundwave ラキドロ,3,iveive/0015.jpg,0.435,0.43,244,213,04 - IveIVE/IMG_6339.JPG,
I've IVE,ガウル,StarRiver,,iveive/0027.jpg,0.973,0.533,246,330,04 - IveIVE/IMG_3134.JPG,差し替え
I've IVE,ガウル,StarRiver FC,,iveive/0028.jpg,0.505,0.418,247,331,04 - IveIVE/IMG_1537.JPG,
I've IVE,ガウル,Starship Square Album,1,iveive/0006.jpg,0.975,0.536,247,213,04 - IveIVE/IMG_3537.JPG,
I've IVE,ガウル,Starship Square Album,2,iveive/0007.jpg,0.945,0.561,246,215,04 - IveIVE/IMG_3537.JPG,
I've IVE,ガウル,Starship Square Jewel Case,,iveive/0008.jpg,0.976,0.583,245,331,04 - IveIVE/25-6set-eng.jpg,差し替え
I've IVE,ガウル,Starship Square Set,,iveive/0009.jpg,0.957,0.591,247,347,04 - IveIVE/IMG_3288.JPG,差し替え
I've IVE,ガウル,Starship Square Special,,iveive/0010.jpg,0.389,0.35,248,315,04 - IveIVE/IMG_3533.JPG,
I've IVE,ガウル,Tower Records,1,iveive/0024.jpg,0.642,0.414,236,189,04 - IveIVE/IMG_6339.JPG,
I've IVE,ガウル,Tower Records,2,iveive/0025.jpg,0.94,0.43,246,213,04 - IveIVE/IMG_6339.JPG,
I've IVE,ガウル,mymusictaste,,iveive/0023.jpg,0.929,0.739,245,331,04 - IveIVE/27-mmt-eng.jpg,差し替え
I've IVE,ガウル,withmuu FC,,iveive/0022.jpg,0.835,0.698,245,331,04 - IveIVE/39-wm2-eng(2).jpg,差し替え
I've IVE,ガウル,withmuu ラキドロ,1,iveive/0019.jpg,0.882,0.378,246,199,04 - IveIVE/IMG_5358.JPG,
I've IVE,ガウル,withmuu ラキドロ,2,iveive/0020.jpg,0.939,0.615,246,199,04 - IveIVE/IMG_5358.JPG,
I've IVE,ガウル,withmuu ラキドロ,3,iveive/0021.jpg,0.617,0.392,246,169,04 - IveIVE/IMG_5358.JPG,
I've IVE,ガウル,本体封入,E ver.,iveive/0002.jpg,0.456,0.417,214,331,04 - IveIVE/45-sw4-eng.jpg,
I've IVE,ガウル,本体封入,I ver.,iveive/0000.jpg,0.46,0.408,215,330,04 - IveIVE/IMG_3134.JPG,
I've IVE,ガウル,本体封入,Jewel Case,iveive/0003.jpg,0.953,0.528,214,187,04 - IveIVE/IMG_5302.JPG,
I've IVE,ガウル,本体封入,Special Edition,iveive/0004.jpg,0.962,0.537,214,205,04 - IveIVE/IMG_1249.JPG,
I've IVE,ガウル,本体封入,V ver.,iveive/0001.jpg,0.643,0.479,214,331,04 - IveIVE/IMG_7504.JPG,
I've IVE,ユジン,Apple Music,,iveive/0070.jpg,0.95,0.372,247,331,04 - IveIVE/IMG_1537.JPG,差し替え
I've IVE,ユジン,Beatroad,,iveive/0071.jpg,0.971,0.37,246,331,04 - IveIVE/IMG_3407.JPG,差し替え
I've IVE,ユジン,Broadcast,1,iveive/0072.jpg,0.919,0.461,247,331,04 - IveIVE/IMG_5881.JPG,差し替え
I've IVE,ユジン,Broadcast,2,iveive/0073.jpg,0.943,0.487,247,331,04 - IveIVE/IMG_5983.JPG,差し替え
I've IVE,ユジン,Broadcast,3,iveive/0074.jpg,0.981,0.486,247,331,04 - IveIVE/IMG_7504.JPG,差し替え
I've IVE,ユジン,Fancall,,iveive/0075.jpg,0.949,0.352,247,330,04 - IveIVE/IMG_1259.JPG,差し替え
I've IVE,ユジン,HOTTRACKS,,iveive/0068.jpg,0.953,0.435,247,331,04 - IveIVE/IMG_7828.JPG,差し替え
I've IVE,ユジン,Ktown4U,,iveive/0043.jpg,0.969,0.564,247,331,04 - IveIVE/IMG_5949.JPG,差し替え
I've IVE,ユジン,Makestar,,iveive/0069.jpg,0.951,0.589,247,331,04 - IveIVE/IMG_2429.JPG,差し替え
I've IVE,ユジン,Mokket,,iveive/0049.jpg,0.977,0.465,247,331,04 - IveIVE/IMG_8400.JPG,差し替え
I've IVE,ユジン,MusicArt,,iveive/0056.jpg,0.973,0.632,247,331,04 - IveIVE/IMG_7827.JPG,差し替え
I've IVE,ユジン,Namil Music,,iveive/0064.jpg,0.948,0.662,247,331,04 - IveIVE/IMG_0041.JPG,差し替え
I've IVE,ユジン,Naver Live,,iveive/0067.jpg,0.8,0.4,247,348,04 - IveIVE/IMG_3511.JPG,差し替え
I've IVE,ユジン,Soundwave,,iveive/0050.jpg,0.956,0.651,247,331,04 - IveIVE/IMG_3366.JPG,差し替え
I've IVE,ユジン,Soundwave FC,,iveive/0054.jpg,0.979,0.504,247,331,04 - IveIVE/IMG_3439.JPG,差し替え
I've IVE,ユジン,Soundwave FC2,,iveive/0055.jpg,0.985,0.564,248,330,04 - IveIVE/45-sw4-eng.jpg,差し替え
I've IVE,ユジン,Soundwave ラキドロ,1,iveive/0051.jpg,0.964,0.572,247,199,04 - IveIVE/IMG_5452.JPG,
I've IVE,ユジン,Soundwave ラキドロ,2,iveive/0052.jpg,0.971,0.415,246,198,04 - IveIVE/IMG_5452.JPG,
I've IVE,ユジン,Soundwave ラキドロ,3,iveive/0053.jpg,0.445,0.395,244,169,04 - IveIVE/IMG_5358.JPG,
I've IVE,ユジン,StarRiver,,iveive/0065.jpg,0.979,0.671,246,330,04 - IveIVE/IMG_3134.JPG,差し替え
I've IVE,ユジン,StarRiver FC,,iveive/0066.jpg,0.55,0.547,247,331,04 - IveIVE/IMG_3439.JPG,
I've IVE,ユジン,Starship Square Album,1,iveive/0044.jpg,0.964,0.559,247,215,04 - IveIVE/IMG_3537.JPG,
I've IVE,ユジン,Starship Square Album,2,iveive/0045.jpg,0.928,0.485,246,215,04 - IveIVE/IMG_3537.JPG,
I've IVE,ユジン,Starship Square Jewel Case,,iveive/0046.jpg,0.964,0.519,245,331,04 - IveIVE/25-6set-eng.jpg,差し替え
I've IVE,ユジン,Starship Square Set,,iveive/0047.jpg,0.966,0.569,247,348,04 - IveIVE/IMG_3288.JPG,差し替え
I've IVE,ユジン,Starship Square Special,,iveive/0048.jpg,0.432,0.427,248,331,04 - IveIVE/27-mmt-eng.jpg,
I've IVE,ユジン,Tower Records,1,iveive/0062.jpg,0.537,0.476,236,189,04 - IveIVE/IMG_6339.JPG,
I've IVE,ユジン,Tower Records,2,iveive/0063.jpg,0.933,0.482,246,214,04 - IveIVE/IMG_6339.JPG,
I've IVE,ユジン,mymusictaste,,iveive/0061.jpg,0.9,0.527,245,331,04 - IveIVE/27-mmt-eng.jpg,差し替え
I've IVE,ユジン,withmuu FC,,iveive/0060.jpg,0.969,0.477,245,331,04 - IveIVE/39-wm2-eng(2).jpg,差し替え
I've IVE,ユジン,withmuu ラキドロ,1,iveive/0057.jpg,0.912,0.648,246,199,04 - IveIVE/IMG_5358.JPG,
I've IVE,ユジン,withmuu ラキドロ,2,iveive/0058.jpg,0.959,0.543,246,199,04 - IveIVE/IMG_5358.JPG,
I've IVE,ユジン,withmuu ラキドロ,3,iveive/0059.jpg,0.698,0.667,246,169,04 - IveIVE/IMG_5358.JPG,
I've IVE,ユジン,本体封入,E ver.,iveive/0040.jpg,0.587,0.477,214,331,04 - IveIVE/IMG_2429.JPG,
I've IVE,ユジン,本体封入,I ver.,iveive/0038.jpg,0.637,0.579,196,169,04 - IveIVE/IMG_5358.JPG,
I've IVE,ユジン,本体封入,Jewel Case,iveive/0041.jpg,0.975,0.435,214,187,04 - IveIVE/IMG_5302.JPG,
I've IVE,ユジン,本体封入,Special Edition,iveive/0042.jpg,0.873,0.686,214,204,04 - IveIVE/IMG_1249.JPG,
I've IVE,ユジン,本体封入,V ver.,iveive/0039.jpg,0.567,0.543,214,330,04 - IveIVE/IMG_3134.JPG,
I've IVE,リズ,Apple Music,,iveive/0181.jpg,0.93,0.573,247,331,04 - IveIVE/IMG_1537.JPG,差し替え
I've IVE,リズ,Beatroad,,iveive/0182.jpg,0.958,0.621,246,331,04 - IveIVE/IMG_3407.JPG,差し替え
I've IVE,リズ,Broadcast,1,iveive/0183.jpg,0.944,0.452,247,216,04 - IveIVE/IMG_7506.JPG,
I've IVE,リズ,Broadcast,2,iveive/0184.jpg,0.889,0.647,247,331,04 - IveIVE/IMG_5881.JPG,差し替え
I've IVE,リズ,Broadcast,3,iveive/0185.jpg,0.882,0.563,247,216,04 - IveIVE/IMG_7506.JPG,
I've IVE,リズ,Fancall,,iveive/0186.jpg,0.911,0.503,247,331,04 - IveIVE/IMG_1259.JPG,差し替え
I've IVE,リズ,HOTTRACKS,,iveive/0179.jpg,0.971,0.571,247,331,04 - IveIVE/IMG_7828.JPG,差し替え
I've IVE,リズ,Ktown4U,,iveive/0154.jpg,0.976,0.547,247,331,04 - IveIVE/IMG_5949.JPG,差し替え
I've IVE,リズ,Makestar,,iveive/0180.jpg,0.978,0.621,247,331,04 - IveIVE/IMG_2429.JPG,差し替え
I've IVE,リズ,Mokket,,iveive/0160.jpg,0.963,0.575,247,331,04 - IveIVE/IMG_8400.JPG,差し替え
I've IVE,リズ,MusicArt,,iveive/0167.jpg,0.981,0.554,247,331,04 - IveIVE/IMG_7827.JPG,差し替え
I've IVE,リズ,Namil Music,,iveive/0175.jpg,0.888,0.564,247,331,04 - IveIVE/IMG_0041.JPG,差し替え
I've IVE,リズ,Naver Live,,iveive/0178.jpg,0.338,0.333,246,330,04 - IveIVE/IMG_8400.JPG,
I've IVE,リズ,Soundwave,,iveive/0161.jpg,0.926,0.588,247,331,04 - IveIVE/IMG_3366.JPG,差し替え
I've IVE,リズ,Soundwave FC,,iveive/0165.jpg,0.961,0.543,245,331,04 - IveIVE/IMG_3439.JPG,差し替え
I've IVE,リズ,Soundwave FC2,,iveive/0166.jpg,0.95,0.433,248,331,04 - IveIVE/45-sw4-eng.jpg,差し替え
I've IVE,リズ,Soundwave ラキドロ,1,iveive/0162.jpg,0.972,0.623,247,199,04 - IveIVE/IMG_5452.JPG,
I've IVE,リズ,Soundwave ラキドロ,2,iveive/0163.jpg,0.966,0.568,246,199,04 - IveIVE/IMG_5452.JPG,
I've IVE,リズ,Soundwave ラキドロ,3,iveive/0164.jpg,0.601,0.581,244,199,04 - IveIVE/IMG_5452.JPG,
I've IVE,リズ,StarRiver,,iveive/0176.jpg,0.981,0.657,246,331,04 - IveIVE/IMG_3134.JPG,差し替え
I've IVE,リズ,StarRiver FC,,iveive/0177.jpg,0.543,0.501,247,215,04 - IveIVE/IMG_3537.JPG,
I've IVE,リズ,Starship Square Album,1,iveive/0155.jpg,0.943,0.491,247,217,04 - IveIVE/IMG_3537.JPG,
I've IVE,リズ,Starship Square Album,2,iveive/0156.jpg,0.969,0.597,246,215,04 - IveIVE/IMG_3537.JPG,
I've IVE,リズ,Starship Square Jewel Case,,iveive/0157.jpg,0.96,0.525,245,331,04 - IveIVE/25-6set-eng.jpg,差し替え
I've IVE,リズ,Starship Square Set,,iveive/0158.jpg,0.929,0.599,247,348,04 - IveIVE/IMG_3288.JPG,差し替え
I've IVE,リズ,Starship Square Special,,iveive/0159.jpg,0.5,0.401,248,216,04 - IveIVE/IMG_7506.JPG,
I've IVE,リズ,Tower Records,1,iveive/0173.jpg,0.491,0.488,236,330,04 - IveIVE/IMG_3134.JPG,
I've IVE,リズ,Tower Records,2,iveive/0174.jpg,0.947,0.508,246,215,04 - IveIVE/IMG_6339.JPG,
I've IVE,リズ,mymusictaste,,iveive/0172.jpg,0.854,0.475,245,331,04 - IveIVE/27-mmt-eng.jpg,差し替え
I've IVE,リズ,withmuu FC,,iveive/0171.jpg,0.975,0.617,245,331,04 - IveIVE/39-wm2-eng(2).jpg,差し替え
I've IVE,リズ,withmuu ラキドロ,1,iveive/0168.jpg,0.949,0.477,246,199,04 - IveIVE/IMG_5358.JPG,
I've IVE,リズ,withmuu ラキドロ,2,iveive/0169.jpg,0.93,0.471,246,199,04 - IveIVE/IMG_5358.JPG,
I've IVE,リズ,withmuu ラキドロ,3,iveive/0170.jpg,0.868,0.735,246,169,04 - IveIVE/IMG_5358.JPG,
I've IVE,リズ,本体封入,E ver.,iveive/0151.jpg,0.6,0.447,214,331,04 - IveIVE/IMG_3407.JPG,
I've IVE,リズ,本体封入,I ver.,iveive/0149.jpg,0.41,0.396,213,330,04 - IveIVE/IMG_5949.JPG,
I've IVE,リズ,本体封入,Jewel Case,iveive/0152.jpg,0.932,0.503,214,185,04 - IveIVE/IMG_5302.JPG,
I've IVE,リズ,本体封入,Special Edition,iveive/0153.jpg,0.963,0.65,214,206,04 - IveIVE/IMG_1249.JPG,
I've IVE,リズ,本体封入,V ver.,iveive/0150.jpg,0.514,0.499,214,169,04 - IveIVE/IMG_5358.JPG,
I've IVE,レイ,Apple Music,,iveive/0106.jpg,0.972,0.405,247,330,04 - IveIVE/IMG_1537.JPG,差し替え
I've IVE,レイ,Beatroad,,iveive/0107.jpg,0.916,0.436,248,330,04 - IveIVE/IMG_3407.JPG,差し替え
I've IVE,レイ,Broadcast,1,iveive/0108.jpg,0.858,0.355,247,330,04 - IveIVE/IMG_5983.JPG,差し替え
I've IVE,レイ,Broadcast,2,iveive/0109.jpg,0.62,0.435,247,215,04 - IveIVE/IMG_7506.JPG,
I've IVE,レイ,Broadcast,3,iveive/0110.jpg,0.974,0.355,247,330,04 - IveIVE/IMG_7504.JPG,差し替え
I've IVE,レイ,HOTTRACKS,,iveive/0104.jpg,0.98,0.489,247,330,04 - IveIVE/IMG_7828.JPG,差し替え
I've IVE,レイ,Ktown4U,,iveive/0081.jpg,0.913,0.565,247,330,04 - IveIVE/IMG_5949.JPG,差し替え
I've IVE,レイ,Makestar,,iveive/0105.jpg,0.965,0.418,247,330,04 - IveIVE/IMG_2429.JPG,差し替え
I've IVE,レイ,Mokket,,iveive/0087.jpg,0.944,0.561,247,330,04 - IveIVE/IMG_8400.JPG,差し替え
I've IVE,レイ,MusicArt,,iveive/0094.jpg,0.972,0.496,247,213,04 - IveIVE/IMG_6339.JPG,
I've IVE,レイ,Namil Music,,iveive/0093.jpg,0.904,0.311,246,330,04 - IveIVE/IMG_0041.JPG,差し替え
I've IVE,レイ,Naver Live,,iveive/0103.jpg,0.901,0.351,240,329,04 - IveIVE/IMG_3511.JPG,差し替え
I've IVE,レイ,Soundwave,,iveive/0088.jpg,0.948,0.572,247,330,04 - IveIVE/IMG_3366.JPG,差し替え
I've IVE,レイ,Soundwave FC,,iveive/0092.jpg,0.934,0.397,247,330,04 - IveIVE/IMG_3439.JPG,差し替え
I've IVE,レイ,Soundwave ラキドロ,1,iveive/0089.jpg,0.874,0.344,246,199,04 - IveIVE/IMG_5452.JPG,
I've IVE,レイ,Soundwave ラキドロ,2,iveive/0090.jpg,0.857,0.374,246,199,04 - IveIVE/IMG_5452.JPG,
I've IVE,レイ,Soundwave ラキドロ,3,iveive/0091.jpg,0.494,0.442,244,169,04 - IveIVE/IMG_5452.JPG,
I've IVE,レイ,StarRiver FC,,iveive/0102.jpg,0.582,0.544,247,330,04 - IveIVE/IMG_3134.JPG,
I've IVE,レイ,Starship Square Album,1,iveive/0082.jpg,0.967,0.486,246,213,04 - IveIVE/IMG_3537.JPG,
I've IVE,レイ,Starship Square Album,2,iveive/0083.jpg,0.963,0.451,246,215,04 - IveIVE/IMG_3537.JPG,
I've IVE,レイ,Starship Square Jewel Case,,iveive/0084.jpg,0.966,0.536,245,330,04 - IveIVE/25-6set-eng.jpg,差し替え
I've IVE,レイ,Starship Square Set,,iveive/0085.jpg,0.967,0.564,247,347,04 - IveIVE/IMG_3288.JPG,差し替え
I've IVE,レイ,Starship Square Special,,iveive/0086.jpg,0.352,0.297,248,331,04 - IveIVE/IMG_7827.JPG,
I've IVE,レイ,Tower Records,1,iveive/0100.jpg,0.367,0.334,235,189,04 - IveIVE/IMG_6339.JPG,
I've IVE,レイ,Tower Records,2,iveive/0101.jpg,0.943,0.517,246,213,04 - IveIVE/IMG_6339.JPG,
I've IVE,レイ,mymusictaste,,iveive/0099.jpg,0.939,0.457,245,330,04 - IveIVE/27-mmt-eng.jpg,差し替え
I've IVE,レイ,withmuu FC,,iveive/0098.jpg,0.94,0.431,245,330,04 - IveIVE/39-wm2-eng(2).jpg,差し替え
I've IVE,レイ,withmuu ラキドロ,1,iveive/0095.jpg,0.906,0.307,246,199,04 - IveIVE/IMG_5358.JPG,
I've IVE,レイ,withmuu ラキドロ,2,iveive/0096.jpg,0.916,0.364,246,199,04 - IveIVE/IMG_5358.JPG,
I've IVE,レイ,withmuu ラキドロ,3,iveive/0097.jpg,0.49,0.425,246,169,04 - IveIVE/IMG_5358.JPG,
I've IVE,レイ,本体封入,E ver.,iveive/0078.jpg,0.77,0.553,214,330,04 - IveIVE/25-6set-eng.jpg,
I've IVE,レイ,本体封入,I ver.,iveive/0076.jpg,0.407,0.386,213,331,04 - IveIVE/IMG_3134.JPG,
I've IVE,レイ,本体封入,Jewel Case,iveive/0079.jpg,0.856,0.473,214,187,04 - IveIVE/IMG_5302.JPG,
I've IVE,レイ,本体封入,Special Edition,iveive/0080.jpg,0.812,0.511,214,205,04 - IveIVE/IMG_1249.JPG,
I've IVE,レイ,本体封入,V ver.,iveive/0077.jpg,0.59,0.541,214,330,04 - IveIVE/25-6set-eng.jpg,
I've MINE,イソ,Apple Music,1.0,mine/0399.jpg,0.993,0.654,127,330,I_VE MINE/30-am.JPG,差し替え
I've MINE,イソ,Apple Music,2.0,mine/0414.jpg,0.991,0.708,127,330,I_VE MINE/42-am2.JPG,差し替え
I've MINE,イソ,Beatroad,,mine/0402.jpg,0.996,0.463,128,330,I_VE MINE/33-br.JPG,差し替え
I've MINE,イソ,Broadcast,Baddie,mine/0382.jpg,0.998,0.574,128,215,I_VE MINE/15-broadcast.JPG,差し替え
I've MINE,イソ,Broadcast,LOVED IVE,mine/0381.jpg,0.994,0.659,128,213,I_VE MINE/15-broadcast.JPG,差し替え
I've MINE,イソ,HOTTRACKS,,mine/0420.jpg,0.981,0.315,127,330,I_VE MINE/48-hottracks.JPG,差し替え
I've MINE,イソ,Hi-Touch,18th・19th,mine/0426.jpg,0.985,0.674,128,329,I_VE MINE/54-hitouch.JPG,差し替え
I've MINE,イソ,IDOUSTAGE,1.0,mine/0394.jpg,0.99,0.585,127,330,I_VE MINE/26-idoustage.JPG,差し替え
I've MINE,イソ,IDOUSTAGE,2.0,mine/0416.jpg,0.995,0.644,127,330,I_VE MINE/26-idou2.JPG,差し替え
I've MINE,イソ,Japan Yokohama Live,15th Day1,mine/0424.jpg,0.674,0.669,127,329,I_VE MINE/37-kms2.JPG,
I've MINE,イソ,Japan Yokohama Live,16th Day2,mine/0425.jpg,0.997,0.695,128,330,I_VE MINE/53-jp day2.JPG,差し替え
I've MINE,イソ,KMStation,1.0,mine/0395.jpg,0.986,0.52,128,330,I_VE MINE/27-kms1.JPG,差し替え
I've MINE,イソ,KMStation,2.0,mine/0408.jpg,0.998,0.689,126,329,I_VE MINE/37-kms2.JPG,差し替え
I've MINE,イソ,KMStation,3.0,mine/0417.jpg,0.982,0.735,127,330,I_VE MINE/45-kms3.JPG,差し替え
I've MINE,イソ,KMStation,4.0,mine/0440.jpg,0.995,0.652,128,330,I_VE MINE/66-kms4.JPG,差し替え
I've MINE,イソ,Kakao Gift,,mine/0392.jpg,0.995,0.671,128,330,I_VE MINE/25-kakao.JPG,差し替え
I've MINE,イソ,Ktown4U,1.0,mine/0389.jpg,0.996,0.651,128,330,I_VE MINE/21-k41.JPG,差し替え
I've MINE,イソ,Ktown4U,2.0,mine/0401.jpg,0.991,0.549,128,330,I_VE MINE/32-k42.jpg,差し替え
I've MINE,イソ,Makestar,1.0,mine/0413.jpg,0.978,0.618,125,322,I_VE MINE/41-ms.JPG,差し替え
I've MINE,イソ,Makestar,2.0,mine/0433.jpg,0.981,0.549,128,330,I_VE MINE/57-ms2.JPG,差し替え
I've MINE,イソ,MusicArt,,mine/0419.jpg,0.994,0.515,127,330,I_VE MINE/47-musicart.JPG,差し替え
I've MINE,イソ,Namil Music,1.0,mine/0390.jpg,0.605,0.587,108,330,I_VE MINE/21-k41.JPG,
I've MINE,イソ,Namil Music,2.0,mine/0400.jpg,0.972,0.55,127,330,I_VE MINE/31-namil2.JPG,差し替え
I've MINE,イソ,Namil Music,3.0,mine/0423.jpg,0.989,0.69,128,330,I_VE MINE/51-namil3.JPG,差し替え
I've MINE,イソ,Soundwave,1.0,mine/0391.jpg,0.992,0.613,128,330,I_VE MINE/23-sw1.JPG,差し替え
I've MINE,イソ,Soundwave,10.0 Daejeon,mine/0438.jpg,0.993,0.488,128,330,I_VE MINE/63-daejeon.JPG,差し替え
I've MINE,イソ,Soundwave,11.0 Xmas,mine/0439.jpg,0.992,0.597,127,330,I_VE MINE/64-sw11Xmas.JPG,差し替え
I've MINE,イソ,Soundwave,12.0 Thailand,mine/0441.jpg,0.993,0.412,127,330,I_VE MINE/67-Thailand.JPG,差し替え
I've MINE,イソ,Soundwave,3.0,mine/0409.jpg,0.998,0.65,127,330,I_VE MINE/38-sw3.JPG,差し替え
I've MINE,イソ,Soundwave,5.0,mine/0422.jpg,0.995,0.625,128,215,I_VE MINE/50-sw5.JPG,差し替え
I've MINE,イソ,Soundwave,6.0,mine/0428.jpg,0.992,0.547,128,330,I_VE MINE/56-sw6.JPG,差し替え
I've MINE,イソ,Soundwave,7.0 Busan,mine/0435.jpg,0.995,0.737,128,330,I_VE MINE/60-busan.JPG,差し替え
I've MINE,イソ,Soundwave,8.0 Daegu,mine/0436.jpg,0.994,0.47,128,330,I_VE MINE/61-daegu.JPG,差し替え
I've MINE,イソ,Soundwave,9.0 Gwangju,mine/0437.jpg,0.996,0.658,128,330,I_VE MINE/62-gwangju.JPG,差し替え
I've MINE,イソ,Soundwave ラキドロ,2.0-1,mine/0403.jpg,0.997,0.393,128,215,I_VE MINE/34-sw2.JPG,差し替え
I've MINE,イソ,Soundwave ラキドロ,2.0-2,mine/0404.jpg,0.998,0.607,109,184,I_VE MINE/34-sw2.JPG,差し替え
I've MINE,イソ,Soundwave ラキドロ,4.0-1,mine/0411.jpg,0.984,0.661,125,211,I_VE MINE/40-sw4.JPG,差し替え
I've MINE,イソ,Soundwave ラキドロ,4.0-2,mine/0412.jpg,0.986,0.408,128,215,I_VE MINE/40-sw4.JPG,差し替え
I've MINE,イソ,Starship Square,Digipack 6+3set,mine/0384.jpg,0.997,0.676,127,315,I_VE MINE/17-6+3.JPG,差し替え
I've MINE,イソ,Starship Square,Digipack 6set,mine/0383.jpg,0.988,0.572,128,330,I_VE MINE/16-digipackssq.JPG,差し替え
I've MINE,イソ,Starship Square,PB 3+1set,mine/0385.jpg,0.876,0.568,127,313,I_VE MINE/18-pb4.JPG,差し替え
I've MINE,イソ,Starship Square,PB EW+OTR+BADDIE 1,mine/0387.jpg,0.996,0.486,127,215,I_VE MINE/20-pbssq.JPG,差し替え
I've MINE,イソ,Starship Square,PB EW+OTR+BADDIE 2,mine/0388.jpg,0.99,0.444,127,215,I_VE MINE/20-pbssq.JPG,差し替え
I've MINE,イソ,Starship Square,PB LOVED IVE,mine/0386.jpg,0.315,0.303,127,331,I_VE MINE/65-yzy1.JPG,
I've MINE,イソ,Taiwan,,mine/0410.jpg,0.984,0.569,127,330,I_VE MINE/39-taiwan.JPG,差し替え
I've MINE,イソ,Tower Records,1.0,mine/0397.jpg,0.997,0.694,127,215,I_VE MINE/29-towerrecord.JPG,差し替え
I've MINE,イソ,Tower Records,2.0,mine/0427.jpg,0.998,0.627,127,330,I_VE MINE/55-towerrecord2.JPG,差し替え
I've MINE,イソ,Tower Records,Shibuya,mine/0398.jpg,0.994,0.525,129,215,I_VE MINE/29-towerrecord.JPG,差し替え
I've MINE,イソ,US Exclusive,,mine/0415.jpg,0.994,0.632,128,330,I_VE MINE/43-us.JPG,差し替え
I've MINE,イソ,Yizhiyu,1.0,mine/0434.jpg,0.984,0.598,128,330,I_VE MINE/65-yzy1.JPG,差し替え
I've MINE,イソ,Yizhiyu,2.0,mine/0443.jpg,0.989,0.718,128,329,I_VE MINE/69-yzy2.JPG,差し替え
I've MINE,イソ,mymusictaste,1.0,mine/0396.jpg,0.997,0.643,127,330,I_VE MINE/28-mmt.JPG,差し替え
I've MINE,イソ,mymusictaste,2.0,mine/0421.jpg,0.991,0.711,128,330,I_VE MINE/49-mmt2.JPG,差し替え
I've MINE,イソ,mymusictaste,3.0,mine/0442.jpg,0.991,0.651,127,330,I_VE MINE/68-mmt3.JPG,差し替え
I've MINE,イソ,withmuu,1.0,mine/0393.jpg,0.992,0.521,128,330,I_VE MINE/24-wm1.JPG,差し替え
I've MINE,イソ,withmuu,3.0,mine/0407.jpg,0.979,0.645,126,330,I_VE MINE/36-wm3.JPG,差し替え
I've MINE,イソ,withmuu,4.0,mine/0418.jpg,0.993,0.665,128,330,I_VE MINE/46-wm4.JPG,差し替え
I've MINE,イソ,withmuu,5.0,mine/0429.jpg,0.996,0.646,127,330,I_VE MINE/58-wm5.JPG,差し替え
I've MINE,イソ,withmuu ラキドロ,2.0-1,mine/0405.jpg,0.996,0.649,128,213,I_VE MINE/35-wm2.JPG,差し替え
I've MINE,イソ,withmuu ラキドロ,2.0-2,mine/0406.jpg,0.995,0.663,109,183,I_VE MINE/35-wm2.JPG,差し替え
I've MINE,イソ,withmuu ラキドロ,6.0-1,mine/0430.jpg,0.97,0.514,127,330,I_VE MINE/59-2-wm6(1).JPG,差し替え
I've MINE,イソ,withmuu ラキドロ,6.0-2,mine/0431.jpg,0.689,0.637,116,330,I_VE MINE/26-idou2.JPG,
I've MINE,イソ,withmuu ラキドロ,6.0-3,mine/0432.jpg,0.999,0.664,110,186,I_VE MINE/59-1-wm6.JPG,差し替え
I've MINE,イソ,本体封入,Baddie (Gray ver.),mine/0372.jpg,0.653,0.546,128,331,I_VE MINE/60-busan.JPG,
I've MINE,イソ,本体封入,Digipack ver.,mine/0380.jpg,0.592,0.567,127,331,I_VE MINE/26-idou2.JPG,
I've MINE,イソ,本体封入,Either Way (Pink ver.),mine/0370.jpg,0.695,0.672,127,330,I_VE MINE/21-k41.JPG,
I've MINE,イソ,本体封入,LOVED IVE (White ver.),mine/0377.jpg,0.604,0.589,127,331,I_VE MINE/37-kms2.JPG,
I've MINE,イソ,本体封入,Off The Record (Red ver.),mine/0371.jpg,0.56,0.554,128,215,I_VE MINE/34-sw2.JPG,
I've MINE,イソ,本体封入,PLVE ver.,mine/0376.jpg,0.546,0.53,128,330,I_VE MINE/53-jp day2.JPG,
I've MINE,ウォニョン,Apple Music,1.0,mine/0177.jpg,0.981,0.727,127,331,I_VE MINE/30-am.JPG,差し替え
I've MINE,ウォニョン,Apple Music,2.0,mine/0192.jpg,0.988,0.323,127,331,I_VE MINE/42-am2.JPG,差し替え
I've MINE,ウォニョン,Beatroad,,mine/0180.jpg,0.989,0.694,128,331,I_VE MINE/33-br.JPG,差し替え
I've MINE,ウォニョン,Broadcast,Baddie,mine/0160.jpg,0.988,0.539,128,331,I_VE MINE/14-broadcast2.JPG,差し替え
I've MINE,ウォニョン,Broadcast,LOVED IVE,mine/0159.jpg,0.982,0.683,128,331,I_VE MINE/13-broadcast1.JPG,差し替え
I've MINE,ウォニョン,HOTTRACKS,,mine/0198.jpg,0.972,0.396,127,331,I_VE MINE/48-hottracks.JPG,差し替え
I've MINE,ウォニョン,Hi-Touch,18th・19th,mine/0204.jpg,0.939,0.677,128,331,I_VE MINE/54-hitouch.JPG,差し替え
I've MINE,ウォニョン,IDOUSTAGE,1.0,mine/0172.jpg,0.982,0.692,127,331,I_VE MINE/26-idoustage.JPG,差し替え
I've MINE,ウォニョン,IDOUSTAGE,2.0,mine/0194.jpg,0.988,0.479,127,331,I_VE MINE/26-idou2.JPG,差し替え
I've MINE,ウォニョン,Japan Yokohama Live,15th Day1,mine/0202.jpg,0.534,0.51,127,331,I_VE MINE/24-wm1.JPG,
I've MINE,ウォニョン,Japan Yokohama Live,16th Day2,mine/0203.jpg,0.985,0.672,128,331,I_VE MINE/53-jp day2.JPG,差し替え
I've MINE,ウォニョン,KMStation,1.0,mine/0173.jpg,0.972,0.565,128,331,I_VE MINE/27-kms1.JPG,差し替え
I've MINE,ウォニョン,KMStation,2.0,mine/0186.jpg,0.986,0.686,126,331,I_VE MINE/37-kms2.JPG,差し替え
I've MINE,ウォニョン,KMStation,3.0,mine/0195.jpg,0.985,0.46,127,331,I_VE MINE/45-kms3.JPG,差し替え
I've MINE,ウォニョン,KMStation,4.0,mine/0218.jpg,0.994,0.657,128,331,I_VE MINE/66-kms4.JPG,差し替え
I've MINE,ウォニョン,Kakao Gift,,mine/0170.jpg,0.974,0.441,128,331,I_VE MINE/25-kakao.JPG,差し替え
I've MINE,ウォニョン,Ktown4U,1.0,mine/0167.jpg,0.986,0.437,128,331,I_VE MINE/21-k41.JPG,差し替え
I've MINE,ウォニョン,Ktown4U,2.0,mine/0179.jpg,0.99,0.56,128,331,I_VE MINE/32-k42.jpg,差し替え
I've MINE,ウォニョン,Makestar,1.0,mine/0191.jpg,0.463,0.449,125,315,I_VE MINE/17-6+3.JPG,
I've MINE,ウォニョン,Makestar,2.0,mine/0211.jpg,0.987,0.596,128,331,I_VE MINE/57-ms2.JPG,差し替え
I've MINE,ウォニョン,MusicArt,,mine/0197.jpg,0.991,0.506,127,331,I_VE MINE/47-musicart.JPG,差し替え
I've MINE,ウォニョン,Namil Music,1.0,mine/0168.jpg,0.471,0.457,108,215,I_VE MINE/15-broadcast.JPG,
I've MINE,ウォニョン,Namil Music,2.0,mine/0178.jpg,0.944,0.577,127,331,I_VE MINE/31-namil2.JPG,差し替え
I've MINE,ウォニョン,Namil Music,3.0,mine/0201.jpg,0.985,0.738,128,331,I_VE MINE/51-namil3.JPG,差し替え
I've MINE,ウォニョン,Soundwave,1.0,mine/0169.jpg,0.968,0.551,128,331,I_VE MINE/23-sw1.JPG,差し替え
I've MINE,ウォニョン,Soundwave,10.0 Daejeon,mine/0216.jpg,0.992,0.603,128,330,I_VE MINE/63-daejeon.JPG,差し替え
I've MINE,ウォニョン,Soundwave,11.0 Xmas,mine/0217.jpg,0.99,0.573,127,331,I_VE MINE/64-sw11Xmas.JPG,差し替え
I've MINE,ウォニョン,Soundwave,12.0 Thailand,mine/0219.jpg,0.989,0.53,127,331,I_VE MINE/67-Thailand.JPG,差し替え
I've MINE,ウォニョン,Soundwave,3.0,mine/0187.jpg,0.996,0.608,127,331,I_VE MINE/38-sw3.JPG,差し替え
I've MINE,ウォニョン,Soundwave,5.0,mine/0200.jpg,0.68,0.672,128,331,I_VE MINE/69-yzy2.JPG,
I've MINE,ウォニョン,Soundwave,6.0,mine/0206.jpg,0.986,0.554,128,331,I_VE MINE/56-sw6.JPG,差し替え
I've MINE,ウォニョン,Soundwave,7.0 Busan,mine/0213.jpg,0.991,0.585,128,324,I_VE MINE/60-busan.JPG,差し替え
I've MINE,ウォニョン,Soundwave,8.0 Daegu,mine/0214.jpg,0.999,0.515,128,331,I_VE MINE/61-daegu.JPG,差し替え
I've MINE,ウォニョン,Soundwave,9.0 Gwangju,mine/0215.jpg,0.998,0.622,128,331,I_VE MINE/62-gwangju.JPG,差し替え
I've MINE,ウォニョン,Soundwave ラキドロ,2.0-1,mine/0181.jpg,0.977,0.612,128,215,I_VE MINE/34-sw2.JPG,差し替え
I've MINE,ウォニョン,Soundwave ラキドロ,2.0-2,mine/0182.jpg,0.999,0.662,109,185,I_VE MINE/34-sw2.JPG,差し替え
I've MINE,ウォニョン,Soundwave ラキドロ,4.0-1,mine/0189.jpg,0.943,0.656,125,215,I_VE MINE/40-sw4.JPG,差し替え
I've MINE,ウォニョン,Soundwave ラキドロ,4.0-2,mine/0190.jpg,0.967,0.518,128,215,I_VE MINE/40-sw4.JPG,差し替え
I've MINE,ウォニョン,Starship Square,Digipack 6+3set,mine/0162.jpg,0.991,0.598,127,315,I_VE MINE/17-6+3.JPG,差し替え
I've MINE,ウォニョン,Starship Square,Digipack 6set,mine/0161.jpg,0.969,0.672,128,331,I_VE MINE/16-digipackssq.JPG,差し替え
I've MINE,ウォニョン,Starship Square,PB 3+1set,mine/0163.jpg,0.976,0.355,127,315,I_VE MINE/18-pb4.JPG,差し替え
I've MINE,ウォニョン,Starship Square,PB EW+OTR+BADDIE 1,mine/0165.jpg,0.95,0.601,127,215,I_VE MINE/20-pbssq.JPG,差し替え
I've MINE,ウォニョン,Starship Square,PB EW+OTR+BADDIE 2,mine/0166.jpg,0.987,0.519,127,215,I_VE MINE/20-pbssq.JPG,差し替え
I've MINE,ウォニョン,Starship Square,PB LOVED IVE,mine/0164.jpg,0.456,0.37,127,331,I_VE MINE/51-namil3.JPG,
I've MINE,ウォニョン,Taiwan,,mine/0188.jpg,0.978,0.659,127,331,I_VE MINE/39-taiwan.JPG,差し替え
I've MINE,ウォニョン,Tower Records,1.0,mine/0175.jpg,0.92,0.531,127,215,I_VE MINE/29-towerrecord.JPG,差し替え
I've MINE,ウォニョン,Tower Records,2.0,mine/0205.jpg,0.995,0.624,127,331,I_VE MINE/55-towerrecord2.JPG,差し替え
I've MINE,ウォニョン,Tower Records,Shibuya,mine/0176.jpg,0.977,0.614,129,215,I_VE MINE/29-towerrecord.JPG,差し替え
I've MINE,ウォニョン,US Exclusive,,mine/0193.jpg,0.979,0.504,128,331,I_VE MINE/43-us.JPG,差し替え
I've MINE,ウォニョン,Yizhiyu,1.0,mine/0212.jpg,0.994,0.518,128,331,I_VE MINE/65-yzy1.JPG,差し替え
I've MINE,ウォニョン,Yizhiyu,2.0,mine/0221.jpg,0.973,0.708,128,331,I_VE MINE/69-yzy2.JPG,差し替え
I've MINE,ウォニョン,mymusictaste,1.0,mine/0174.jpg,0.985,0.532,127,331,I_VE MINE/28-mmt.JPG,差し替え
I've MINE,ウォニョン,mymusictaste,2.0,mine/0199.jpg,0.98,0.751,128,331,I_VE MINE/49-mmt2.JPG,差し替え
I've MINE,ウォニョン,mymusictaste,3.0,mine/0220.jpg,0.998,0.584,127,331,I_VE MINE/68-mmt3.JPG,差し替え
I've MINE,ウォニョン,withmuu,1.0,mine/0171.jpg,0.957,0.388,128,331,I_VE MINE/24-wm1.JPG,差し替え
I've MINE,ウォニョン,withmuu,3.0,mine/0185.jpg,0.985,0.584,126,331,I_VE MINE/36-wm3.JPG,差し替え
I've MINE,ウォニョン,withmuu,4.0,mine/0196.jpg,0.983,0.423,128,331,I_VE MINE/46-wm4.JPG,差し替え
I've MINE,ウォニョン,withmuu,5.0,mine/0207.jpg,0.992,0.606,127,331,I_VE MINE/58-wm5.JPG,差し替え
I've MINE,ウォニョン,withmuu ラキドロ,2.0-1,mine/0183.jpg,0.939,0.503,128,215,I_VE MINE/35-wm2.JPG,差し替え
I've MINE,ウォニョン,withmuu ラキドロ,2.0-2,mine/0184.jpg,0.98,0.673,109,185,I_VE MINE/35-wm2.JPG,差し替え
I've MINE,ウォニョン,withmuu ラキドロ,6.0-1,mine/0208.jpg,0.971,0.608,127,331,I_VE MINE/59-2-wm6(1).JPG,差し替え
I've MINE,ウォニョン,withmuu ラキドロ,6.0-2,mine/0209.jpg,0.786,0.577,116,215,I_VE MINE/59-1-wm6.JPG,
I've MINE,ウォニョン,withmuu ラキドロ,6.0-3,mine/0210.jpg,0.995,0.398,110,185,I_VE MINE/59-1-wm6.JPG,差し替え
I've MINE,ウォニョン,本体封入,Baddie (Gray ver.),mine/0150.jpg,0.581,0.568,128,331,I_VE MINE/51-namil3.JPG,
I've MINE,ウォニョン,本体封入,Digipack ver.,mine/0158.jpg,0.736,0.682,127,215,I_VE MINE/15-broadcast.JPG,
I've MINE,ウォニョン,本体封入,Either Way (Pink ver.),mine/0148.jpg,0.582,0.433,127,331,I_VE MINE/21-k41.JPG,
I've MINE,ウォニョン,本体封入,LOVED IVE (White ver.),mine/0155.jpg,0.573,0.558,127,215,I_VE MINE/20-pbssq.JPG,
I've MINE,ウォニョン,本体封入,Off The Record (Red ver.),mine/0149.jpg,0.511,0.432,128,331,I_VE MINE/25-kakao.JPG,
I've MINE,ウォニョン,本体封入,PLVE ver.,mine/0154.jpg,0.566,0.516,128,331,I_VE MINE/32-k42.jpg,
I've MINE,ガウル,Apple Music,1.0,mine/0029.jpg,0.995,0.707,127,331,I_VE MINE/30-am.JPG,差し替え
I've MINE,ガウル,Apple Music,2.0,mine/0044.jpg,0.993,0.683,127,331,I_VE MINE/42-am2.JPG,差し替え
I've MINE,ガウル,Beatroad,,mine/0032.jpg,0.995,0.523,128,331,I_VE MINE/33-br.JPG,差し替え
I've MINE,ガウル,Broadcast,Baddie,mine/0012.jpg,0.995,0.596,128,331,I_VE MINE/14-broadcast2.JPG,差し替え
I've MINE,ガウル,Broadcast,LOVED IVE,mine/0011.jpg,0.999,0.685,128,215,I_VE MINE/15-broadcast.JPG,差し替え
I've MINE,ガウル,HOTTRACKS,,mine/0050.jpg,0.985,0.441,127,331,I_VE MINE/48-hottracks.JPG,差し替え
I've MINE,ガウル,Hi-Touch,18th・19th,mine/0056.jpg,0.994,0.617,128,331,I_VE MINE/54-hitouch.JPG,差し替え
I've MINE,ガウル,IDOUSTAGE,1.0,mine/0024.jpg,0.991,0.555,127,331,I_VE MINE/26-idoustage.JPG,差し替え
I've MINE,ガウル,IDOUSTAGE,2.0,mine/0046.jpg,0.994,0.553,127,331,I_VE MINE/26-idou2.JPG,差し替え
I've MINE,ガウル,Japan Yokohama Live,15th Day1,mine/0054.jpg,0.616,0.571,127,331,I_VE MINE/24-wm1.JPG,
I've MINE,ガウル,Japan Yokohama Live,16th Day2,mine/0055.jpg,0.996,0.552,128,331,I_VE MINE/53-jp day2.JPG,差し替え
I've MINE,ガウル,KMStation,1.0,mine/0025.jpg,0.993,0.731,128,330,I_VE MINE/27-kms1.JPG,差し替え
I've MINE,ガウル,KMStation,2.0,mine/0038.jpg,0.996,0.655,126,331,I_VE MINE/37-kms2.JPG,差し替え
I've MINE,ガウル,KMStation,3.0,mine/0047.jpg,0.995,0.611,127,331,I_VE MINE/45-kms3.JPG,差し替え
I've MINE,ガウル,KMStation,4.0,mine/0070.jpg,0.998,0.757,128,331,I_VE MINE/66-kms4.JPG,差し替え
I've MINE,ガウル,Kakao Gift,,mine/0022.jpg,0.991,0.624,128,331,I_VE MINE/25-kakao.JPG,差し替え
I've MINE,ガウル,Ktown4U,1.0,mine/0019.jpg,0.991,0.703,128,331,I_VE MINE/21-k41.JPG,差し替え
I've MINE,ガウル,Ktown4U,2.0,mine/0031.jpg,0.991,0.717,128,331,I_VE MINE/32-k42.jpg,差し替え
I've MINE,ガウル,Makestar,1.0,mine/0043.jpg,0.546,0.528,125,331,I_VE MINE/69-yzy2.JPG,
I've MINE,ガウル,Makestar,2.0,mine/0063.jpg,0.993,0.67,128,331,I_VE MINE/57-ms2.JPG,差し替え
I've MINE,ガウル,MusicArt,,mine/0049.jpg,0.995,0.564,127,331,I_VE MINE/47-musicart.JPG,差し替え
I've MINE,ガウル,Namil Music,1.0,mine/0020.jpg,0.533,0.53,108,331,I_VE MINE/22-namil1.JPG,
I've MINE,ガウル,Namil Music,2.0,mine/0030.jpg,0.99,0.658,127,331,I_VE MINE/31-namil2.JPG,差し替え
I've MINE,ガウル,Namil Music,3.0,mine/0053.jpg,0.994,0.746,128,331,I_VE MINE/51-namil3.JPG,差し替え
I've MINE,ガウル,Soundwave,1.0,mine/0021.jpg,0.994,0.583,128,331,I_VE MINE/23-sw1.JPG,差し替え
I've MINE,ガウル,Soundwave,10.0 Daejeon,mine/0068.jpg,0.999,0.754,128,331,I_VE MINE/63-daejeon.JPG,差し替え
I've MINE,ガウル,Soundwave,11.0 Xmas,mine/0069.jpg,0.99,0.606,127,331,I_VE MINE/64-sw11Xmas.JPG,差し替え
I've MINE,ガウル,Soundwave,12.0 Thailand,mine/0071.jpg,0.996,0.673,127,331,I_VE MINE/67-Thailand.JPG,差し替え
I've MINE,ガウル,Soundwave,3.0,mine/0039.jpg,0.997,0.556,127,331,I_VE MINE/38-sw3.JPG,差し替え
I've MINE,ガウル,Soundwave,5.0,mine/0052.jpg,0.997,0.671,128,216,I_VE MINE/50-sw5.JPG,差し替え
I've MINE,ガウル,Soundwave,6.0,mine/0058.jpg,0.998,0.686,128,331,I_VE MINE/56-sw6.JPG,差し替え
I've MINE,ガウル,Soundwave,7.0 Busan,mine/0065.jpg,0.996,0.71,128,331,I_VE MINE/60-busan.JPG,差し替え
I've MINE,ガウル,Soundwave,8.0 Daegu,mine/0066.jpg,0.999,0.531,128,331,I_VE MINE/61-daegu.JPG,差し替え
I've MINE,ガウル,Soundwave,9.0 Gwangju,mine/0067.jpg,0.999,0.603,128,331,I_VE MINE/62-gwangju.JPG,差し替え
I've MINE,ガウル,Soundwave ラキドロ,2.0-1,mine/0033.jpg,0.996,0.648,128,215,I_VE MINE/34-sw2.JPG,差し替え
I've MINE,ガウル,Soundwave ラキドロ,2.0-2,mine/0034.jpg,0.984,0.515,109,183,I_VE MINE/34-sw2.JPG,差し替え
I've MINE,ガウル,Soundwave ラキドロ,4.0-1,mine/0041.jpg,0.959,0.723,125,215,I_VE MINE/40-sw4.JPG,差し替え
I've MINE,ガウル,Soundwave ラキドロ,4.0-2,mine/0042.jpg,0.989,0.462,128,215,I_VE MINE/40-sw4.JPG,差し替え
I've MINE,ガウル,Starship Square,Digipack 6+3set,mine/0014.jpg,0.997,0.716,127,315,I_VE MINE/17-6+3.JPG,差し替え
I've MINE,ガウル,Starship Square,Digipack 6set,mine/0013.jpg,0.997,0.483,128,331,I_VE MINE/16-digipackssq.JPG,差し替え
I've MINE,ガウル,Starship Square,PB 3+1set,mine/0015.jpg,0.804,0.448,127,315,I_VE MINE/18-pb4.JPG,差し替え
I've MINE,ガウル,Starship Square,PB EW+OTR+BADDIE 1,mine/0017.jpg,0.985,0.639,127,213,I_VE MINE/20-pbssq.JPG,差し替え
I've MINE,ガウル,Starship Square,PB EW+OTR+BADDIE 2,mine/0018.jpg,0.723,0.505,127,196,I_VE MINE/20-pbssq.JPG,
I've MINE,ガウル,Starship Square,PB LOVED IVE,mine/0016.jpg,0.464,0.399,127,331,I_VE MINE/42-am2.JPG,
I've MINE,ガウル,Taiwan,,mine/0040.jpg,0.991,0.611,127,331,I_VE MINE/39-taiwan.JPG,差し替え
I've MINE,ガウル,Tower Records,1.0,mine/0027.jpg,0.99,0.732,127,213,I_VE MINE/29-towerrecord.JPG,差し替え
I've MINE,ガウル,Tower Records,2.0,mine/0057.jpg,0.998,0.56,127,331,I_VE MINE/55-towerrecord2.JPG,差し替え
I've MINE,ガウル,Tower Records,Shibuya,mine/0028.jpg,0.98,0.422,129,215,I_VE MINE/29-towerrecord.JPG,差し替え
I've MINE,ガウル,US Exclusive,,mine/0045.jpg,0.994,0.539,128,331,I_VE MINE/43-us.JPG,差し替え
I've MINE,ガウル,Yizhiyu,1.0,mine/0064.jpg,0.997,0.646,128,331,I_VE MINE/65-yzy1.JPG,差し替え
I've MINE,ガウル,Yizhiyu,2.0,mine/0073.jpg,0.997,0.718,128,331,I_VE MINE/69-yzy2.JPG,差し替え
I've MINE,ガウル,mymusictaste,1.0,mine/0026.jpg,0.994,0.586,127,330,I_VE MINE/28-mmt.JPG,差し替え
I've MINE,ガウル,mymusictaste,2.0,mine/0051.jpg,0.995,0.642,128,331,I_VE MINE/49-mmt2.JPG,差し替え
I've MINE,ガウル,mymusictaste,3.0,mine/0072.jpg,0.997,0.768,127,331,I_VE MINE/68-mmt3.JPG,差し替え
I've MINE,ガウル,withmuu,1.0,mine/0023.jpg,0.991,0.682,128,331,I_VE MINE/24-wm1.JPG,差し替え
I've MINE,ガウル,withmuu,3.0,mine/0037.jpg,0.993,0.718,126,331,I_VE MINE/36-wm3.JPG,差し替え
I've MINE,ガウル,withmuu,4.0,mine/0048.jpg,0.994,0.562,128,330,I_VE MINE/46-wm4.JPG,差し替え
I've MINE,ガウル,withmuu,5.0,mine/0059.jpg,0.999,0.72,127,331,I_VE MINE/58-wm5.JPG,差し替え
I've MINE,ガウル,withmuu ラキドロ,2.0-1,mine/0035.jpg,0.997,0.684,128,215,I_VE MINE/35-wm2.JPG,差し替え
I've MINE,ガウル,withmuu ラキドロ,2.0-2,mine/0036.jpg,0.987,0.469,109,184,I_VE MINE/35-wm2.JPG,差し替え
I've MINE,ガウル,withmuu ラキドロ,6.0-1,mine/0060.jpg,0.989,0.592,127,215,I_VE MINE/59-1-wm6.JPG,差し替え
I've MINE,ガウル,withmuu ラキドロ,6.0-2,mine/0061.jpg,0.775,0.441,116,331,I_VE MINE/59-2-wm6.JPG,
I've MINE,ガウル,withmuu ラキドロ,6.0-3,mine/0062.jpg,0.99,0.556,110,184,I_VE MINE/59-1-wm6.JPG,差し替え
I've MINE,ガウル,本体封入,Baddie (Gray ver.),mine/0002.jpg,0.468,0.457,128,184,I_VE MINE/34-sw2.JPG,
I've MINE,ガウル,本体封入,Digipack ver.,mine/0010.jpg,0.778,0.515,127,331,I_VE MINE/26-idoustage.JPG,
I've MINE,ガウル,本体封入,Either Way (Pink ver.),mine/0000.jpg,0.549,0.533,127,331,I_VE MINE/51-namil3.JPG,
I've MINE,ガウル,本体封入,LOVED IVE (White ver.),mine/0007.jpg,0.683,0.66,127,315,I_VE MINE/17-6+3.JPG,
I've MINE,ガウル,本体封入,Off The Record (Red ver.),mine/0001.jpg,0.421,0.403,128,331,I_VE MINE/38-sw3.JPG,
I've MINE,ガウル,本体封入,PLVE ver.,mine/0006.jpg,0.652,0.643,128,330,I_VE MINE/27-kms1.JPG,
I've MINE,ユジン,Apple Music,1.0,mine/0103.jpg,0.986,0.641,127,331,I_VE MINE/30-am.JPG,差し替え
I've MINE,ユジン,Apple Music,2.0,mine/0118.jpg,0.997,0.524,127,331,I_VE MINE/42-am2.JPG,差し替え
I've MINE,ユジン,Beatroad,,mine/0106.jpg,0.991,0.575,128,331,I_VE MINE/33-br.JPG,差し替え
I've MINE,ユジン,Broadcast,Baddie,mine/0086.jpg,0.997,0.565,128,331,I_VE MINE/14-broadcast2.JPG,差し替え
I've MINE,ユジン,Broadcast,LOVED IVE,mine/0085.jpg,0.992,0.483,128,331,I_VE MINE/13-broadcast1.JPG,差し替え
I've MINE,ユジン,HOTTRACKS,,mine/0124.jpg,0.986,0.418,127,331,I_VE MINE/48-hottracks.JPG,差し替え
I've MINE,ユジン,Hi-Touch,18th・19th,mine/0130.jpg,0.991,0.498,128,331,I_VE MINE/54-hitouch.JPG,差し替え
I've MINE,ユジン,IDOUSTAGE,1.0,mine/0098.jpg,0.987,0.608,127,331,I_VE MINE/26-idoustage.JPG,差し替え
I've MINE,ユジン,IDOUSTAGE,2.0,mine/0120.jpg,0.994,0.573,127,331,I_VE MINE/26-idou2.JPG,差し替え
I've MINE,ユジン,Japan Yokohama Live,15th Day1,mine/0128.jpg,0.607,0.6,127,331,I_VE MINE/53-jp day2.JPG,
I've MINE,ユジン,Japan Yokohama Live,16th Day2,mine/0129.jpg,0.994,0.659,128,331,I_VE MINE/53-jp day2.JPG,差し替え
I've MINE,ユジン,KMStation,1.0,mine/0099.jpg,0.989,0.569,128,331,I_VE MINE/27-kms1.JPG,差し替え
I've MINE,ユジン,KMStation,2.0,mine/0112.jpg,0.995,0.5,126,331,I_VE MINE/37-kms2.JPG,差し替え
I've MINE,ユジン,KMStation,3.0,mine/0121.jpg,0.995,0.595,127,331,I_VE MINE/45-kms3.JPG,差し替え
I've MINE,ユジン,KMStation,4.0,mine/0144.jpg,0.995,0.701,128,330,I_VE MINE/66-kms4.JPG,差し替え
I've MINE,ユジン,Kakao Gift,,mine/0096.jpg,0.968,0.454,128,331,I_VE MINE/25-kakao.JPG,差し替え
I've MINE,ユジン,Ktown4U,1.0,mine/0093.jpg,0.985,0.631,128,331,I_VE MINE/21-k41.JPG,差し替え
I've MINE,ユジン,Ktown4U,2.0,mine/0105.jpg,0.986,0.518,128,331,I_VE MINE/32-k42.jpg,差し替え
I've MINE,ユジン,Makestar,1.0,mine/0117.jpg,0.32,0.32,125,330,I_VE MINE/28-mmt.JPG,
I've MINE,ユジン,Makestar,2.0,mine/0137.jpg,0.984,0.57,128,331,I_VE MINE/57-ms2.JPG,差し替え
I've MINE,ユジン,MusicArt,,mine/0123.jpg,0.996,0.573,127,331,I_VE MINE/47-musicart.JPG,差し替え
I've MINE,ユジン,Namil Music,1.0,mine/0094.jpg,0.377,0.372,108,215,I_VE MINE/34-sw2.JPG,
I've MINE,ユジン,Namil Music,2.0,mine/0104.jpg,0.976,0.545,127,331,I_VE MINE/31-namil2.JPG,差し替え
I've MINE,ユジン,Namil Music,3.0,mine/0127.jpg,0.665,0.645,128,215,I_VE MINE/35-wm2.JPG,
I've MINE,ユジン,Soundwave,1.0,mine/0095.jpg,0.971,0.36,128,331,I_VE MINE/23-sw1.JPG,差し替え
I've MINE,ユジン,Soundwave,10.0 Daejeon,mine/0142.jpg,0.994,0.438,128,331,I_VE MINE/63-daejeon.JPG,差し替え
I've MINE,ユジン,Soundwave,11.0 Xmas,mine/0143.jpg,0.988,0.514,127,331,I_VE MINE/64-sw11Xmas.JPG,差し替え
I've MINE,ユジン,Soundwave,12.0 Thailand,mine/0145.jpg,0.997,0.691,127,331,I_VE MINE/67-Thailand.JPG,差し替え
I've MINE,ユジン,Soundwave,3.0,mine/0113.jpg,0.997,0.576,127,331,I_VE MINE/38-sw3.JPG,差し替え
I've MINE,ユジン,Soundwave,5.0,mine/0126.jpg,0.994,0.675,128,216,I_VE MINE/50-sw5.JPG,差し替え
I've MINE,ユジン,Soundwave,6.0,mine/0132.jpg,0.993,0.47,128,331,I_VE MINE/56-sw6.JPG,差し替え
I've MINE,ユジン,Soundwave,7.0 Busan,mine/0139.jpg,0.994,0.394,128,331,I_VE MINE/60-busan.JPG,差し替え
I've MINE,ユジン,Soundwave,8.0 Daegu,mine/0140.jpg,0.997,0.341,128,331,I_VE MINE/61-daegu.JPG,差し替え
I've MINE,ユジン,Soundwave,9.0 Gwangju,mine/0141.jpg,0.998,0.567,128,331,I_VE MINE/62-gwangju.JPG,差し替え
I've MINE,ユジン,Soundwave ラキドロ,2.0-1,mine/0107.jpg,0.988,0.416,128,215,I_VE MINE/34-sw2.JPG,差し替え
I've MINE,ユジン,Soundwave ラキドロ,2.0-2,mine/0108.jpg,0.99,0.562,109,185,I_VE MINE/34-sw2.JPG,差し替え
I've MINE,ユジン,Soundwave ラキドロ,4.0-1,mine/0115.jpg,0.943,0.486,125,215,I_VE MINE/40-sw4.JPG,差し替え
I've MINE,ユジン,Soundwave ラキドロ,4.0-2,mine/0116.jpg,0.991,0.658,128,215,I_VE MINE/40-sw4.JPG,差し替え
I've MINE,ユジン,Starship Square,Digipack 6+3set,mine/0088.jpg,0.998,0.71,127,315,I_VE MINE/17-6+3.JPG,差し替え
I've MINE,ユジン,Starship Square,Digipack 6set,mine/0087.jpg,0.989,0.534,128,331,I_VE MINE/16-digipackssq.JPG,差し替え
I've MINE,ユジン,Starship Square,PB 3+1set,mine/0089.jpg,0.99,0.494,127,313,I_VE MINE/18-pb4.JPG,差し替え
I've MINE,ユジン,Starship Square,PB EW+OTR+BADDIE 1,mine/0091.jpg,0.979,0.562,127,215,I_VE MINE/20-pbssq.JPG,差し替え
I've MINE,ユジン,Starship Square,PB EW+OTR+BADDIE 2,mine/0092.jpg,0.994,0.551,127,215,I_VE MINE/20-pbssq.JPG,差し替え
I've MINE,ユジン,Starship Square,PB LOVED IVE,mine/0090.jpg,0.367,0.336,127,315,I_VE MINE/18-pb4.JPG,
I've MINE,ユジン,Taiwan,,mine/0114.jpg,0.985,0.482,127,331,I_VE MINE/39-taiwan.JPG,差し替え
I've MINE,ユジン,Tower Records,1.0,mine/0101.jpg,0.653,0.579,127,331,I_VE MINE/58-wm5.JPG,
I've MINE,ユジン,Tower Records,2.0,mine/0131.jpg,0.998,0.635,127,331,I_VE MINE/55-towerrecord2.JPG,差し替え
I've MINE,ユジン,Tower Records,Shibuya,mine/0102.jpg,0.992,0.534,129,215,I_VE MINE/29-towerrecord.JPG,差し替え
I've MINE,ユジン,US Exclusive,,mine/0119.jpg,0.995,0.577,128,331,I_VE MINE/43-us.JPG,差し替え
I've MINE,ユジン,Yizhiyu,1.0,mine/0138.jpg,0.993,0.477,128,331,I_VE MINE/65-yzy1.JPG,差し替え
I've MINE,ユジン,Yizhiyu,2.0,mine/0147.jpg,0.999,0.621,128,331,I_VE MINE/69-yzy2.JPG,差し替え
I've MINE,ユジン,mymusictaste,1.0,mine/0100.jpg,0.989,0.512,127,331,I_VE MINE/28-mmt.JPG,差し替え
I've MINE,ユジン,mymusictaste,2.0,mine/0125.jpg,0.99,0.71,128,331,I_VE MINE/49-mmt2.JPG,差し替え
I've MINE,ユジン,mymusictaste,3.0,mine/0146.jpg,0.999,0.724,127,331,I_VE MINE/68-mmt3.JPG,差し替え
I've MINE,ユジン,withmuu,1.0,mine/0097.jpg,0.987,0.555,128,331,I_VE MINE/24-wm1.JPG,差し替え
I've MINE,ユジン,withmuu,3.0,mine/0111.jpg,0.986,0.356,126,331,I_VE MINE/36-wm3.JPG,差し替え
I've MINE,ユジン,withmuu,4.0,mine/0122.jpg,0.987,0.495,128,331,I_VE MINE/46-wm4.JPG,差し替え
I've MINE,ユジン,withmuu,5.0,mine/0133.jpg,0.999,0.682,127,331,I_VE MINE/58-wm5.JPG,差し替え
I've MINE,ユジン,withmuu ラキドロ,2.0-1,mine/0109.jpg,0.996,0.679,128,215,I_VE MINE/35-wm2.JPG,差し替え
I've MINE,ユジン,withmuu ラキドロ,2.0-2,mine/0110.jpg,0.986,0.384,109,185,I_VE MINE/35-wm2.JPG,差し替え
I've MINE,ユジン,withmuu ラキドロ,6.0-1,mine/0134.jpg,0.984,0.514,127,331,I_VE MINE/59-2-wm6(1).JPG,差し替え
I've MINE,ユジン,withmuu ラキドロ,6.0-2,mine/0135.jpg,0.83,0.425,116,331,I_VE MINE/59-2-wm6.JPG,差し替え
I've MINE,ユジン,withmuu ラキドロ,6.0-3,mine/0136.jpg,0.943,0.573,110,185,I_VE MINE/59-1-wm6.JPG,差し替え
I've MINE,ユジン,本体封入,Baddie (Gray ver.),mine/0076.jpg,0.517,0.507,128,215,I_VE MINE/15-broadcast.JPG,
I've MINE,ユジン,本体封入,Digipack ver.,mine/0084.jpg,0.541,0.527,127,330,I_VE MINE/62-gwangju.JPG,
I've MINE,ユジン,本体封入,Either Way (Pink ver.),mine/0074.jpg,0.48,0.466,127,331,I_VE MINE/14-broadcast2.JPG,
I've MINE,ユジン,本体封入,LOVED IVE (White ver.),mine/0081.jpg,0.622,0.585,127,215,I_VE MINE/35-wm2.JPG,
I've MINE,ユジン,本体封入,Off The Record (Red ver.),mine/0075.jpg,0.601,0.596,128,331,I_VE MINE/58-wm5.JPG,
I've MINE,ユジン,本体封入,PLVE ver.,mine/0080.jpg,0.52,0.459,128,331,I_VE MINE/31-namil2.JPG,
I've MINE,リズ,Apple Music,1.0,mine/0325.jpg,0.993,0.555,127,331,I_VE MINE/30-am.JPG,差し替え
I've MINE,リズ,Apple Music,2.0,mine/0340.jpg,0.998,0.706,127,331,I_VE MINE/42-am2.JPG,差し替え
I've MINE,リズ,Beatroad,,mine/0328.jpg,0.996,0.7,128,331,I_VE MINE/33-br.JPG,差し替え
I've MINE,リズ,Broadcast,Baddie,mine/0308.jpg,0.999,0.441,128,331,I_VE MINE/14-broadcast2.JPG,差し替え
I've MINE,リズ,Broadcast,LOVED IVE,mine/0307.jpg,0.959,0.492,128,217,I_VE MINE/15-broadcast.JPG,差し替え
I've MINE,リズ,HOTTRACKS,,mine/0346.jpg,0.995,0.639,127,331,I_VE MINE/48-hottracks.JPG,差し替え
I've MINE,リズ,Hi-Touch,18th・19th,mine/0352.jpg,0.982,0.493,128,331,I_VE MINE/54-hitouch.JPG,差し替え
I've MINE,リズ,IDOUSTAGE,1.0,mine/0320.jpg,0.99,0.657,127,331,I_VE MINE/26-idoustage.JPG,差し替え
I've MINE,リズ,IDOUSTAGE,2.0,mine/0342.jpg,0.984,0.391,127,331,I_VE MINE/26-idou2.JPG,差し替え
I've MINE,リズ,Japan Yokohama Live,15th Day1,mine/0350.jpg,0.49,0.438,127,330,I_VE MINE/65-yzy1.JPG,
I've MINE,リズ,Japan Yokohama Live,16th Day2,mine/0351.jpg,0.994,0.572,128,331,I_VE MINE/53-jp day2.JPG,差し替え
I've MINE,リズ,KMStation,1.0,mine/0321.jpg,0.982,0.618,128,331,I_VE MINE/27-kms1.JPG,差し替え
I've MINE,リズ,KMStation,2.0,mine/0334.jpg,0.992,0.517,126,331,I_VE MINE/37-kms2.JPG,差し替え
I've MINE,リズ,KMStation,3.0,mine/0343.jpg,0.993,0.621,127,331,I_VE MINE/45-kms3.JPG,差し替え
I've MINE,リズ,KMStation,4.0,mine/0366.jpg,0.998,0.575,128,331,I_VE MINE/66-kms4.JPG,差し替え
I've MINE,リズ,Kakao Gift,,mine/0318.jpg,0.988,0.712,128,331,I_VE MINE/25-kakao.JPG,差し替え
I've MINE,リズ,Ktown4U,1.0,mine/0315.jpg,0.996,0.6,128,331,I_VE MINE/21-k41.JPG,差し替え
I've MINE,リズ,Ktown4U,2.0,mine/0327.jpg,0.991,0.439,128,331,I_VE MINE/32-k42.jpg,差し替え
I've MINE,リズ,Makestar,1.0,mine/0339.jpg,0.507,0.358,125,313,I_VE MINE/18-pb4.JPG,
I've MINE,リズ,Makestar,2.0,mine/0359.jpg,0.981,0.535,128,331,I_VE MINE/57-ms2.JPG,差し替え
I've MINE,リズ,MusicArt,,mine/0345.jpg,0.995,0.377,127,331,I_VE MINE/47-musicart.JPG,差し替え
I've MINE,リズ,Namil Music,1.0,mine/0316.jpg,0.384,0.31,108,331,I_VE MINE/22-namil1.JPG,
I've MINE,リズ,Namil Music,2.0,mine/0326.jpg,0.98,0.421,127,331,I_VE MINE/31-namil2.JPG,差し替え
I've MINE,リズ,Namil Music,3.0,mine/0349.jpg,0.988,0.601,128,331,I_VE MINE/51-namil3.JPG,差し替え
I've MINE,リズ,Soundwave,1.0,mine/0317.jpg,0.994,0.664,128,331,I_VE MINE/23-sw1.JPG,差し替え
I've MINE,リズ,Soundwave,10.0 Daejeon,mine/0364.jpg,0.993,0.409,128,331,I_VE MINE/63-daejeon.JPG,差し替え
I've MINE,リズ,Soundwave,11.0 Xmas,mine/0365.jpg,0.969,0.506,127,331,I_VE MINE/64-sw11Xmas.JPG,差し替え
I've MINE,リズ,Soundwave,12.0 Thailand,mine/0367.jpg,0.998,0.577,127,331,I_VE MINE/67-Thailand.JPG,差し替え
I've MINE,リズ,Soundwave,3.0,mine/0335.jpg,0.996,0.575,127,331,I_VE MINE/38-sw3.JPG,差し替え
I've MINE,リズ,Soundwave,5.0,mine/0348.jpg,0.995,0.676,128,216,I_VE MINE/50-sw5.JPG,差し替え
I've MINE,リズ,Soundwave,6.0,mine/0354.jpg,0.993,0.583,128,331,I_VE MINE/56-sw6.JPG,差し替え
I've MINE,リズ,Soundwave,7.0 Busan,mine/0361.jpg,0.982,0.4,128,331,I_VE MINE/60-busan.JPG,差し替え
I've MINE,リズ,Soundwave,8.0 Daegu,mine/0362.jpg,0.997,0.62,128,331,I_VE MINE/61-daegu.JPG,差し替え
I've MINE,リズ,Soundwave,9.0 Gwangju,mine/0363.jpg,0.996,0.52,128,331,I_VE MINE/62-gwangju.JPG,差し替え
I've MINE,リズ,Soundwave ラキドロ,2.0-1,mine/0329.jpg,0.951,0.327,128,217,I_VE MINE/34-sw2.JPG,差し替え
I've MINE,リズ,Soundwave ラキドロ,2.0-2,mine/0330.jpg,0.997,0.554,109,184,I_VE MINE/34-sw2.JPG,差し替え
I've MINE,リズ,Soundwave ラキドロ,4.0-1,mine/0337.jpg,0.897,0.52,125,212,I_VE MINE/40-sw4.JPG,差し替え
I've MINE,リズ,Soundwave ラキドロ,4.0-2,mine/0338.jpg,0.997,0.613,128,215,I_VE MINE/40-sw4.JPG,差し替え
I've MINE,リズ,Starship Square,Digipack 6+3set,mine/0310.jpg,0.993,0.503,127,315,I_VE MINE/17-6+3.JPG,差し替え
I've MINE,リズ,Starship Square,Digipack 6set,mine/0309.jpg,0.991,0.553,128,331,I_VE MINE/16-digipackssq.JPG,差し替え
I've MINE,リズ,Starship Square,PB 3+1set,mine/0311.jpg,0.995,0.537,127,315,I_VE MINE/18-pb4.JPG,差し替え
I've MINE,リズ,Starship Square,PB EW+OTR+BADDIE 1,mine/0313.jpg,0.957,0.493,127,215,I_VE MINE/20-pbssq.JPG,差し替え
I've MINE,リズ,Starship Square,PB EW+OTR+BADDIE 2,mine/0314.jpg,0.992,0.561,127,214,I_VE MINE/20-pbssq.JPG,差し替え
I've MINE,リズ,Starship Square,PB LOVED IVE,mine/0312.jpg,0.565,0.548,127,331,I_VE MINE/68-mmt3.JPG,
I've MINE,リズ,Taiwan,,mine/0336.jpg,0.987,0.457,127,331,I_VE MINE/39-taiwan.JPG,差し替え
I've MINE,リズ,Tower Records,1.0,mine/0323.jpg,0.996,0.502,127,217,I_VE MINE/29-towerrecord.JPG,差し替え
I've MINE,リズ,Tower Records,2.0,mine/0353.jpg,0.993,0.487,127,331,I_VE MINE/55-towerrecord2.JPG,差し替え
I've MINE,リズ,Tower Records,Shibuya,mine/0324.jpg,0.985,0.565,129,215,I_VE MINE/29-towerrecord.JPG,差し替え
I've MINE,リズ,US Exclusive,,mine/0341.jpg,0.986,0.305,128,331,I_VE MINE/43-us.JPG,差し替え
I've MINE,リズ,Yizhiyu,1.0,mine/0360.jpg,0.867,0.442,128,331,I_VE MINE/65-yzy1.JPG,差し替え
I've MINE,リズ,Yizhiyu,2.0,mine/0369.jpg,0.992,0.436,128,331,I_VE MINE/69-yzy2.JPG,差し替え
I've MINE,リズ,mymusictaste,1.0,mine/0322.jpg,0.996,0.585,127,331,I_VE MINE/28-mmt.JPG,差し替え
I've MINE,リズ,mymusictaste,2.0,mine/0347.jpg,0.985,0.637,128,331,I_VE MINE/49-mmt2.JPG,差し替え
I've MINE,リズ,mymusictaste,3.0,mine/0368.jpg,0.998,0.668,127,331,I_VE MINE/68-mmt3.JPG,差し替え
I've MINE,リズ,withmuu,1.0,mine/0319.jpg,0.989,0.393,128,331,I_VE MINE/24-wm1.JPG,差し替え
I've MINE,リズ,withmuu,3.0,mine/0333.jpg,0.985,0.582,126,331,I_VE MINE/36-wm3.JPG,差し替え
I've MINE,リズ,withmuu,4.0,mine/0344.jpg,0.971,0.666,128,331,I_VE MINE/46-wm4.JPG,差し替え
I've MINE,リズ,withmuu,5.0,mine/0355.jpg,0.995,0.417,127,331,I_VE MINE/58-wm5.JPG,差し替え
I've MINE,リズ,withmuu ラキドロ,2.0-1,mine/0331.jpg,0.997,0.499,128,217,I_VE MINE/35-wm2.JPG,差し替え
I've MINE,リズ,withmuu ラキドロ,2.0-2,mine/0332.jpg,0.972,0.495,109,183,I_VE MINE/35-wm2.JPG,差し替え
I've MINE,リズ,withmuu ラキドロ,6.0-1,mine/0356.jpg,0.993,0.683,127,331,I_VE MINE/59-2-wm6(1).JPG,差し替え
I've MINE,リズ,withmuu ラキドロ,6.0-2,mine/0357.jpg,0.827,0.6,116,215,I_VE MINE/59-1-wm6.JPG,差し替え
I've MINE,リズ,withmuu ラキドロ,6.0-3,mine/0358.jpg,0.989,0.555,110,185,I_VE MINE/59-1-wm6.JPG,差し替え
I've MINE,リズ,本体封入,Baddie (Gray ver.),mine/0298.jpg,0.504,0.454,128,331,I_VE MINE/62-gwangju.JPG,
I've MINE,リズ,本体封入,Digipack ver.,mine/0306.jpg,0.553,0.491,127,330,I_VE MINE/65-yzy1.JPG,
I've MINE,リズ,本体封入,Either Way (Pink ver.),mine/0296.jpg,0.421,0.376,127,217,I_VE MINE/35-wm2.JPG,
I've MINE,リズ,本体封入,LOVED IVE (White ver.),mine/0303.jpg,0.551,0.496,127,331,I_VE MINE/68-mmt3.JPG,
I've MINE,リズ,本体封入,Off The Record (Red ver.),mine/0297.jpg,0.484,0.478,128,215,I_VE MINE/29-towerrecord.JPG,
I've MINE,リズ,本体封入,PLVE ver.,mine/0302.jpg,0.458,0.419,128,330,I_VE MINE/25-kakao.JPG,
I've MINE,レイ,Apple Music,1.0,mine/0251.jpg,0.983,0.542,127,330,I_VE MINE/30-am.JPG,差し替え
I've MINE,レイ,Apple Music,2.0,mine/0266.jpg,0.983,0.519,127,330,I_VE MINE/42-am2.JPG,差し替え
I've MINE,レイ,Beatroad,,mine/0254.jpg,0.988,0.649,128,330,I_VE MINE/33-br.JPG,差し替え
I've MINE,レイ,Broadcast,Baddie,mine/0234.jpg,0.988,0.575,128,330,I_VE MINE/14-broadcast2.JPG,差し替え
I've MINE,レイ,Broadcast,LOVED IVE,mine/0233.jpg,0.998,0.669,128,215,I_VE MINE/15-broadcast.JPG,差し替え
I've MINE,レイ,HOTTRACKS,,mine/0272.jpg,0.988,0.35,127,330,I_VE MINE/48-hottracks.JPG,差し替え
I've MINE,レイ,Hi-Touch,18th・19th,mine/0278.jpg,0.992,0.468,128,329,I_VE MINE/54-hitouch.JPG,差し替え
I've MINE,レイ,IDOUSTAGE,1.0,mine/0246.jpg,0.994,0.576,127,330,I_VE MINE/26-idoustage.JPG,差し替え
I've MINE,レイ,IDOUSTAGE,2.0,mine/0268.jpg,0.987,0.439,127,330,I_VE MINE/26-idou2.JPG,差し替え
I've MINE,レイ,Japan Yokohama Live,15th Day1,mine/0276.jpg,0.572,0.516,127,329,I_VE MINE/43-us.JPG,
I've MINE,レイ,Japan Yokohama Live,16th Day2,mine/0277.jpg,0.993,0.506,128,330,I_VE MINE/53-jp day2.JPG,差し替え
I've MINE,レイ,KMStation,1.0,mine/0247.jpg,0.984,0.605,128,330,I_VE MINE/27-kms1.JPG,差し替え
I've MINE,レイ,KMStation,2.0,mine/0260.jpg,0.992,0.518,126,330,I_VE MINE/37-kms2.JPG,差し替え
I've MINE,レイ,KMStation,3.0,mine/0269.jpg,0.994,0.408,127,330,I_VE MINE/45-kms3.JPG,差し替え
I've MINE,レイ,KMStation,4.0,mine/0292.jpg,0.998,0.733,128,330,I_VE MINE/66-kms4.JPG,差し替え
I've MINE,レイ,Kakao Gift,,mine/0244.jpg,0.992,0.651,128,330,I_VE MINE/25-kakao.JPG,差し替え
I've MINE,レイ,Ktown4U,1.0,mine/0241.jpg,0.986,0.578,128,330,I_VE MINE/21-k41.JPG,差し替え
I've MINE,レイ,Ktown4U,2.0,mine/0253.jpg,0.985,0.354,128,330,I_VE MINE/32-k42.jpg,差し替え
I've MINE,レイ,Makestar,1.0,mine/0265.jpg,0.839,0.464,125,324,I_VE MINE/41-ms.JPG,差し替え
I've MINE,レイ,Makestar,2.0,mine/0285.jpg,0.985,0.543,128,330,I_VE MINE/57-ms2.JPG,差し替え
I've MINE,レイ,MusicArt,,mine/0271.jpg,0.989,0.366,127,330,I_VE MINE/47-musicart.JPG,差し替え
I've MINE,レイ,Namil Music,1.0,mine/0242.jpg,0.504,0.422,108,330,I_VE MINE/66-kms4.JPG,
I've MINE,レイ,Namil Music,2.0,mine/0252.jpg,0.962,0.429,127,330,I_VE MINE/31-namil2.JPG,差し替え
I've MINE,レイ,Namil Music,3.0,mine/0275.jpg,0.988,0.592,128,330,I_VE MINE/51-namil3.JPG,差し替え
I've MINE,レイ,Soundwave,1.0,mine/0243.jpg,0.988,0.473,128,330,I_VE MINE/23-sw1.JPG,差し替え
I've MINE,レイ,Soundwave,10.0 Daejeon,mine/0290.jpg,0.997,0.553,128,329,I_VE MINE/63-daejeon.JPG,差し替え
I've MINE,レイ,Soundwave,11.0 Xmas,mine/0291.jpg,0.978,0.316,127,330,I_VE MINE/64-sw11Xmas.JPG,差し替え
I've MINE,レイ,Soundwave,12.0 Thailand,mine/0293.jpg,0.997,0.756,127,330,I_VE MINE/67-Thailand.JPG,差し替え
I've MINE,レイ,Soundwave,3.0,mine/0261.jpg,0.994,0.49,127,330,I_VE MINE/38-sw3.JPG,差し替え
I've MINE,レイ,Soundwave,5.0,mine/0274.jpg,0.993,0.62,128,215,I_VE MINE/50-sw5.JPG,差し替え
I've MINE,レイ,Soundwave,6.0,mine/0280.jpg,0.994,0.597,128,330,I_VE MINE/56-sw6.JPG,差し替え
I've MINE,レイ,Soundwave,7.0 Busan,mine/0287.jpg,0.808,0.62,128,290,I_VE MINE/60-busan.JPG,差し替え
I've MINE,レイ,Soundwave,8.0 Daegu,mine/0288.jpg,0.997,0.473,128,330,I_VE MINE/61-daegu.JPG,差し替え
I've MINE,レイ,Soundwave,9.0 Gwangju,mine/0289.jpg,0.998,0.662,128,330,I_VE MINE/62-gwangju.JPG,差し替え
I've MINE,レイ,Soundwave ラキドロ,2.0-1,mine/0255.jpg,0.994,0.536,128,215,I_VE MINE/34-sw2.JPG,差し替え
I've MINE,レイ,Soundwave ラキドロ,2.0-2,mine/0256.jpg,0.984,0.647,109,184,I_VE MINE/34-sw2.JPG,差し替え
I've MINE,レイ,Soundwave ラキドロ,4.0-1,mine/0263.jpg,0.913,0.547,125,215,I_VE MINE/40-sw4.JPG,差し替え
I've MINE,レイ,Soundwave ラキドロ,4.0-2,mine/0264.jpg,0.978,0.487,128,215,I_VE MINE/40-sw4.JPG,差し替え
I've MINE,レイ,Starship Square,Digipack 6+3set,mine/0236.jpg,0.993,0.582,127,314,I_VE MINE/17-6+3.JPG,差し替え
I've MINE,レイ,Starship Square,Digipack 6set,mine/0235.jpg,0.99,0.55,128,330,I_VE MINE/16-digipackssq.JPG,差し替え
I've MINE,レイ,Starship Square,PB 3+1set,mine/0237.jpg,0.871,0.529,127,315,I_VE MINE/18-pb4.JPG,差し替え
I've MINE,レイ,Starship Square,PB EW+OTR+BADDIE 1,mine/0239.jpg,0.978,0.461,127,215,I_VE MINE/20-pbssq.JPG,差し替え
I've MINE,レイ,Starship Square,PB EW+OTR+BADDIE 2,mine/0240.jpg,0.996,0.381,127,215,I_VE MINE/20-pbssq.JPG,差し替え
I've MINE,レイ,Starship Square,PB LOVED IVE,mine/0238.jpg,0.407,0.363,127,330,I_VE MINE/21-k41.JPG,
I've MINE,レイ,Taiwan,,mine/0262.jpg,0.976,0.475,127,330,I_VE MINE/39-taiwan.JPG,差し替え
I've MINE,レイ,Tower Records,1.0,mine/0249.jpg,0.984,0.527,127,213,I_VE MINE/29-towerrecord.JPG,差し替え
I've MINE,レイ,Tower Records,2.0,mine/0279.jpg,0.522,0.466,127,330,I_VE MINE/65-yzy1.JPG,
I've MINE,レイ,Tower Records,Shibuya,mine/0250.jpg,0.624,0.595,129,331,I_VE MINE/59-2-wm6(1).JPG,
I've MINE,レイ,US Exclusive,,mine/0267.jpg,0.994,0.601,128,329,I_VE MINE/43-us.JPG,差し替え
I've MINE,レイ,Yizhiyu,1.0,mine/0286.jpg,0.992,0.546,128,330,I_VE MINE/65-yzy1.JPG,差し替え
I've MINE,レイ,Yizhiyu,2.0,mine/0295.jpg,0.991,0.562,128,330,I_VE MINE/69-yzy2.JPG,差し替え
I've MINE,レイ,mymusictaste,1.0,mine/0248.jpg,0.997,0.525,127,330,I_VE MINE/28-mmt.JPG,差し替え
I've MINE,レイ,mymusictaste,2.0,mine/0273.jpg,0.989,0.709,128,330,I_VE MINE/49-mmt2.JPG,差し替え
I've MINE,レイ,mymusictaste,3.0,mine/0294.jpg,0.983,0.515,127,330,I_VE MINE/68-mmt3.JPG,差し替え
I've MINE,レイ,withmuu,1.0,mine/0245.jpg,0.983,0.594,128,330,I_VE MINE/24-wm1.JPG,差し替え
I've MINE,レイ,withmuu,3.0,mine/0259.jpg,0.986,0.48,126,330,I_VE MINE/36-wm3.JPG,差し替え
I've MINE,レイ,withmuu,4.0,mine/0270.jpg,0.985,0.538,128,330,I_VE MINE/46-wm4.JPG,差し替え
I've MINE,レイ,withmuu,5.0,mine/0281.jpg,0.997,0.535,127,330,I_VE MINE/58-wm5.JPG,差し替え
I've MINE,レイ,withmuu ラキドロ,2.0-1,mine/0257.jpg,0.998,0.614,128,215,I_VE MINE/35-wm2.JPG,差し替え
I've MINE,レイ,withmuu ラキドロ,2.0-2,mine/0258.jpg,0.97,0.372,109,183,I_VE MINE/35-wm2.JPG,差し替え
I've MINE,レイ,withmuu ラキドロ,6.0-1,mine/0282.jpg,0.983,0.524,127,330,I_VE MINE/59-2-wm6(1).JPG,差し替え
I've MINE,レイ,withmuu ラキドロ,6.0-2,mine/0283.jpg,0.845,0.67,116,330,I_VE MINE/59-2-wm6.JPG,差し替え
I've MINE,レイ,withmuu ラキドロ,6.0-3,mine/0284.jpg,0.989,0.702,110,185,I_VE MINE/59-1-wm6.JPG,差し替え
I've MINE,レイ,本体封入,Baddie (Gray ver.),mine/0224.jpg,0.623,0.607,128,330,I_VE MINE/27-kms1.JPG,
I've MINE,レイ,本体封入,Digipack ver.,mine/0232.jpg,0.585,0.574,127,331,I_VE MINE/68-mmt3.JPG,
I've MINE,レイ,本体封入,Either Way (Pink ver.),mine/0222.jpg,0.493,0.482,127,330,I_VE MINE/26-idou2.JPG,
I've MINE,レイ,本体封入,LOVED IVE (White ver.),mine/0229.jpg,0.757,0.593,127,215,I_VE MINE/40-sw4.JPG,
I've MINE,レイ,本体封入,Off The Record (Red ver.),mine/0223.jpg,0.796,0.624,128,330,I_VE MINE/25-kakao.JPG,
I've MINE,レイ,本体封入,PLVE ver.,mine/0228.jpg,0.484,0.474,128,330,I_VE MINE/32-k42.jpg,
LOVE DIVE,イソ,Apple Music,,lovedive/0131.jpg,0.998,0.514,165,331,02 - love dive/20-apple music.JPG,差し替え
LOVE DIVE,イソ,Beatroad,,lovedive/0179.jpg,0.996,0.642,165,330,02 - love dive/26-beatroad.JPG,差し替え
LOVE DIVE,イソ,Daum Cafe,,lovedive/0215.jpg,1.0,0.734,330,330,02 - love dive/09-daum cafe.jpg,
LOVE DIVE,イソ,Jewel ver. POB,6set Heart,lovedive/0059.jpg,0.998,0.511,165,331,02 - love dive/13-jewel heart.JPG,差し替え
LOVE DIVE,イソ,Jewel ver. POB,9set MV,lovedive/0065.jpg,0.998,0.733,165,330,02 - love dive/14-jewel mv.JPG,差し替え
LOVE DIVE,イソ,Ktown4U,1.0,lovedive/0083.jpg,0.999,0.7,165,330,02 - love dive/16-ktown4u.JPG,差し替え
LOVE DIVE,イソ,Ktown4U,2.0,lovedive/0185.jpg,0.997,0.715,165,330,02 - love dive/28-ktown4u2.JPG,差し替え
LOVE DIVE,イソ,MokketShop,,lovedive/0203.jpg,0.992,0.622,165,330,02 - love dive/31-mokketshop.JPG,差し替え
LOVE DIVE,イソ,Music Korea,,lovedive/0149.jpg,0.997,0.463,165,330,02 - love dive/24-musickorea.JPG,差し替え
LOVE DIVE,イソ,Namil Music,1.0,lovedive/0137.jpg,0.998,0.672,165,330,02 - love dive/22-namil 1.JPG,差し替え
LOVE DIVE,イソ,Namil Music,2.0,lovedive/0191.jpg,0.997,0.684,165,330,02 - love dive/29-namil2.JPG,差し替え
LOVE DIVE,イソ,Soundwave,1.0,lovedive/0107.jpg,0.999,0.627,165,330,02 - love dive/19-soundwave1.JPG,差し替え
LOVE DIVE,イソ,Soundwave,2.0,lovedive/0155.jpg,0.997,0.61,165,330,02 - love dive/25-soundwave2.JPG,差し替え
LOVE DIVE,イソ,Soundwave,4.0,lovedive/0209.jpg,0.999,0.573,165,330,02 - love dive/32-soundwave4.jpg,差し替え
LOVE DIVE,イソ,Soundwave ラキドロ,3.0 POLA,lovedive/0173.jpg,0.86,0.368,165,199,02 - love dive/27-soundwave3.JPG,
LOVE DIVE,イソ,Soundwave ラキドロ,3.0-1,lovedive/0161.jpg,0.999,0.579,165,199,02 - love dive/27-soundwave3.JPG,
LOVE DIVE,イソ,Soundwave ラキドロ,3.0-2,lovedive/0167.jpg,0.976,0.751,165,198,02 - love dive/27-soundwave3.JPG,
LOVE DIVE,イソ,Starship Square,1,lovedive/0071.jpg,0.994,0.479,165,215,02 - love dive/15-starship square.JPG,差し替え
LOVE DIVE,イソ,Starship Square,2,lovedive/0077.jpg,0.999,0.683,165,213,02 - love dive/15-starship square.JPG,差し替え
LOVE DIVE,イソ,Tower Records,1,lovedive/0089.jpg,0.996,0.41,165,215,02 - love dive/17-tower record.JPG,差し替え
LOVE DIVE,イソ,Tower Records,2 POLA,lovedive/0095.jpg,1.0,0.521,165,213,02 - love dive/17-tower record.JPG,差し替え
LOVE DIVE,イソ,mymusictaste,,lovedive/0101.jpg,0.999,0.573,165,331,02 - love dive/18-mmt.JPG,差し替え
LOVE DIVE,イソ,withmuu,2.0,lovedive/0143.jpg,0.996,0.653,165,330,02 - love dive/23-withmuu 2.JPG,差し替え
LOVE DIVE,イソ,withmuu,3.0,lovedive/0197.jpg,0.994,0.558,165,330,02 - love dive/30-withmuu3.JPG,差し替え
LOVE DIVE,イソ,withmuu ラキドロ,1.0 POLA,lovedive/0125.jpg,0.987,0.601,160,195,02 - love dive/21-withmuu lucky.JPG,
LOVE DIVE,イソ,withmuu ラキドロ,1.0-1,lovedive/0113.jpg,0.991,0.593,165,199,02 - love dive/21-withmuu lucky.JPG,
LOVE DIVE,イソ,withmuu ラキドロ,1.0-2,lovedive/0119.jpg,0.996,0.67,165,198,02 - love dive/21-withmuu lucky.JPG,
LOVE DIVE,イソ,本体封入,Heart Hologram Card,lovedive/0023.jpg,0.268,0.242,129,331,02 - love dive/28-ktown4u2.JPG,
LOVE DIVE,イソ,本体封入,Jewel ver.,lovedive/0041.jpg,0.286,0.277,165,331,02 - love dive/08-fansign.JPG,
LOVE DIVE,イソ,本体封入,ver.1,lovedive/0005.jpg,0.511,0.503,165,330,02 - love dive/25-soundwave2.JPG,
LOVE DIVE,イソ,本体封入,ver.2,lovedive/0011.jpg,0.774,0.664,165,330,02 - love dive/16-ktown4u.JPG,
LOVE DIVE,イソ,本体封入,ver.3,lovedive/0017.jpg,0.556,0.556,165,198,02 - love dive/27-soundwave3.JPG,
LOVE DIVE,ウォニョン,Apple Music,,lovedive/0129.jpg,0.999,0.655,165,331,02 - love dive/20-apple music.JPG,差し替え
LOVE DIVE,ウォニョン,Beatroad,,lovedive/0177.jpg,0.999,0.669,165,329,02 - love dive/26-beatroad.JPG,差し替え
LOVE DIVE,ウォニョン,Daum Cafe,,lovedive/0213.jpg,1.0,0.682,330,330,02 - love dive/09-daum cafe.jpg,
LOVE DIVE,ウォニョン,Jewel ver. POB,6set Heart,lovedive/0057.jpg,0.998,0.568,165,329,02 - love dive/13-jewel heart.JPG,差し替え
LOVE DIVE,ウォニョン,Jewel ver. POB,9set MV,lovedive/0063.jpg,0.998,0.688,165,331,02 - love dive/14-jewel mv.JPG,差し替え
LOVE DIVE,ウォニョン,Ktown4U,1.0,lovedive/0081.jpg,0.998,0.646,165,330,02 - love dive/16-ktown4u.JPG,差し替え
LOVE DIVE,ウォニョン,Ktown4U,2.0,lovedive/0183.jpg,0.999,0.673,165,330,02 - love dive/28-ktown4u2.JPG,差し替え
LOVE DIVE,ウォニョン,MokketShop,,lovedive/0201.jpg,0.998,0.673,165,330,02 - love dive/31-mokketshop.JPG,差し替え
LOVE DIVE,ウォニョン,Music Korea,,lovedive/0147.jpg,0.999,0.491,165,330,02 - love dive/24-musickorea.JPG,差し替え
LOVE DIVE,ウォニョン,Namil Music,1.0,lovedive/0135.jpg,0.959,0.684,165,330,02 - love dive/22-namil 1.JPG,差し替え
LOVE DIVE,ウォニョン,Namil Music,2.0,lovedive/0189.jpg,0.998,0.647,165,330,02 - love dive/29-namil2.JPG,差し替え
LOVE DIVE,ウォニョン,Soundwave,1.0,lovedive/0105.jpg,0.999,0.504,165,331,02 - love dive/19-soundwave1.JPG,差し替え
LOVE DIVE,ウォニョン,Soundwave,2.0,lovedive/0153.jpg,0.998,0.675,165,329,02 - love dive/25-soundwave2.JPG,差し替え
LOVE DIVE,ウォニョン,Soundwave,4.0,lovedive/0207.jpg,0.999,0.648,165,330,02 - love dive/32-soundwave4.jpg,差し替え
LOVE DIVE,ウォニョン,Soundwave ラキドロ,3.0 POLA,lovedive/0171.jpg,0.859,0.306,165,198,02 - love dive/27-soundwave3.JPG,
LOVE DIVE,ウォニョン,Soundwave ラキドロ,3.0-1,lovedive/0159.jpg,0.982,0.604,165,199,02 - love dive/27-soundwave3.JPG,
LOVE DIVE,ウォニョン,Soundwave ラキドロ,3.0-2,lovedive/0165.jpg,0.971,0.654,165,199,02 - love dive/27-soundwave3.JPG,
LOVE DIVE,ウォニョン,Starship Square,1,lovedive/0069.jpg,0.991,0.625,165,215,02 - love dive/15-starship square.JPG,差し替え
LOVE DIVE,ウォニョン,Starship Square,2,lovedive/0075.jpg,0.997,0.676,165,215,02 - love dive/15-starship square.JPG,差し替え
LOVE DIVE,ウォニョン,Tower Records,1,lovedive/0087.jpg,0.988,0.349,165,216,02 - love dive/17-tower record.JPG,差し替え
LOVE DIVE,ウォニョン,Tower Records,2 POLA,lovedive/0093.jpg,0.998,0.366,165,214,02 - love dive/17-tower record.JPG,差し替え
LOVE DIVE,ウォニョン,mymusictaste,,lovedive/0099.jpg,0.998,0.62,165,331,02 - love dive/18-mmt.JPG,差し替え
LOVE DIVE,ウォニョン,withmuu,2.0,lovedive/0141.jpg,0.997,0.537,165,330,02 - love dive/23-withmuu 2.JPG,差し替え
LOVE DIVE,ウォニョン,withmuu,3.0,lovedive/0195.jpg,0.996,0.622,165,330,02 - love dive/30-withmuu3.JPG,差し替え
LOVE DIVE,ウォニョン,withmuu ラキドロ,1.0 POLA,lovedive/0123.jpg,0.998,0.416,165,197,02 - love dive/21-withmuu lucky.JPG,
LOVE DIVE,ウォニョン,withmuu ラキドロ,1.0-1,lovedive/0111.jpg,0.993,0.653,165,199,02 - love dive/21-withmuu lucky.JPG,
LOVE DIVE,ウォニョン,withmuu ラキドロ,1.0-2,lovedive/0117.jpg,0.997,0.626,165,199,02 - love dive/21-withmuu lucky.JPG,
LOVE DIVE,ウォニョン,本体封入,Heart Hologram Card,lovedive/0021.jpg,0.348,0.302,129,199,02 - love dive/27-soundwave3.JPG,
LOVE DIVE,ウォニョン,本体封入,Jewel ver.,lovedive/0039.jpg,0.387,0.372,165,331,02 - love dive/24-musickorea.JPG,
LOVE DIVE,ウォニョン,本体封入,ver.1,lovedive/0003.jpg,0.626,0.625,165,199,02 - love dive/27-soundwave3.JPG,
LOVE DIVE,ウォニョン,本体封入,ver.2,lovedive/0009.jpg,0.72,0.684,165,330,02 - love dive/09-daum cafe.jpg,
LOVE DIVE,ウォニョン,本体封入,ver.3,lovedive/0015.jpg,0.668,0.574,165,330,02 - love dive/32-soundwave4.jpg,
LOVE DIVE,ガウル,Apple Music,,lovedive/0126.jpg,0.998,0.466,165,331,02 - love dive/20-apple music.JPG,差し替え
LOVE DIVE,ガウル,Beatroad,,lovedive/0174.jpg,0.998,0.673,165,331,02 - love dive/26-beatroad.JPG,差し替え
LOVE DIVE,ガウル,Daum Cafe,,lovedive/0210.jpg,1.0,0.694,331,331,02 - love dive/09-daum cafe.jpg,
LOVE DIVE,ガウル,Jewel ver. POB,6set Heart,lovedive/0054.jpg,0.999,0.551,165,330,02 - love dive/13-jewel heart.JPG,差し替え
LOVE DIVE,ガウル,Jewel ver. POB,9set MV,lovedive/0060.jpg,0.997,0.681,165,330,02 - love dive/14-jewel mv.JPG,差し替え
LOVE DIVE,ガウル,Ktown4U,1.0,lovedive/0078.jpg,0.999,0.615,165,331,02 - love dive/16-ktown4u.JPG,差し替え
LOVE DIVE,ガウル,Ktown4U,2.0,lovedive/0180.jpg,0.999,0.616,165,331,02 - love dive/28-ktown4u2.JPG,差し替え
LOVE DIVE,ガウル,MokketShop,,lovedive/0198.jpg,0.997,0.596,165,331,02 - love dive/31-mokketshop.JPG,差し替え
LOVE DIVE,ガウル,Music Korea,,lovedive/0144.jpg,0.998,0.431,165,331,02 - love dive/24-musickorea.JPG,差し替え
LOVE DIVE,ガウル,Namil Music,1.0,lovedive/0132.jpg,0.999,0.68,165,331,02 - love dive/22-namil 1.JPG,差し替え
LOVE DIVE,ガウル,Namil Music,2.0,lovedive/0186.jpg,0.999,0.521,165,331,02 - love dive/29-namil2.JPG,差し替え
LOVE DIVE,ガウル,Soundwave,1.0,lovedive/0102.jpg,0.998,0.631,165,331,02 - love dive/19-soundwave1.JPG,差し替え
LOVE DIVE,ガウル,Soundwave,2.0,lovedive/0150.jpg,0.999,0.522,165,331,02 - love dive/25-soundwave2.JPG,差し替え
LOVE DIVE,ガウル,Soundwave,4.0,lovedive/0204.jpg,0.995,0.611,165,331,02 - love dive/32-soundwave4.jpg,差し替え
LOVE DIVE,ガウル,Soundwave ラキドロ,3.0 POLA,lovedive/0168.jpg,0.917,0.396,165,199,02 - love dive/27-soundwave3.JPG,
LOVE DIVE,ガウル,Soundwave ラキドロ,3.0-1,lovedive/0156.jpg,0.993,0.522,165,199,02 - love dive/27-soundwave3.JPG,
LOVE DIVE,ガウル,Soundwave ラキドロ,3.0-2,lovedive/0162.jpg,0.976,0.597,165,199,02 - love dive/27-soundwave3.JPG,
LOVE DIVE,ガウル,Starship Square,1,lovedive/0066.jpg,0.993,0.602,165,215,02 - love dive/15-starship square.JPG,差し替え
LOVE DIVE,ガウル,Starship Square,2,lovedive/0072.jpg,0.992,0.643,165,215,02 - love dive/15-starship square.JPG,差し替え
LOVE DIVE,ガウル,Tower Records,1,lovedive/0084.jpg,0.998,0.575,165,216,02 - love dive/17-tower record.JPG,差し替え
LOVE DIVE,ガウル,Tower Records,2 POLA,lovedive/0090.jpg,0.999,0.465,165,213,02 - love dive/17-tower record.JPG,差し替え
LOVE DIVE,ガウル,mymusictaste,,lovedive/0096.jpg,0.995,0.431,165,330,02 - love dive/18-mmt.JPG,差し替え
LOVE DIVE,ガウル,withmuu,2.0,lovedive/0138.jpg,0.997,0.582,165,331,02 - love dive/23-withmuu 2.JPG,差し替え
LOVE DIVE,ガウル,withmuu,3.0,lovedive/0192.jpg,0.998,0.615,165,331,02 - love dive/30-withmuu3.JPG,差し替え
LOVE DIVE,ガウル,withmuu ラキドロ,1.0 POLA,lovedive/0120.jpg,0.998,0.717,159,192,02 - love dive/21-withmuu lucky.JPG,
LOVE DIVE,ガウル,withmuu ラキドロ,1.0-1,lovedive/0108.jpg,0.997,0.653,165,199,02 - love dive/21-withmuu lucky.JPG,
LOVE DIVE,ガウル,withmuu ラキドロ,1.0-2,lovedive/0114.jpg,0.993,0.512,165,199,02 - love dive/21-withmuu lucky.JPG,
LOVE DIVE,ガウル,本体封入,Heart Hologram Card,lovedive/0018.jpg,0.358,0.283,129,331,02 - love dive/09-daum cafe.jpg,
LOVE DIVE,ガウル,本体封入,Jewel ver.,lovedive/0036.jpg,0.493,0.446,165,330,02 - love dive/16-ktown4u.JPG,
LOVE DIVE,ガウル,本体封入,ver.1,lovedive/0000.jpg,0.572,0.521,165,199,02 - love dive/21-withmuu lucky.JPG,
LOVE DIVE,ガウル,本体封入,ver.2,lovedive/0006.jpg,0.564,0.56,165,331,02 - love dive/32-soundwave4.jpg,
LOVE DIVE,ガウル,本体封入,ver.3,lovedive/0012.jpg,0.614,0.524,165,330,02 - love dive/14-jewel mv.JPG,
LOVE DIVE,ユジン,Apple Music,,lovedive/0127.jpg,0.998,0.437,165,331,02 - love dive/20-apple music.JPG,差し替え
LOVE DIVE,ユジン,Beatroad,,lovedive/0175.jpg,0.998,0.59,165,331,02 - love dive/26-beatroad.JPG,差し替え
LOVE DIVE,ユジン,Daum Cafe,,lovedive/0211.jpg,1.0,0.686,331,331,02 - love dive/09-daum cafe.jpg,
LOVE DIVE,ユジン,Jewel ver. POB,6set Heart,lovedive/0055.jpg,0.999,0.618,165,330,02 - love dive/13-jewel heart.JPG,差し替え
LOVE DIVE,ユジン,Jewel ver. POB,9set MV,lovedive/0061.jpg,0.999,0.641,165,331,02 - love dive/14-jewel mv.JPG,差し替え
LOVE DIVE,ユジン,Ktown4U,1.0,lovedive/0079.jpg,0.998,0.613,165,331,02 - love dive/16-ktown4u.JPG,差し替え
LOVE DIVE,ユジン,Ktown4U,2.0,lovedive/0181.jpg,0.999,0.712,165,331,02 - love dive/28-ktown4u2.JPG,差し替え
LOVE DIVE,ユジン,MokketShop,,lovedive/0199.jpg,0.997,0.537,165,331,02 - love dive/31-mokketshop.JPG,差し替え
LOVE DIVE,ユジン,Music Korea,,lovedive/0145.jpg,0.998,0.65,165,331,02 - love dive/24-musickorea.JPG,差し替え
LOVE DIVE,ユジン,Namil Music,1.0,lovedive/0133.jpg,0.998,0.577,165,331,02 - love dive/22-namil 1.JPG,差し替え
LOVE DIVE,ユジン,Namil Music,2.0,lovedive/0187.jpg,0.999,0.653,165,331,02 - love dive/29-namil2.JPG,差し替え
LOVE DIVE,ユジン,Soundwave,1.0,lovedive/0103.jpg,0.998,0.598,165,331,02 - love dive/19-soundwave1.JPG,差し替え
LOVE DIVE,ユジン,Soundwave,2.0,lovedive/0151.jpg,0.999,0.662,165,331,02 - love dive/25-soundwave2.JPG,差し替え
LOVE DIVE,ユジン,Soundwave,4.0,lovedive/0205.jpg,0.996,0.6,165,331,02 - love dive/32-soundwave4.jpg,差し替え
LOVE DIVE,ユジン,Soundwave ラキドロ,3.0 POLA,lovedive/0169.jpg,0.962,0.343,165,199,02 - love dive/27-soundwave3.JPG,
LOVE DIVE,ユジン,Soundwave ラキドロ,3.0-1,lovedive/0157.jpg,0.951,0.603,165,198,02 - love dive/27-soundwave3.JPG,
LOVE DIVE,ユジン,Soundwave ラキドロ,3.0-2,lovedive/0163.jpg,0.917,0.633,165,199,02 - love dive/27-soundwave3.JPG,
LOVE DIVE,ユジン,Starship Square,1,lovedive/0067.jpg,0.996,0.564,165,215,02 - love dive/15-starship square.JPG,差し替え
LOVE DIVE,ユジン,Starship Square,2,lovedive/0073.jpg,0.996,0.688,165,215,02 - love dive/15-starship square.JPG,差し替え
LOVE DIVE,ユジン,Tower Records,1,lovedive/0085.jpg,0.998,0.247,165,216,02 - love dive/17-tower record.JPG,差し替え
LOVE DIVE,ユジン,Tower Records,2 POLA,lovedive/0091.jpg,0.999,0.531,165,212,02 - love dive/17-tower record.JPG,差し替え
LOVE DIVE,ユジン,mymusictaste,,lovedive/0097.jpg,0.998,0.584,165,331,02 - love dive/18-mmt.JPG,差し替え
LOVE DIVE,ユジン,withmuu,2.0,lovedive/0139.jpg,0.998,0.402,165,331,02 - love dive/23-withmuu 2.JPG,差し替え
LOVE DIVE,ユジン,withmuu,3.0,lovedive/0193.jpg,0.998,0.687,165,331,02 - love dive/30-withmuu3.JPG,差し替え
LOVE DIVE,ユジン,withmuu ラキドロ,1.0 POLA,lovedive/0121.jpg,0.994,0.706,165,197,02 - love dive/21-withmuu lucky.JPG,
LOVE DIVE,ユジン,withmuu ラキドロ,1.0-1,lovedive/0109.jpg,0.996,0.551,165,198,02 - love dive/21-withmuu lucky.JPG,
LOVE DIVE,ユジン,withmuu ラキドロ,1.0-2,lovedive/0115.jpg,0.998,0.657,165,199,02 - love dive/21-withmuu lucky.JPG,
LOVE DIVE,ユジン,本体封入,Heart Hologram Card,lovedive/0019.jpg,0.282,0.281,129,331,02 - love dive/29-namil2.JPG,
LOVE DIVE,ユジン,本体封入,Jewel ver.,lovedive/0037.jpg,0.416,0.351,165,331,02 - love dive/23-withmuu 2.JPG,
LOVE DIVE,ユジン,本体封入,ver.1,lovedive/0001.jpg,0.61,0.577,165,330,02 - love dive/31-mokketshop.JPG,
LOVE DIVE,ユジン,本体封入,ver.2,lovedive/0007.jpg,0.616,0.545,165,331,02 - love dive/26-beatroad.JPG,
LOVE DIVE,ユジン,本体封入,ver.3,lovedive/0013.jpg,0.681,0.496,165,331,02 - love dive/23-withmuu 2.JPG,
LOVE DIVE,リズ,Apple Music,,lovedive/0130.jpg,0.999,0.519,165,331,02 - love dive/20-apple music.JPG,差し替え
LOVE DIVE,リズ,Beatroad,,lovedive/0178.jpg,0.997,0.461,165,331,02 - love dive/26-beatroad.JPG,差し替え
LOVE DIVE,リズ,Daum Cafe,,lovedive/0214.jpg,1.0,0.585,331,331,02 - love dive/09-daum cafe.jpg,
LOVE DIVE,リズ,Jewel ver. POB,6set Heart,lovedive/0058.jpg,0.998,0.476,165,330,02 - love dive/13-jewel heart.JPG,差し替え
LOVE DIVE,リズ,Jewel ver. POB,9set MV,lovedive/0064.jpg,0.999,0.575,165,331,02 - love dive/14-jewel mv.JPG,差し替え
LOVE DIVE,リズ,Ktown4U,1.0,lovedive/0082.jpg,0.999,0.633,165,331,02 - love dive/16-ktown4u.JPG,差し替え
LOVE DIVE,リズ,Ktown4U,2.0,lovedive/0184.jpg,0.998,0.543,165,331,02 - love dive/28-ktown4u2.JPG,差し替え
LOVE DIVE,リズ,MokketShop,,lovedive/0202.jpg,0.998,0.455,165,331,02 - love dive/31-mokketshop.JPG,差し替え
LOVE DIVE,リズ,Music Korea,,lovedive/0148.jpg,0.998,0.461,165,331,02 - love dive/24-musickorea.JPG,差し替え
LOVE DIVE,リズ,Namil Music,1.0,lovedive/0136.jpg,0.997,0.583,165,331,02 - love dive/22-namil 1.JPG,差し替え
LOVE DIVE,リズ,Namil Music,2.0,lovedive/0190.jpg,0.998,0.428,165,331,02 - love dive/29-namil2.JPG,差し替え
LOVE DIVE,リズ,Soundwave,1.0,lovedive/0106.jpg,0.999,0.637,165,331,02 - love dive/19-soundwave1.JPG,差し替え
LOVE DIVE,リズ,Soundwave,2.0,lovedive/0154.jpg,0.997,0.505,165,331,02 - love dive/25-soundwave2.JPG,差し替え
LOVE DIVE,リズ,Soundwave,4.0,lovedive/0208.jpg,0.997,0.453,165,330,02 - love dive/32-soundwave4.jpg,差し替え
LOVE DIVE,リズ,Soundwave ラキドロ,3.0 POLA,lovedive/0172.jpg,0.95,0.398,165,198,02 - love dive/27-soundwave3.JPG,
LOVE DIVE,リズ,Soundwave ラキドロ,3.0-1,lovedive/0160.jpg,0.997,0.414,165,199,02 - love dive/27-soundwave3.JPG,
LOVE DIVE,リズ,Soundwave ラキドロ,3.0-2,lovedive/0166.jpg,0.99,0.541,165,199,02 - love dive/27-soundwave3.JPG,
LOVE DIVE,リズ,Starship Square,1,lovedive/0070.jpg,0.996,0.457,165,216,02 - love dive/15-starship square.JPG,差し替え
LOVE DIVE,リズ,Starship Square,2,lovedive/0076.jpg,0.987,0.437,165,215,02 - love dive/15-starship square.JPG,差し替え
LOVE DIVE,リズ,Tower Records,1,lovedive/0088.jpg,1.0,0.507,165,215,02 - love dive/17-tower record.JPG,差し替え
LOVE DIVE,リズ,Tower Records,2 POLA,lovedive/0094.jpg,0.999,0.613,165,213,02 - love dive/17-tower record.JPG,差し替え
LOVE DIVE,リズ,mymusictaste,,lovedive/0100.jpg,0.996,0.409,165,331,02 - love dive/18-mmt.JPG,差し替え
LOVE DIVE,リズ,withmuu,2.0,lovedive/0142.jpg,0.998,0.485,165,331,02 - love dive/23-withmuu 2.JPG,差し替え
LOVE DIVE,リズ,withmuu,3.0,lovedive/0196.jpg,0.997,0.614,165,331,02 - love dive/30-withmuu3.JPG,差し替え
LOVE DIVE,リズ,withmuu ラキドロ,1.0 POLA,lovedive/0124.jpg,0.996,0.674,164,195,02 - love dive/21-withmuu lucky.JPG,
LOVE DIVE,リズ,withmuu ラキドロ,1.0-1,lovedive/0112.jpg,0.994,0.375,165,199,02 - love dive/21-withmuu lucky.JPG,
LOVE DIVE,リズ,withmuu ラキドロ,1.0-2,lovedive/0118.jpg,0.988,0.254,165,199,02 - love dive/21-withmuu lucky.JPG,
LOVE DIVE,リズ,本体封入,Heart Hologram Card,lovedive/0022.jpg,0.377,0.324,129,331,02 - love dive/09-daum cafe.jpg,
LOVE DIVE,リズ,本体封入,Jewel ver.,lovedive/0040.jpg,0.44,0.427,165,198,02 - love dive/27-soundwave3.JPG,
LOVE DIVE,リズ,本体封入,ver.1,lovedive/0004.jpg,0.424,0.405,165,331,02 - love dive/20-apple music.JPG,
LOVE DIVE,リズ,本体封入,ver.2,lovedive/0010.jpg,0.471,0.311,165,331,02 - love dive/18-mmt.JPG,
LOVE DIVE,リズ,本体封入,ver.3,lovedive/0016.jpg,0.454,0.39,165,331,02 - love dive/20-apple music.JPG,
LOVE DIVE,レイ,Apple Music,,lovedive/0128.jpg,0.998,0.49,165,330,02 - love dive/20-apple music.JPG,差し替え
LOVE DIVE,レイ,Beatroad,,lovedive/0176.jpg,0.998,0.42,165,330,02 - love dive/26-beatroad.JPG,差し替え
LOVE DIVE,レイ,Daum Cafe,,lovedive/0212.jpg,1.0,0.609,330,330,02 - love dive/09-daum cafe.jpg,
LOVE DIVE,レイ,Jewel ver. POB,6set Heart,lovedive/0056.jpg,0.998,0.693,165,331,02 - love dive/13-jewel heart.JPG,差し替え
LOVE DIVE,レイ,Jewel ver. POB,9set MV,lovedive/0062.jpg,0.999,0.606,165,331,02 - love dive/14-jewel mv.JPG,差し替え
LOVE DIVE,レイ,Ktown4U,1.0,lovedive/0080.jpg,0.998,0.63,165,331,02 - love dive/16-ktown4u.JPG,差し替え
LOVE DIVE,レイ,Ktown4U,2.0,lovedive/0182.jpg,0.998,0.7,165,330,02 - love dive/28-ktown4u2.JPG,差し替え
LOVE DIVE,レイ,MokketShop,,lovedive/0200.jpg,0.999,0.457,165,330,02 - love dive/31-mokketshop.JPG,差し替え
LOVE DIVE,レイ,Music Korea,,lovedive/0146.jpg,0.997,0.484,165,330,02 - love dive/24-musickorea.JPG,差し替え
LOVE DIVE,レイ,Namil Music,1.0,lovedive/0134.jpg,0.998,0.478,165,330,02 - love dive/22-namil 1.JPG,差し替え
LOVE DIVE,レイ,Namil Music,2.0,lovedive/0188.jpg,0.998,0.463,165,330,02 - love dive/29-namil2.JPG,差し替え
LOVE DIVE,レイ,Soundwave,1.0,lovedive/0104.jpg,0.996,0.392,165,331,02 - love dive/19-soundwave1.JPG,差し替え
LOVE DIVE,レイ,Soundwave,2.0,lovedive/0152.jpg,0.996,0.506,165,330,02 - love dive/25-soundwave2.JPG,差し替え
LOVE DIVE,レイ,Soundwave,4.0,lovedive/0206.jpg,0.997,0.532,165,331,02 - love dive/32-soundwave4.jpg,差し替え
LOVE DIVE,レイ,Soundwave ラキドロ,3.0 POLA,lovedive/0170.jpg,0.845,0.56,165,199,02 - love dive/27-soundwave3.JPG,
LOVE DIVE,レイ,Soundwave ラキドロ,3.0-1,lovedive/0158.jpg,0.935,0.718,165,198,02 - love dive/27-soundwave3.JPG,
LOVE DIVE,レイ,Soundwave ラキドロ,3.0-2,lovedive/0164.jpg,0.977,0.738,165,198,02 - love dive/27-soundwave3.JPG,
LOVE DIVE,レイ,Starship Square,1,lovedive/0068.jpg,0.998,0.668,165,215,02 - love dive/15-starship square.JPG,差し替え
LOVE DIVE,レイ,Starship Square,2,lovedive/0074.jpg,0.998,0.394,165,215,02 - love dive/15-starship square.JPG,差し替え
LOVE DIVE,レイ,Tower Records,1,lovedive/0086.jpg,0.997,0.57,165,215,02 - love dive/17-tower record.JPG,差し替え
LOVE DIVE,レイ,Tower Records,2 POLA,lovedive/0092.jpg,0.999,0.623,165,213,02 - love dive/17-tower record.JPG,差し替え
LOVE DIVE,レイ,mymusictaste,,lovedive/0098.jpg,0.998,0.682,165,330,02 - love dive/18-mmt.JPG,差し替え
LOVE DIVE,レイ,withmuu,2.0,lovedive/0140.jpg,0.998,0.498,165,330,02 - love dive/23-withmuu 2.JPG,差し替え
LOVE DIVE,レイ,withmuu,3.0,lovedive/0194.jpg,0.997,0.579,165,330,02 - love dive/30-withmuu3.JPG,差し替え
LOVE DIVE,レイ,withmuu ラキドロ,1.0 POLA,lovedive/0122.jpg,0.998,0.301,144,173,02 - love dive/21-withmuu lucky.JPG,
LOVE DIVE,レイ,withmuu ラキドロ,1.0-1,lovedive/0110.jpg,0.997,0.603,165,198,02 - love dive/21-withmuu lucky.JPG,
LOVE DIVE,レイ,withmuu ラキドロ,1.0-2,lovedive/0116.jpg,0.996,0.395,165,198,02 - love dive/21-withmuu lucky.JPG,
LOVE DIVE,レイ,本体封入,Heart Hologram Card,lovedive/0020.jpg,0.28,0.27,129,215,02 - love dive/15-starship square.JPG,
LOVE DIVE,レイ,本体封入,Jewel ver.,lovedive/0038.jpg,0.266,0.255,165,331,02 - love dive/23-withmuu 2.JPG,
LOVE DIVE,レイ,本体封入,ver.1,lovedive/0002.jpg,0.84,0.676,165,331,02 - love dive/13-jewel heart.JPG,差し替え
LOVE DIVE,レイ,本体封入,ver.2,lovedive/0008.jpg,0.663,0.621,165,330,02 - love dive/18-mmt.JPG,
LOVE DIVE,レイ,本体封入,ver.3,lovedive/0014.jpg,0.346,0.336,165,215,02 - love dive/15-starship square.JPG,
