member,collection,source,version,best,second,min_block,old_w,new_w,result
ユジン,Music Show & Broadcast｜音楽番組・公開放送,MBC 音楽中心 公開放送,,0.799,0.739,0.0,348,176,
ユジン,Music Show & Broadcast｜音楽番組・公開放送,SBS 歌謡大祭典 公開放送,,0.834,0.591,0.0,331,184,
ユジン,Collab & Event｜コラボ・イベント,UNI-KON,,0.9,0.579,0.0,331,184,
ユジン,Collab & Event｜コラボ・イベント,V Coloring イベント特典,,0.653,0.592,0.0,348,184,
ユジン,ELEVEN,本体封入,ver.1,0.917,0.601,0.0,393,184,
ユジン,ELEVEN,本体封入,ver.2,0.803,0.795,0.0,393,184,
ユジン,ELEVEN,POB,ID Card,0.519,0.44,0.0,86,148,
ユジン,ELEVEN,POB,Message Card,0.531,0.462,0.0,162,169,
ユジン,ELEVEN,Starship Square,1,0.741,0.592,0.0,393,166,
ユジン,ELEVEN,Starship Square,2,0.566,0.543,0.0,389,156,
ユジン,ELEVEN,Ktown4U,,0.639,0.623,0.0,330,175,
ユジン,ELEVEN,Soundwave,1.0,0.72,0.603,0.0,332,167,
ユジン,ELEVEN,Yizhiyu,1.0,0.786,0.644,0.0,142,170,
ユジン,ELEVEN,Yizhiyu,2.0,0.763,0.681,0.0,331,176,
ユジン,ELEVEN,Tower Records,,0.931,0.548,0.0,165,184,
ユジン,ELEVEN,Shopee,,0.8,0.669,0.0,330,177,
ユジン,ELEVEN,mymusictaste,,0.765,0.549,0.0,332,183,
ユジン,ELEVEN,Soundwave ラキドロ,2.0-1,0.842,0.634,0.0,385,177,
ユジン,ELEVEN,Soundwave ラキドロ,2.0-2,0.791,0.763,0.0,391,174,
ユジン,ELEVEN,Soundwave ラキドロ,2.0 POLA,0.651,0.555,0.0,156,161,
ユジン,ELEVEN,Withdrama ラキドロ,2.0-1,0.899,0.654,0.0,385,184,
ユジン,ELEVEN,Withdrama ラキドロ,2.0-2,0.833,0.716,0.0,165,156,
ユジン,ELEVEN,Withdrama ラキドロ,2.0 POLA,0.851,0.523,0.0,144,164,
ユジン,ELEVEN,EVERLINE,1.0,0.762,0.719,0.0,330,164,
ユジン,ELEVEN,Makestar,1.0,0.597,0.504,0.0,329,170,
ユジン,ELEVEN,Withdrama,3.0,0.652,0.591,0.0,332,176,
ユジン,ELEVEN,Wonderwall,,0.724,0.641,0.0,331,158,
ユジン,ELEVEN,Soundwave,3.0,0.495,0.48,0.0,331,184,
ユジン,ELEVEN,EVERLINE,2.0,0.814,0.703,0.0,331,167,
ユジン,ELEVEN,JoeunMusic,,0.814,0.579,0.0,331,184,
ユジン,ELEVEN,Makestar,2.0,0.706,0.664,0.0,331,184,
ユジン,ELEVEN,Daum Cafe,,0.727,0.665,0.0,332,177,
ユジン,IVE EMPATHY,本体封入,Me ver.,0.941,0.63,0.0,376,184,
ユジン,IVE EMPATHY,本体封入,You ver.,0.884,0.595,0.626,89,176,差し替え
ユジン,IVE EMPATHY,本体封入,And us ver.,0.839,0.508,0.0,89,176,
ユジン,IVE EMPATHY,本体封入,LOVED IVE ver.,0.881,0.565,0.0,376,175,
ユジン,IVE EMPATHY,本体封入,PLVE,0.675,0.47,0.0,376,163,
ユジン,IVE EMPATHY,本体封入,Digipack,0.878,0.548,0.0,376,167,
ユジン,IVE EMPATHY,MD,,0.755,0.462,0.0,379,176,
ユジン,IVE EMPATHY,Broadcast,1.0,0.905,0.649,0.0,376,176,
ユジン,IVE EMPATHY,Broadcast,2.0,0.947,0.649,0.0,376,184,
ユジン,IVE EMPATHY,Starship Square,3TYPE 1,0.706,0.583,0.0,376,176,
ユジン,IVE EMPATHY,Starship Square,3TYPE 2,0.845,0.548,0.0,379,175,
ユジン,IVE EMPATHY,Starship Square,4TYPE,0.771,0.734,0.0,376,175,
ユジン,IVE EMPATHY,Starship Square,3+6 (A),0.856,0.671,0.0,376,175,
ユジン,IVE EMPATHY,Starship Square,3+6 (B),0.709,0.549,0.0,379,176,
ユジン,IVE EMPATHY,Starship Square,LOVED IVE,0.466,0.458,0.0,377,185,
ユジン,IVE EMPATHY,Starship Square,Digipack,0.92,0.639,0.0,378,176,
ユジン,IVE EMPATHY,Soundwave,1.0,0.84,0.604,0.0,376,176,
ユジン,IVE EMPATHY,withmuu,1.0,0.744,0.667,0.0,376,160,
ユジン,IVE EMPATHY,Apple Music,1.0,0.633,0.599,0.0,376,185,
ユジン,IVE EMPATHY,Makestar,1.0,0.527,0.384,0.0,376,183,
ユジン,IVE EMPATHY,mymusictaste,1.0,0.881,0.668,0.0,378,176,
ユジン,IVE EMPATHY,withmuu,2.0 Live Studio Choom,0.719,0.549,0.0,379,155,
ユジン,IVE EMPATHY,Tower Records,A,0.822,0.646,0.0,376,170,
ユジン,IVE EMPATHY,Tower Records,Shibuya,0.794,0.583,0.0,376,176,
ユジン,IVE EMPATHY,Sony Music,1.0 B,0.698,0.618,0.0,376,176,
ユジン,IVE EMPATHY,A!SMART,C,0.601,0.59,0.0,376,184,
ユジン,IVE EMPATHY,Apple Music,2.0,0.802,0.546,0.0,379,184,
ユジン,IVE EMPATHY,withmuu ラキドロ,3.0,0.927,0.695,0.0,376,177,
ユジン,IVE EMPATHY,withmuu ラキドロ,3.0 POLA,0.865,0.657,0.0,328,154,
ユジン,IVE EMPATHY,Soundwave ラキドロ,2.0,0.894,0.681,0.0,378,175,
ユジン,IVE EMPATHY,Soundwave ラキドロ,2.0 POLA,0.713,0.571,0.0,75,161,
ユジン,IVE EMPATHY,Makestar,2.0,0.675,0.659,0.0,376,184,
ユジン,IVE EMPATHY,MusicArt,,0.741,0.315,0.0,376,184,
ユジン,IVE EMPATHY,HOTTRACKS,,0.584,0.519,0.0,376,156,
ユジン,IVE EMPATHY,Ktown4U,,0.593,0.524,0.0,376,174,
ユジン,IVE EMPATHY,withmuu,4.0,0.607,0.582,0.0,376,156,
ユジン,IVE EMPATHY,Soundwave,3.0,0.768,0.685,0.0,379,176,
ユジン,IVE EMPATHY,Makestar,3.0,0.564,0.55,0.0,379,175,
ユジン,IVE EMPATHY,withmuu ラキドロ,5.0,0.653,0.479,0.0,376,154,
ユジン,IVE EMPATHY,withmuu ラキドロ,5.0 POLA,0.874,0.559,0.264,78,166,
ユジン,IVE EMPATHY,US Exclusive,,0.94,0.666,0.0,376,184,
ユジン,IVE EMPATHY,Soundwave ラキドロ,4.0,0.711,0.673,0.0,371,153,
ユジン,IVE EMPATHY,Soundwave ラキドロ,4.0 POLA,0.95,0.548,0.0,331,184,
ユジン,IVE EMPATHY,Soundwave,5.0,0.724,0.595,0.0,379,184,
ユジン,IVE EMPATHY,IDOUSTAGE ラキドロ,1.0,0.85,0.712,0.0,379,184,
ユジン,IVE EMPATHY,IDOUSTAGE ラキドロ,1.0 POLA,0.975,0.606,0.0,328,163,
ユジン,IVE EMPATHY,Apple Music,3.0,0.829,0.587,0.0,376,176,
ユジン,IVE EMPATHY,withmuu,6.0,0.752,0.565,0.0,379,184,
ユジン,IVE EMPATHY,mymusictaste,2.0,0.737,0.589,0.0,376,184,
ユジン,IVE EMPATHY,Soundwave,6.0,0.847,0.66,0.0,376,184,
ユジン,IVE EMPATHY,Apple Music,4.0,0.823,0.551,0.0,378,184,
ユジン,IVE EMPATHY,オフラインイベント,TOKYO,0.86,0.554,0.0,376,184,
ユジン,IVE EMPATHY,オフラインイベント,OSAKA,0.736,0.455,0.0,379,184,
ユジン,IVE EMPATHY,Sony Music,2.0,0.95,0.568,0.0,376,184,
ユジン,IVE EMPATHY,Soundwave,7.0,0.624,0.511,0.0,377,184,
ユジン,IVE EMPATHY,K-MONSTAR,Taiwan,0.689,0.631,0.0,88,154,
ユジン,IVE EMPATHY,K-MONSTAR,Taiwan POLA,0.47,0.44,0.0,78,184,
ユジン,IVE EMPATHY,Soundwave ラキドロ,8.0 IVE SCOUT-1,0.965,0.505,0.0,379,184,
ユジン,IVE EMPATHY,Soundwave ラキドロ,8.0 IVE SCOUT-2,0.859,0.657,0.0,379,184,
ユジン,IVE EMPATHY,IDOUSTAGE,2.0,0.748,0.582,0.0,86,184,
ユジン,IVE EMPATHY,Makestar,4.0 Shanghai,0.839,0.723,0.0,88,184,
ユジン,IVE EMPATHY,Makestar,4.0 Shanghai カフェ店長 ver.,0.738,0.601,0.0,89,184,
ユジン,DIVE Official Fanclub｜ファンクラブ,DIVE 1期 会員キット,,0.771,0.654,0.0,331,184,
ユジン,DIVE Official Fanclub｜ファンクラブ,IVE JAPAN FC 早期入会特典,,0.684,0.385,0.0,331,184,
ユジン,DIVE Official Fanclub｜ファンクラブ,DIVE 2期 'MAGAZINE IVE',,0.673,0.547,0.0,331,184,
ユジン,1st FAN CONCERT 'The Prom Queens',MD,Photocard Deco Set,0.886,0.59,0.0,348,184,
ユジン,1st FAN CONCERT 'The Prom Queens',MD,Photocard Binder,0.824,0.788,0.0,347,176,
ユジン,1st FAN CONCERT 'The Prom Queens',MD,PVC Card Holder,0.686,0.555,0.0,348,165,
ユジン,1st FAN CONCERT 'The Prom Queens',Random Photocard Pack (KOREA),1,0.586,0.585,0.0,165,164,
ユジン,1st FAN CONCERT 'The Prom Queens',Random Photocard Pack (KOREA),2,0.624,0.591,0.0,165,184,
ユジン,1st FAN CONCERT 'The Prom Queens',Random Photocard Pack (KOREA),3,0.659,0.622,0.0,228,184,
ユジン,1st FAN CONCERT 'The Prom Queens',Random Photocard Pack (KOREA),4,0.691,0.625,0.0,228,184,
ユジン,1st FAN CONCERT 'The Prom Queens',Random Photocard Pack (KOREA),5,0.636,0.61,0.0,228,183,
ユジン,1st FAN CONCERT 'The Prom Queens',Random Trading Card (JAPAN),1,0.686,0.541,0.0,251,176,
ユジン,1st FAN CONCERT 'The Prom Queens',Random Trading Card (JAPAN),2,0.685,0.599,0.0,229,175,
ユジン,1st FAN CONCERT 'The Prom Queens',1st DIVE FC Class DIVE,1,0.741,0.656,0.0,228,170,
ユジン,1st FAN CONCERT 'The Prom Queens',1st DIVE FC Class DIVE,2,0.594,0.589,0.0,229,176,
ユジン,1st FAN CONCERT 'The Prom Queens',SuperStar STARSHIP,1,0.912,0.722,0.0,231,184,
ユジン,1st FAN CONCERT 'The Prom Queens',SuperStar STARSHIP,2,0.837,0.559,0.0,231,184,
ユジン,1st FAN CONCERT 'The Prom Queens',SuperStar STARSHIP,3,0.809,0.579,0.0,228,175,
ユジン,I've IVE,本体封入,I ver.,0.887,0.692,0.0,341,184,
ユジン,I've IVE,本体封入,V ver.,0.933,0.581,0.0,342,184,
ユジン,I've IVE,本体封入,E ver.,0.961,0.616,0.0,342,185,
ユジン,I've IVE,本体封入,Jewel Case,0.948,0.618,0.0,342,184,
ユジン,I've IVE,本体封入,Special Edition,0.97,0.397,0.0,342,184,
ユジン,I've IVE,Ktown4U,,0.854,0.608,0.0,331,184,
ユジン,I've IVE,Starship Square Album,1,0.819,0.647,0.0,342,184,
ユジン,I've IVE,Starship Square Album,2,0.767,0.644,0.0,339,184,
ユジン,I've IVE,Starship Square Jewel Case,,0.776,0.52,0.0,331,184,
ユジン,I've IVE,Starship Square Set,,0.836,0.62,0.0,348,184,
ユジン,I've IVE,Starship Square Special,,0.872,0.462,0.0,342,184,
ユジン,I've IVE,Mokket,,0.779,0.413,0.0,331,184,
ユジン,I've IVE,Soundwave,,0.848,0.594,0.0,331,185,
ユジン,I've IVE,Soundwave ラキドロ,1,0.664,0.594,0.0,340,174,
ユジン,I've IVE,Soundwave ラキドロ,2,0.872,0.439,0.0,332,183,
ユジン,I've IVE,Soundwave ラキドロ,3,0.866,0.541,0.0,334,184,
ユジン,I've IVE,Soundwave FC,,0.672,0.526,0.0,331,175,
ユジン,I've IVE,Soundwave FC2,,0.836,0.584,0.0,330,176,
ユジン,I've IVE,MusicArt,,0.715,0.619,0.0,331,153,
ユジン,I've IVE,withmuu ラキドロ,1,0.878,0.59,0.0,339,185,
ユジン,I've IVE,withmuu ラキドロ,2,0.895,0.683,0.0,338,185,
ユジン,I've IVE,withmuu ラキドロ,3,0.578,0.577,0.0,288,167,
ユジン,I've IVE,withmuu FC,,0.741,0.456,0.0,331,185,
ユジン,I've IVE,mymusictaste,,0.856,0.684,0.0,331,185,
ユジン,I've IVE,Tower Records,1,0.639,0.619,0.0,300,185,
ユジン,I've IVE,Tower Records,2,0.765,0.527,0.0,336,154,
ユジン,I've IVE,Namil Music,,0.719,0.692,0.0,331,164,
ユジン,I've IVE,StarRiver,,0.805,0.696,0.0,330,181,
ユジン,I've IVE,StarRiver FC,,0.713,0.644,0.0,342,177,
ユジン,I've IVE,Naver Live,,0.713,0.592,0.0,348,156,
ユジン,I've IVE,HOTTRACKS,,0.686,0.433,0.0,331,175,
ユジン,I've IVE,Makestar,,0.81,0.62,0.0,331,167,
ユジン,I've IVE,Apple Music,,0.706,0.566,0.0,331,176,
ユジン,I've IVE,Beatroad,,0.823,0.503,0.0,331,176,
ユジン,I've IVE,Broadcast,1,0.864,0.465,0.0,331,184,
ユジン,I've IVE,Broadcast,2,0.721,0.549,0.0,331,172,
ユジン,I've IVE,Broadcast,3,0.866,0.497,0.0,331,184,
ユジン,I've IVE,Fancall,,0.894,0.458,0.0,330,183,
ユジン,ELEVEN -Japanese ver.-,本体封入,I盤 type-A,0.603,0.5,0.0,331,185,
ユジン,ELEVEN -Japanese ver.-,本体封入,V盤 type-B,0.838,0.574,0.0,331,184,
ユジン,ELEVEN -Japanese ver.-,本体封入,E盤 type-C,0.841,0.477,0.0,330,184,
ユジン,ELEVEN -Japanese ver.-,本体封入,FC盤,0.812,0.681,0.0,331,184,
ユジン,ELEVEN -Japanese ver.-,タワレコ,IDトレカ,0.762,0.493,0.0,318,184,
ユジン,ELEVEN -Japanese ver.-,タワレコ,ラキドロ,0.64,0.501,0.0,331,164,
ユジン,ELEVEN -Japanese ver.-,Soundwave,,0.733,0.641,0.0,331,184,
ユジン,LOVE DIVE,本体封入,ver.1,0.86,0.622,0.0,384,175,
ユジン,LOVE DIVE,本体封入,ver.2,0.834,0.619,0.0,386,167,
ユジン,LOVE DIVE,本体封入,ver.3,0.852,0.612,0.0,388,161,
ユジン,LOVE DIVE,本体封入,Heart Hologram Card,0.354,0.346,0.0,129,183,
ユジン,LOVE DIVE,本体封入,Jewel ver.,0.657,0.497,0.0,386,176,
ユジン,LOVE DIVE,Jewel ver. POB,6set Heart,0.803,0.698,0.0,330,173,
ユジン,LOVE DIVE,Jewel ver. POB,9set MV,0.867,0.684,0.0,331,181,
ユジン,LOVE DIVE,Starship Square,1,0.717,0.606,0.0,360,176,
ユジン,LOVE DIVE,Starship Square,2,0.644,0.577,0.0,354,176,
ユジン,LOVE DIVE,Ktown4U,1.0,0.79,0.607,0.0,331,184,
ユジン,LOVE DIVE,Tower Records,1,0.414,0.375,0.0,362,185,
ユジン,LOVE DIVE,Tower Records,2 POLA,0.493,0.471,0.0,350,184,
ユジン,LOVE DIVE,mymusictaste,,0.861,0.709,0.0,331,185,
ユジン,LOVE DIVE,Soundwave,1.0,0.74,0.534,0.0,331,183,
ユジン,LOVE DIVE,withmuu ラキドロ,1.0-1,0.736,0.542,0.0,361,176,
ユジン,LOVE DIVE,withmuu ラキドロ,1.0-2,0.677,0.588,0.0,363,184,
ユジン,LOVE DIVE,withmuu ラキドロ,1.0 POLA,0.743,0.647,0.0,352,184,
ユジン,LOVE DIVE,Apple Music,,0.873,0.627,0.0,331,184,
ユジン,LOVE DIVE,Namil Music,1.0,0.701,0.54,0.0,331,183,
ユジン,LOVE DIVE,withmuu,2.0,0.854,0.684,0.0,331,184,
ユジン,LOVE DIVE,Music Korea,,0.897,0.728,0.0,331,185,
ユジン,LOVE DIVE,Soundwave,2.0,0.842,0.662,0.0,331,184,
ユジン,LOVE DIVE,Soundwave ラキドロ,3.0-1,0.688,0.645,0.0,360,184,
ユジン,LOVE DIVE,Soundwave ラキドロ,3.0-2,0.808,0.647,0.0,364,184,
ユジン,LOVE DIVE,Soundwave ラキドロ,3.0 POLA,0.356,0.354,0.0,363,165,
ユジン,LOVE DIVE,Beatroad,,0.85,0.603,0.0,331,184,
ユジン,LOVE DIVE,Ktown4U,2.0,0.784,0.611,0.0,331,184,
ユジン,LOVE DIVE,Namil Music,2.0,0.854,0.715,0.0,331,184,
ユジン,LOVE DIVE,withmuu,3.0,0.897,0.704,0.0,331,184,
ユジン,LOVE DIVE,MokketShop,,0.76,0.646,0.0,331,176,
ユジン,LOVE DIVE,Soundwave,4.0,0.799,0.507,0.0,331,185,
ユジン,LOVE DIVE,Daum Cafe,,0.937,0.72,0.0,331,184,
ユジン,LUCID DREAM,本体封入,初回生産限定盤 I,0.895,0.711,0.0,161,184,
ユジン,LUCID DREAM,本体封入,初回生産限定盤 V,0.921,0.734,0.0,160,184,
ユジン,LUCID DREAM,本体封入,初回生産限定盤 E,0.896,0.611,0.0,161,184,
ユジン,LUCID DREAM,本体封入,メンバーソロジャケット盤,0.873,0.737,0.0,161,184,
ユジン,LUCID DREAM,本体封入,期間生産限定盤,0.837,0.762,0.0,161,184,
ユジン,LUCID DREAM,本体封入,会場限定盤,0.776,0.762,0.0,161,184,
ユジン,LUCID DREAM,A!SMART,A,0.782,0.677,0.0,161,184,
ユジン,LUCID DREAM,タワレコ,B,0.895,0.683,0.0,162,184,
ユジン,LUCID DREAM,HMV,C,0.923,0.794,0.0,161,184,
ユジン,LUCID DREAM,Sony Music Shop,1.0 clear pc,0.416,0.416,0.0,159,185,
ユジン,LUCID DREAM,タワレコ,Shibuya（限定抽選）,0.834,0.808,0.0,163,183,
ユジン,LUCID DREAM,東京ドーム公演開催記念,期間限定特典,0.875,0.73,0.0,163,184,
ユジン,LUCID DREAM,Sony Music Shop,2.0 ラキドロ,0.839,0.593,0.0,162,184,
ユジン,LUCID DREAM,全国ラキドロ,,0.866,0.78,0.0,161,184,
ユジン,LUCID DREAM,タワレコ,online ラキドロ,0.84,0.688,0.0,162,184,
ユジン,LUCID DREAM,オフラインイベント,4.11 TOKYO,0.764,0.618,0.0,161,184,
ユジン,LUCID DREAM,オフラインイベント,4.12 OSAKA,0.721,0.546,0.0,160,183,
ユジン,LUCID DREAM,SWIA OSAKA exclusive,4.18,0.697,0.472,0.0,159,185,
ユジン,LUCID DREAM,オフラインイベント,4.29 TOKYO,0.897,0.684,0.0,159,184,
ユジン,LUCID DREAM,SWIA TOKYO exclusive,6.24-1,0.962,0.692,0.0,159,185,
ユジン,LUCID DREAM,SWIA TOKYO exclusive,6.24-2,0.929,0.749,0.0,159,181,
ユジン,LUCID DREAM,オフラインイベント,7.5 TOKYO,0.778,0.696,0.0,160,185,
ユジン,LUCID DREAM,オフラインイベント,8.30 OSAKA,0.936,0.715,0.0,161,185,
ユジン,LUCID DREAM,オフラインイベント,8.31 TOKYO,0.876,0.6,0.0,159,184,
ユジン,Magazine｜雑誌特典,S Cawaii! 主婦の友 特典B トレカ,,0.834,0.484,0.0,332,176,
ユジン,Magazine｜雑誌特典,ViVi セブンネット特典,,0.541,0.494,0.0,341,184,
ユジン,I've MINE,本体封入,Either Way (Pink ver.),0.773,0.557,0.0,221,174,
ユジン,I've MINE,本体封入,Off The Record (Red ver.),0.882,0.618,0.0,223,184,
ユジン,I've MINE,本体封入,Baddie (Gray ver.),0.914,0.579,0.0,221,184,
ユジン,I've MINE,本体封入,PLVE ver.,0.91,0.476,0.0,220,184,
ユジン,I've MINE,本体封入,LOVED IVE (White ver.),0.788,0.668,0.0,220,165,
ユジン,I've MINE,本体封入,Digipack ver.,0.835,0.648,0.0,220,184,
ユジン,I've MINE,Broadcast,LOVED IVE,0.918,0.515,0.0,331,184,
ユジン,I've MINE,Broadcast,Baddie,0.897,0.642,0.0,331,185,
ユジン,I've MINE,Starship Square,Digipack 6set,0.86,0.582,0.0,331,184,
ユジン,I've MINE,Starship Square,Digipack 6+3set,0.711,0.688,0.0,315,185,
ユジン,I've MINE,Starship Square,PB 3+1set,0.781,0.508,0.0,313,184,
ユジン,I've MINE,Starship Square,PB LOVED IVE,0.367,0.355,0.0,221,184,
ユジン,I've MINE,Starship Square,PB EW+OTR+BADDIE 1,0.941,0.628,0.0,215,184,
ユジン,I've MINE,Starship Square,PB EW+OTR+BADDIE 2,0.941,0.578,0.0,215,184,
ユジン,I've MINE,Ktown4U,1.0,0.883,0.57,0.0,331,185,
ユジン,I've MINE,Namil Music,1.0,0.444,0.402,0.0,108,167,
ユジン,I've MINE,Soundwave,1.0,0.678,0.338,0.0,331,184,
ユジン,I've MINE,Kakao Gift,,0.543,0.492,0.0,331,184,
ユジン,I've MINE,withmuu,1.0,0.939,0.645,0.0,331,184,
ユジン,I've MINE,IDOUSTAGE,1.0,0.847,0.55,0.0,331,184,
ユジン,I've MINE,KMStation,1.0,0.768,0.635,0.0,331,184,
ユジン,I've MINE,mymusictaste,1.0,0.794,0.536,0.0,331,184,
ユジン,I've MINE,Tower Records,1.0,0.63,0.618,0.0,221,184,
ユジン,I've MINE,Tower Records,Shibuya,0.825,0.61,0.0,215,184,
ユジン,I've MINE,Apple Music,1.0,0.773,0.619,0.0,331,183,
ユジン,I've MINE,Namil Music,2.0,0.909,0.585,0.0,331,182,
ユジン,I've MINE,Ktown4U,2.0,0.893,0.535,0.0,331,176,
ユジン,I've MINE,Beatroad,,0.749,0.551,0.0,331,184,
ユジン,I've MINE,Soundwave ラキドロ,2.0-1,0.776,0.478,0.0,215,184,
ユジン,I've MINE,Soundwave ラキドロ,2.0-2,0.678,0.618,0.0,185,184,
ユジン,I've MINE,withmuu ラキドロ,2.0-1,0.908,0.795,0.0,215,184,
ユジン,I've MINE,withmuu ラキドロ,2.0-2,0.895,0.402,0.0,185,161,
ユジン,I've MINE,withmuu,3.0,0.561,0.542,0.0,331,176,
ユジン,I've MINE,KMStation,2.0,0.6,0.594,0.0,331,176,
ユジン,I've MINE,Soundwave,3.0,0.807,0.621,0.0,331,185,
ユジン,I've MINE,Taiwan,,0.798,0.656,0.0,331,184,
ユジン,I've MINE,Soundwave ラキドロ,4.0-1,0.81,0.593,0.0,215,184,
ユジン,I've MINE,Soundwave ラキドロ,4.0-2,0.877,0.77,0.0,215,165,
ユジン,I've MINE,Makestar,1.0,0.59,0.504,0.0,125,184,
ユジン,I've MINE,Apple Music,2.0,0.768,0.654,0.0,331,184,
ユジン,I've MINE,US Exclusive,,0.94,0.637,0.0,331,184,
ユジン,I've MINE,IDOUSTAGE,2.0,0.889,0.58,0.0,331,184,
ユジン,I've MINE,KMStation,3.0,0.892,0.639,0.0,331,184,
ユジン,I've MINE,withmuu,4.0,0.881,0.53,0.0,331,184,
ユジン,I've MINE,MusicArt,,0.835,0.576,0.0,331,184,
ユジン,I've MINE,HOTTRACKS,,0.852,0.488,0.0,331,184,
ユジン,I've MINE,mymusictaste,2.0,0.893,0.727,0.0,331,184,
ユジン,I've MINE,Soundwave,5.0,0.799,0.645,0.0,216,184,
ユジン,I've MINE,Namil Music,3.0,0.781,0.779,0.0,221,155,
ユジン,I've MINE,Japan Yokohama Live,15th Day1,0.837,0.655,0.0,221,172,
ユジン,I've MINE,Japan Yokohama Live,16th Day2,0.742,0.701,0.0,331,184,
ユジン,I've MINE,Hi-Touch,18th・19th,0.812,0.543,0.0,331,184,
ユジン,I've MINE,Tower Records,2.0,0.927,0.608,0.0,331,184,
ユジン,I've MINE,Soundwave,6.0,0.966,0.582,0.0,331,184,
ユジン,I've MINE,withmuu,5.0,0.926,0.652,0.0,331,184,
ユジン,I've MINE,withmuu ラキドロ,6.0-1,0.892,0.527,0.0,331,185,
ユジン,I've MINE,withmuu ラキドロ,6.0-2,0.895,0.626,0.0,331,184,
ユジン,I've MINE,withmuu ラキドロ,6.0-3,0.967,0.595,0.0,185,159,
ユジン,I've MINE,Makestar,2.0,0.68,0.563,0.0,331,170,
ユジン,I've MINE,Yizhiyu,1.0,0.835,0.502,0.0,331,185,
ユジン,I've MINE,Soundwave,7.0 Busan,0.512,0.446,0.0,331,184,
ユジン,I've MINE,Soundwave,8.0 Daegu,0.845,0.399,0.0,331,184,
ユジン,I've MINE,Soundwave,9.0 Gwangju,0.743,0.696,0.0,331,165,
ユジン,I've MINE,Soundwave,10.0 Daejeon,0.643,0.519,0.0,331,184,
ユジン,I've MINE,Soundwave,11.0 Xmas,0.599,0.573,0.0,331,185,
ユジン,I've MINE,KMStation,4.0,0.781,0.766,0.0,330,185,
ユジン,I've MINE,Soundwave,12.0 Thailand,0.908,0.635,0.0,331,184,
ユジン,I've MINE,mymusictaste,3.0,0.784,0.738,0.0,331,184,
ユジン,I've MINE,Yizhiyu,2.0,0.716,0.676,0.0,331,185,
ユジン,ELEVEN -Japanese ver.-,お見送り会 CD購入特典,,0.705,0.668,0.0,331,153,
ユジン,ALIVE,本体封入,Album A（I ver.）,0.84,0.574,0.0,207,185,
ユジン,ALIVE,本体封入,Album B（II ver.）,0.825,0.684,0.0,205,185,
ユジン,ALIVE,本体封入,Normal ED（III ver.）,0.883,0.662,0.0,205,185,
ユジン,ALIVE,本体封入,Solo（IV ver.）,0.867,0.638,0.0,207,184,
ユジン,ALIVE,本体封入,Limited ED（V ver.）,0.684,0.389,0.0,207,164,
ユジン,ALIVE,本体封入,Clear Photocard,0.865,0.495,0.0,207,184,
ユジン,ALIVE,Sony Music Shop,オンライン ラキドロ,0.878,0.65,0.0,207,185,
ユジン,ALIVE,Tower Records,Selca Photocard #B,0.88,0.599,0.0,207,185,
ユジン,ALIVE,HMV・LAWSON,Selca Photocard #C,0.953,0.546,0.0,205,185,
ユジン,ALIVE,オフラインイベント,8/16 OSAKA,0.722,0.66,0.0,207,173,
ユジン,ALIVE,オフラインイベント,8/19 TOKYO,0.799,0.589,0.0,207,184,
ユジン,ALIVE,Japan CD Shop ラキドロ,,0.941,0.626,0.0,205,184,
ユジン,ALIVE,Tower Records Shibuya,限定抽選 A賞,0.836,0.682,0.0,205,164,
ユジン,ALIVE,Sony Music Shop,期間限定特典,0.905,0.529,0.0,207,185,
ユジン,Be Alright,本体封入,初回生産限定盤 I,0.875,0.56,0.0,160,185,
ユジン,Be Alright,本体封入,初回生産限定盤 V,0.727,0.345,0.0,159,184,
ユジン,Be Alright,本体封入,初回生産限定盤 E,0.928,0.657,0.0,158,184,
ユジン,Be Alright,本体封入,ソロジャケット盤,0.709,0.666,0.0,159,184,
ユジン,Be Alright,IVE SCOUT,愛知・福岡 1日目,0.717,0.659,0.0,159,174,
ユジン,Be Alright,IVE SCOUT,愛知・福岡 2日目,0.739,0.717,0.0,158,185,
ユジン,Be Alright,IVE SCOUT,神戸・横浜 1日目,0.675,0.658,0.0,158,177,
ユジン,Be Alright,IVE SCOUT,神戸・横浜 2日目,0.897,0.811,0.0,158,185,
ユジン,Be Alright,A!SMART,A,0.745,0.597,0.0,159,184,
ユジン,Be Alright,Tower Records,B,0.875,0.408,0.0,158,184,
ユジン,Be Alright,HMV,C,0.652,0.643,0.0,158,184,
ユジン,Be Alright,Sony Music,クリアフォトカード,0.602,0.478,0.0,156,156,
ユジン,Be Alright,Sony Music ラキドロ,,0.553,0.533,0.0,156,185,
ユジン,Be Alright,Tower Records Shibuya,限定フォトカード（抽選）,0.838,0.714,0.0,158,184,
ユジン,Be Alright,全店ラキドロ,,0.723,0.547,0.0,159,184,
ユジン,Music Show & Broadcast｜音楽番組・公開放送,2024 KBS 歌謡大祝祭,,0.617,0.452,0.0,236,173,
ユジン,Collab & Event｜コラボ・イベント,ForEVER IVE（エバーランド）,MD MINIVE HUG BAG,0.821,0.556,0.0,196,171,
ユジン,Collab & Event｜コラボ・イベント,ForEVER IVE（エバーランド）,Special Gift 70K,0.914,0.562,0.0,197,185,
ユジン,Collab & Event｜コラボ・イベント,ForEVER IVE（エバーランド）,PASS,0.534,0.509,0.0,198,184,
ユジン,Collab & Event｜コラボ・イベント,ForEVER IVE（エバーランド）,Special Reward,0.692,0.557,0.0,198,185,
ユジン,Collab & Event｜コラボ・イベント,ForEVER IVE（エバーランド）,Special Gift 70K 2.0（8.21〜）,0.88,0.505,0.0,198,184,
ユジン,Collab & Event｜コラボ・イベント,ForEVER IVE（エバーランド）,PASS 2.0,0.843,0.578,0.0,189,185,
ユジン,Collab & Event｜コラボ・イベント,ForEVER IVE（エバーランド）,Special Reward 2.0,0.832,0.538,0.0,190,175,
ユジン,Collab & Event｜コラボ・イベント,Dive into MINIVE,MD MINIVE MINI HANDY FAN,0.925,0.776,0.0,199,184,
ユジン,Collab & Event｜コラボ・イベント,Dive into MINIVE,Special Gift 70K,0.893,0.478,0.0,200,185,
ユジン,Collab & Event｜コラボ・イベント,PUMA,1.0 TEVERIS NITRO,0.633,0.624,0.0,139,160,
ユジン,Collab & Event｜コラボ・イベント,PUMA,2.0 PALERMO（China）,0.452,0.4,0.0,147,184,
ユジン,Collab & Event｜コラボ・イベント,PUMA,3.0 PALERMO,0.549,0.507,0.0,143,176,
ユジン,Collab & Event｜コラボ・イベント,PUMA,4.0 WAVEMULE,0.595,0.586,0.0,145,184,
ユジン,Collab & Event｜コラボ・イベント,光東 とうもろこしのひげ茶,1.0,0.713,0.689,0.0,126,184,
ユジン,Collab & Event｜コラボ・イベント,光東 とうもろこしのひげ茶,2.0,0.703,0.567,0.0,133,177,
ユジン,Collab & Event｜コラボ・イベント,光東 とうもろこしのひげ茶,3.0,0.702,0.641,0.0,131,167,
ユジン,Collab & Event｜コラボ・イベント,Papa John's,1.0,0.651,0.644,0.0,133,153,
ユジン,Collab & Event｜コラボ・イベント,Papa John's,2.0,0.654,0.634,0.0,131,165,
ユジン,Collab & Event｜コラボ・イベント,Papa John's,3.0,0.666,0.644,0.0,134,184,
ユジン,Collab & Event｜コラボ・イベント,Papa John's,4.0 クリア,0.557,0.541,0.0,133,174,
ユジン,Collab & Event｜コラボ・イベント,Papa John's,5.0,0.73,0.706,0.0,126,184,
ユジン,Collab & Event｜コラボ・イベント,Papa John's,6.0 レンチキュラー,0.648,0.559,0.0,132,184,
ユジン,Collab & Event｜コラボ・イベント,AMUSE スティックウエハース,Normal A,0.703,0.604,0.0,146,153,
ユジン,Collab & Event｜コラボ・イベント,AMUSE スティックウエハース,Normal B,0.676,0.573,0.0,145,184,
ユジン,Collab & Event｜コラボ・イベント,AMUSE スティックウエハース,Normal C,0.608,0.578,0.0,146,184,
ユジン,Collab & Event｜コラボ・イベント,AMUSE スティックウエハース,Rare solo,0.735,0.515,0.0,147,175,
ユジン,Collab & Event｜コラボ・イベント,AMUSE ウエハース2,N-01,0.841,0.39,0.0,166,184,
ユジン,Collab & Event｜コラボ・イベント,AMUSE ウエハース2,N-07,0.741,0.566,0.0,165,185,
ユジン,Collab & Event｜コラボ・イベント,AMUSE ウエハース2,N-13,0.894,0.516,0.0,165,185,
ユジン,Collab & Event｜コラボ・イベント,AMUSE ウエハース2,R-19,0.823,0.393,0.0,165,185,
ユジン,4th FAN CONCERT 'DIVE into IVE',Random Photocard Pack,1,0.862,0.623,0.238,144,185,
ユジン,4th FAN CONCERT 'DIVE into IVE',Random Photocard Pack,2,0.91,0.483,0.179,146,185,
ユジン,4th FAN CONCERT 'DIVE into IVE',Random Photocard Pack,3,0.75,0.712,0.0,145,184,
ユジン,4th FAN CONCERT 'DIVE into IVE',Random Photocard Pack,4,0.832,0.759,0.0,146,171,
ユジン,4th FAN CONCERT 'DIVE into IVE',Random Photocard Pack,5,0.889,0.734,-0.051,145,184,
ユジン,4th FAN CONCERT 'DIVE into IVE',Random Photocard Pack,6,0.824,0.674,0.0,146,184,
ユジン,4th FAN CONCERT 'DIVE into IVE',MD,Photo Kit,0.941,0.7,0.219,144,185,
ユジン,4th FAN CONCERT 'DIVE into IVE',MD,Acrylic Stand Set,0.926,0.731,0.521,144,184,
ユジン,4th FAN CONCERT 'DIVE into IVE',MD,Collect Book,0.7,0.519,0.0,144,184,
ユジン,4th FAN CONCERT 'DIVE into IVE',MD,Locket Pendant Necklace,0.734,0.682,0.0,144,184,
ユジン,4th FAN CONCERT 'DIVE into IVE',MD,T-shirt,0.822,0.571,0.0,144,154,
ユジン,4th FAN CONCERT 'DIVE into IVE',MD,Designed by the members,0.682,0.608,0.0,144,184,
ユジン,4th FAN CONCERT 'DIVE into IVE',MD,70K Benefit,0.665,0.525,0.0,144,185,
ユジン,Pepsi × IVE 'BLUE & BLACK',IVE × PEPSI 2023,1.0 A,0.517,0.508,0.0,100,164,
ユジン,Pepsi × IVE 'BLUE & BLACK',IVE × PEPSI 2023,1.0 B,0.383,0.379,0.0,102,185,
ユジン,Pepsi × IVE 'BLUE & BLACK',IVE × PEPSI 2023,2.0 クリア,0.553,0.522,0.0,105,148,
ユジン,Pepsi × IVE 'BLUE & BLACK',IVE × PEPSI 2023,3.0,0.614,0.604,0.0,105,184,
ユジン,Pepsi × IVE 'BLUE & BLACK',IVE × PEPSI 2023,4.0,0.622,0.495,0.0,92,185,
ユジン,Pepsi × IVE 'BLUE & BLACK',IVE × PEPSI 2024,5.0 A,0.668,0.638,0.0,105,164,
ユジン,Pepsi × IVE 'BLUE & BLACK',IVE × PEPSI 2024,5.0 B,0.406,0.404,0.0,107,184,
ユジン,Pepsi × IVE 'BLUE & BLACK',IVE × PEPSI 2024,6.0 A,0.462,0.456,0.0,106,184,
ユジン,Pepsi × IVE 'BLUE & BLACK',IVE × PEPSI 2024,6.0 B,0.526,0.484,0.0,105,184,
ユジン,Pepsi × IVE 'BLUE & BLACK',IVE × PEPSI 2024,6.0 C,0.436,0.406,0.0,102,165,
ユジン,Pepsi × IVE 'BLUE & BLACK',IVE × PEPSI 2024,7.0 A,0.472,0.455,0.0,108,176,
ユジン,Pepsi × IVE 'BLUE & BLACK',IVE × PEPSI 2024,7.0 B,0.481,0.423,0.0,107,161,
ユジン,3rd FAN CONCERT 'IVE SCOUT',Random Photocard Pack,1,0.822,0.47,0.0,138,184,
ユジン,3rd FAN CONCERT 'IVE SCOUT',Random Photocard Pack,2,0.836,0.718,0.0,139,185,
ユジン,3rd FAN CONCERT 'IVE SCOUT',Random Photocard Pack,3,0.815,0.612,0.0,137,185,
ユジン,3rd FAN CONCERT 'IVE SCOUT',Random Photocard Pack,4,0.837,0.645,0.0,135,185,
ユジン,3rd FAN CONCERT 'IVE SCOUT',DIVE ZONE FC ブース特典,Day 1 IVE SCOUT ver.,0.893,0.604,0.0,331,184,
ユジン,2025 SEASON'S GREETINGS [Colorful Days with IVE],本体封入,フォトカードセット,0.84,0.403,0.0,170,184,
ユジン,2025 SEASON'S GREETINGS [Colorful Days with IVE],Starship Square,,0.838,0.512,0.0,169,175,
ユジン,2025 SEASON'S GREETINGS [Colorful Days with IVE],Soundwave,,0.868,0.521,0.0,168,184,
ユジン,2025 SEASON'S GREETINGS [Colorful Days with IVE],Ktown4U,,0.811,0.566,0.0,169,184,
ユジン,2026 SEASON'S GREETINGS [ATELIER IVE],本体封入,フォトカードセット,0.8,0.689,0.0,196,184,
ユジン,2026 SEASON'S GREETINGS [ATELIER IVE],Starship Square,,0.778,0.617,0.0,198,185,
ユジン,2026 SEASON'S GREETINGS [ATELIER IVE],withmuu,,0.828,0.612,0.0,197,184,
ユジン,2026 SEASON'S GREETINGS [ATELIER IVE],MINIVE シーグリ Starship Square,,0.92,0.767,0.0,197,185,
ユジン,2nd WORLD TOUR 'SHOW WHAT I AM',DIVE JAPAN オンラインくじ C賞（京セラドーム）,①,0.642,0.282,0.0,157,175,
ユジン,2nd WORLD TOUR 'SHOW WHAT I AM',DIVE JAPAN オンラインくじ C賞（京セラドーム）,②,0.838,0.477,0.0,157,184,
ユジン,2nd WORLD TOUR 'SHOW WHAT I AM',DIVE JAPAN オンラインくじ C賞（京セラドーム）,③,0.856,0.644,0.0,157,174,
ユジン,1st WORLD TOUR 'SHOW WHAT I HAVE',DVD・Blu-ray・Kit,DVD,0.746,0.699,0.0,119,168,
ユジン,1st WORLD TOUR 'SHOW WHAT I HAVE',DVD・Blu-ray・Kit,Blu-ray,0.683,0.682,0.0,122,185,
ユジン,1st WORLD TOUR 'SHOW WHAT I HAVE',DVD・Blu-ray・Kit,Kit,0.747,0.636,0.0,120,176,
ユジン,1st WORLD TOUR 'SHOW WHAT I HAVE',DVD・Blu-ray・Kit,Starship Square 特典,0.895,0.751,0.492,121,183,
ユジン,1st WORLD TOUR 'SHOW WHAT I HAVE',DVD・Blu-ray・Kit,Apple Music 特典,0.717,0.614,0.0,124,175,
ユジン,1st WORLD TOUR 'SHOW WHAT I HAVE',DVD・Blu-ray・Kit,Ktown4U 特典,0.709,0.654,0.0,121,175,
ユジン,1st WORLD TOUR 'SHOW WHAT I HAVE',in CINEMA,Acryl Photocard Stand,0.87,0.742,0.187,98,184,
ユジン,1st WORLD TOUR 'SHOW WHAT I HAVE',in CINEMA,Photocard Pouch,0.831,0.695,0.0,98,174,
ユジン,1st WORLD TOUR 'SHOW WHAT I HAVE',in CINEMA,Photo Set,0.834,0.736,0.0,98,176,
ユジン,1st WORLD TOUR 'SHOW WHAT I HAVE',in CINEMA,Quick Snap,0.897,0.583,0.507,98,184,
ユジン,1st WORLD TOUR 'SHOW WHAT I HAVE',in CINEMA,Tumbler,0.663,0.651,0.0,98,184,
ユジン,1st WORLD TOUR 'SHOW WHAT I HAVE',in CINEMA,Light Stick Bag,0.764,0.67,0.0,98,176,
ユジン,1st WORLD TOUR 'SHOW WHAT I HAVE',in CINEMA,70K Benefit（self photocard）,0.594,0.578,0.0,98,184,
ユジン,1st WORLD TOUR 'SHOW WHAT I HAVE',in CINEMA,70K Benefit（NFT photocard）,0.483,0.383,0.0,98,154,
ユジン,1st WORLD TOUR 'SHOW WHAT I HAVE',in CINEMA,2nd Week 入場特典,0.786,0.601,0.0,98,185,
ユジン,REVIVE+,本体封入,BANGERS,0.762,0.697,0.0,122,181,
ユジン,REVIVE+,本体封入,CHALLENGERS,0.77,0.733,0.0,121,185,
ユジン,REVIVE+,本体封入,SPOILERS,0.866,0.653,0.514,120,183,
ユジン,REVIVE+,本体封入,LOVED IVE,0.674,0.621,0.0,120,153,
ユジン,REVIVE+,本体封入,Digipack,0.936,0.683,0.573,123,184,差し替え
ユジン,REVIVE+,本体封入,PETIT-IVE,0.938,0.582,0.643,121,184,差し替え
ユジン,REVIVE+,MD,,0.865,0.62,0.26,120,176,
ユジン,REVIVE+,Starship Square,3TYPE,0.862,0.668,0.14,120,184,
ユジン,REVIVE+,Starship Square,LOVED IVE,0.934,0.568,0.676,120,185,差し替え
ユジン,REVIVE+,Starship Square,Digipack,0.861,0.695,-0.166,122,185,
ユジン,REVIVE+,京东,1.0,0.912,0.722,0.445,122,185,
ユジン,REVIVE+,withmuu,1.0,0.774,0.514,0.0,119,184,
ユジン,REVIVE+,Apple Music,1.0,0.859,0.801,0.548,121,168,
ユジン,REVIVE+,Music Korea,1.0,0.648,0.633,0.0,120,184,
ユジン,REVIVE+,Kakao Talk,,0.926,0.717,0.46,120,185,
ユジン,REVIVE+,US Exclusive,,0.906,0.702,0.355,120,184,
ユジン,REVIVE+,Target,,0.913,0.717,0.77,120,184,差し替え
ユジン,REVIVE+,B&N,,0.796,0.655,0.0,119,175,
ユジン,REVIVE+,Ktown4U,1.0,0.914,0.727,0.579,121,184,差し替え
ユジン,REVIVE+,Tower Records,A,0.765,0.647,0.0,121,185,
ユジン,REVIVE+,Tower Records,Shibuya,0.799,0.618,0.0,121,185,
ユジン,REVIVE+,Sony Music,B,0.732,0.679,0.0,120,184,
ユジン,REVIVE+,A!SMART,C,0.58,0.578,0.0,122,184,
ユジン,REVIVE+,Soundwave,1.0,0.905,0.809,0.414,120,171,
ユジン,REVIVE+,Makestar,1.0,0.66,0.634,0.0,121,184,
ユジン,REVIVE+,MusicArt,1.0,0.429,0.392,0.0,121,184,
ユジン,REVIVE+,ARTBOX,,0.465,0.341,0.0,120,160,
ユジン,REVIVE+,Broadcast,BANG BANG,0.871,0.716,0.037,120,184,
ユジン,REVIVE+,withmuu,2.0 Killing Voice,0.801,0.616,0.0,121,184,
ユジン,REVIVE+,withmuu ラキドロ,3.0,0.909,0.764,0.017,120,184,
ユジン,REVIVE+,withmuu ラキドロ,3.0 POLA,0.946,0.55,-0.207,102,160,
ユジン,REVIVE+,OLIVE YOUNG ラキドロ,,0.729,0.589,0.0,122,184,
ユジン,REVIVE+,Music Korea,2.0,0.851,0.629,0.093,121,184,
ユジン,REVIVE+,HOTTRACKS,,0.669,0.535,0.0,120,184,
ユジン,REVIVE+,Showcase,,0.768,0.595,0.0,122,174,
ユジン,REVIVE+,Makestar,2.0,0.643,0.631,0.0,120,185,
ユジン,REVIVE+,Apple Music,2.0,0.896,0.687,0.287,120,184,
ユジン,REVIVE+,Broadcast,BLACK HOLE,0.899,0.738,-0.387,120,184,
ユジン,REVIVE+,withmuu,4.0,0.615,0.5,0.0,118,162,
ユジン,REVIVE+,NY Music,1.0,0.705,0.615,0.0,121,185,
ユジン,REVIVE+,QQ音乐 ラキドロ,,0.808,0.685,0.0,120,185,
ユジン,REVIVE+,Beatroad,1.0,0.596,0.567,0.0,121,165,
ユジン,REVIVE+,Apple Music,3.0,0.708,0.57,0.0,121,166,
ユジン,REVIVE+,withmuu ラキドロ,5.0-1,0.824,0.674,0.0,121,175,
ユジン,REVIVE+,withmuu ラキドロ,5.0-2,0.884,0.725,0.535,121,177,
ユジン,REVIVE+,Soundwave ラキドロ,2.0,0.725,0.716,0.0,120,168,
ユジン,REVIVE+,Soundwave ラキドロ,2.0 POLA,0.672,0.593,0.0,105,156,
ユジン,REVIVE+,MusicArt ラキドロ,2.0,0.616,0.613,0.0,120,167,
ユジン,REVIVE+,MusicArt ラキドロ,2.0 POLA,0.778,0.63,0.0,104,150,
ユジン,REVIVE+,オフラインイベント,4.11 TOKYO,0.811,0.723,0.0,120,184,
ユジン,REVIVE+,オフラインイベント,4.12 OSAKA,0.768,0.624,0.0,122,184,
ユジン,REVIVE+,KMStation,1.0,0.883,0.691,0.146,120,184,
ユジン,REVIVE+,SWIA OSAKA exclusive,4.18,0.924,0.687,0.5,120,185,
ユジン,REVIVE+,SWIA OSAKA exclusive,4.19,0.876,0.728,0.541,120,184,
ユジン,REVIVE+,オフラインイベント,4.29 TOKYO,0.928,0.697,-0.218,121,184,
ユジン,REVIVE+,withmuu ラキドロ,6.0,0.615,0.597,0.0,120,184,
ユジン,REVIVE+,withmuu ラキドロ,6.0 POLA,0.622,0.6,0.0,119,165,
ユジン,REVIVE+,withmuu,7.0,0.933,0.721,0.196,120,176,
ユジン,REVIVE+,KMStation,2.0,0.811,0.739,0.0,120,184,
ユジン,REVIVE+,Makestar,3.0,0.928,0.746,0.547,120,165,
ユジン,REVIVE+,Ktown4U,2.0,0.892,0.716,0.224,121,185,
ユジン,REVIVE+,京东,2.0,0.807,0.666,0.0,120,184,
ユジン,REVIVE+,Music Korea,3.0,0.885,0.748,0.326,120,184,
ユジン,REVIVE+,Ktown4U,3.0,0.853,0.62,0.205,120,175,
ユジン,REVIVE+,withmuu,8.0,0.626,0.589,0.0,120,154,
ユジン,REVIVE+,withmuu ラキドロ,9.0,0.794,0.77,0.0,119,184,
ユジン,REVIVE+,withmuu ラキドロ,9.0 POLA,0.64,0.572,0.0,107,139,
ユジン,REVIVE+,withmuu,10.0,0.879,0.519,0.292,120,184,
ユジン,REVIVE+,Ktown4U ラキドロ,4.0,0.751,0.601,0.0,122,176,
ユジン,REVIVE+,Ktown4U ラキドロ,4.0 POLA,0.868,0.586,0.64,121,184,差し替え
ユジン,REVIVE+,Soundwave ラキドロ,3.0,0.904,0.656,0.62,119,184,差し替え
ユジン,REVIVE+,Soundwave ラキドロ,3.0 POLA,0.594,0.464,0.0,120,183,
ユジン,REVIVE+,Yetimall,1.0,0.989,0.76,0.921,120,184,差し替え
ユジン,REVIVE+,Yetimall,2.0,0.951,0.734,0.59,120,184,差し替え
ユジン,REVIVE+,Makestar ラキドロ,4.0,0.714,0.623,0.0,120,184,
ユジン,REVIVE+,Makestar ラキドロ,4.0 POLA,0.602,0.475,0.0,118,153,
ユジン,REVIVE+,KMONSTAR,1.0,0.954,0.697,0.775,119,184,差し替え
ユジン,REVIVE+,NY Music ラキドロ,2.0,0.981,0.765,0.834,120,184,差し替え
ユジン,REVIVE+,NY Music ラキドロ,2.0 POLA,0.799,0.705,0.0,103,139,
ユジン,IVE SECRET,本体封入,Shh!,0.876,0.571,0.0,378,185,
ユジン,IVE SECRET,本体封入,Gasp!,0.841,0.76,0.0,378,184,
ユジン,IVE SECRET,本体封入,Psst!,0.878,0.716,0.0,375,184,
ユジン,IVE SECRET,本体封入,LOVED IVE,0.904,0.591,0.0,375,184,
ユジン,IVE SECRET,本体封入,Instant Photo Shh!,0.568,0.448,0.0,90,185,
ユジン,IVE SECRET,本体封入,Instant Photo Gasp!,0.519,0.455,0.0,91,184,
ユジン,IVE SECRET,本体封入,Instant Photo Psst!,0.493,0.487,0.0,93,161,
ユジン,IVE SECRET,本体封入,Digipack,0.903,0.518,0.0,378,183,
ユジン,IVE SECRET,本体封入,Evil Cupid,0.945,0.662,0.0,375,185,
ユジン,IVE SECRET,Starship Square,3TYPE 1,0.812,0.587,0.0,378,185,
ユジン,IVE SECRET,Starship Square,3TYPE 2,0.887,0.564,0.0,378,184,
ユジン,IVE SECRET,Starship Square,4TYPE,0.839,0.659,0.0,377,184,
ユジン,IVE SECRET,Starship Square,3+6 (A),0.847,0.707,0.0,377,184,
ユジン,IVE SECRET,Starship Square,3+6 (B),0.701,0.481,0.0,375,185,
ユジン,IVE SECRET,Starship Square,LOVED IVE,0.83,0.568,0.0,375,185,
ユジン,IVE SECRET,Starship Square,Digipack,0.91,0.736,0.0,378,185,
ユジン,IVE SECRET,Soundwave,1.0,0.766,0.631,0.0,378,175,
ユジン,IVE SECRET,withmuu,1.0,0.876,0.631,0.0,378,184,
ユジン,IVE SECRET,Apple Music,1.0,0.777,0.584,0.0,378,184,
ユジン,IVE SECRET,Makestar,1.0,0.489,0.31,0.0,378,184,
ユジン,IVE SECRET,京东,,0.462,0.456,0.0,77,184,
ユジン,IVE SECRET,Tower Records,A,0.942,0.703,0.0,377,185,
ユジン,IVE SECRET,Tower Records,Shibuya,0.962,0.607,0.0,378,184,
ユジン,IVE SECRET,Sony Music,B,0.899,0.721,0.212,79,185,
ユジン,IVE SECRET,A!SMART,C,0.854,0.565,-0.025,77,184,
ユジン,IVE SECRET,US Exclusive,,0.815,0.703,0.0,77,184,
ユジン,IVE SECRET,Target,,0.702,0.593,0.0,78,169,
ユジン,IVE SECRET,Barnes & Noble,,0.945,0.709,0.324,78,184,
ユジン,IVE SECRET,Music Korea,,0.908,0.422,0.571,77,184,差し替え
ユジン,IVE SECRET,Soundwave ラキドロ,2.0,0.878,0.712,0.0,377,184,
ユジン,IVE SECRET,Soundwave ラキドロ,2.0 POLA,0.532,0.467,0.0,76,185,
ユジン,IVE SECRET,withmuu ラキドロ,2.0,0.659,0.563,0.0,378,154,
ユジン,IVE SECRET,withmuu ラキドロ,2.0 POLA,0.896,0.536,0.673,78,184,差し替え
ユジン,IVE SECRET,OLIVE YOUNG ラキドロ,,0.469,0.465,0.0,78,173,
ユジン,IVE SECRET,Beatroad ラキドロ,1.0,0.826,0.62,0.0,377,184,
ユジン,IVE SECRET,Beatroad ラキドロ,1.0 POLA,0.943,0.662,-0.154,77,185,
ユジン,IVE SECRET,Apple Music,2.0,0.703,0.567,0.0,78,184,
ユジン,IVE SECRET,Makestar,2.0,0.663,0.587,0.0,78,185,
ユジン,IVE SECRET,Ktown4U,STUDIO CHOOM,0.964,0.638,0.669,77,184,差し替え
ユジン,IVE SECRET,Broadcast,,0.742,0.569,0.0,378,166,
ユジン,IVE SECRET,StarRiver,,0.698,0.601,0.0,78,185,
ユジン,IVE SECRET,hellolive,1.0,0.74,0.498,0.0,78,175,
ユジン,IVE SECRET,withmuu,3.0,0.625,0.614,0.0,78,153,
ユジン,IVE SECRET,MusicArt,,0.764,0.723,0.0,77,176,
ユジン,IVE SECRET,HOTTRACKS,,0.853,0.611,0.0,378,184,
ユジン,IVE SECRET,Soundwave,3.0,0.821,0.564,0.0,79,184,
ユジン,IVE SECRET,Makestar,3.0,0.729,0.494,0.0,78,184,
ユジン,IVE SECRET,オフラインイベント,9.23 TOKYO,0.922,0.579,0.101,77,185,
ユジン,IVE SECRET,オフラインイベント,9.24 OSAKA,0.826,0.535,0.0,77,184,
ユジン,IVE SECRET,オフラインイベント,10.12 TOKYO,0.776,0.536,0.0,77,184,
ユジン,IVE SECRET,オフラインイベント,10.13 OSAKA,0.739,0.595,0.0,76,184,
ユジン,IVE SECRET,Apple Music,3.0,0.899,0.492,0.419,78,185,
ユジン,IVE SECRET,Soundwave,4.0,0.608,0.551,0.0,78,184,
ユジン,IVE SECRET,withmuu ラキドロ,4.0,0.752,0.586,0.0,77,184,
ユジン,IVE SECRET,withmuu ラキドロ,4.0 POLA,0.463,0.413,0.0,66,139,
ユジン,IVE SECRET,withmuu,5.0,0.676,0.427,0.0,78,183,
ユジン,IVE SECRET,Beatroad,2.0,0.947,0.489,0.643,78,184,差し替え
ユジン,IVE SECRET,withmuu ラキドロ,6.0 Special HI-BYE-1,0.838,0.496,0.0,78,184,
ユジン,IVE SECRET,withmuu ラキドロ,6.0 Special HI-BYE-2,0.521,0.489,0.0,77,153,
ユジン,IVE SECRET,Makestar ラキドロ,4.0,0.894,0.616,0.348,77,184,
ユジン,IVE SECRET,Soundwave,5.0,0.618,0.377,0.0,77,184,
ユジン,IVE SECRET,オフラインイベント,11.23 TOKYO,0.698,0.633,0.0,76,184,
ユジン,IVE SECRET,オフラインイベント,11.24 OSAKA,0.862,0.768,-0.246,77,185,
ユジン,IVE SECRET,Apple Music,4.0,0.849,0.787,0.0,77,184,
ユジン,IVE SECRET,KMONSTAR,1.0,0.825,0.724,0.0,77,185,
ユジン,IVE SECRET,withmuu,7.0,0.741,0.566,0.0,78,176,
ユジン,IVE SECRET,hellolive,2.0,0.946,0.475,0.36,78,184,
ユジン,IVE SECRET,NY Music,,0.785,0.455,0.0,76,184,
ユジン,IVE SECRET,KMONSTAR,2.0,0.856,0.68,0.229,77,184,
ユジン,IVE SECRET,withmuu ラキドロ,8.0-1,0.868,0.661,0.497,77,173,
ユジン,IVE SECRET,withmuu ラキドロ,8.0-2,0.728,0.543,0.0,77,165,
ユジン,IVE SECRET,withmuu ラキドロ,8.0 POLA,0.534,0.532,0.0,73,156,
ユジン,IVE SECRET,IDOLSHOP,,0.727,0.66,0.0,77,165,
ユジン,IVE SECRET,Yetimall ラキドロ,-1,0.686,0.596,0.0,78,175,
ユジン,IVE SECRET,Yetimall ラキドロ,-2,0.798,0.786,0.0,78,184,
ユジン,IVE SECRET,Yetimall ラキドロ,POLA,0.606,0.526,0.0,75,172,
ユジン,IVE SECRET,Makestar,5.0,0.875,0.507,0.241,77,184,
ユジン,IVE SECRET,Apple Music ラキドロ,5.0-1,0.883,0.681,0.196,78,170,
ユジン,IVE SECRET,Apple Music ラキドロ,5.0-2,0.734,0.685,0.0,78,177,
ユジン,IVE SECRET,Apple Music ラキドロ,5.0 POLA,0.553,0.544,0.0,76,185,
ユジン,IVE SECRET,withmuu ラキドロ,9.0-1,0.701,0.621,0.0,67,163,
ユジン,IVE SECRET,withmuu ラキドロ,9.0-2,0.632,0.595,0.0,66,160,
ユジン,IVE SECRET,Soundwave ラキドロ,6.0,0.653,0.606,0.0,68,156,
ユジン,2022 SEASON'S GREETINGS [A RAY OF SUNSHINE],本体封入,,0.742,0.519,0.0,348,184,
ユジン,2022 SEASON'S GREETINGS [A RAY OF SUNSHINE],Starship Square,,0.854,0.695,0.0,348,184,
ユジン,2022 SEASON'S GREETINGS [A RAY OF SUNSHINE],Synnara,,0.736,0.734,0.0,348,176,
ユジン,2022 SEASON'S GREETINGS [A RAY OF SUNSHINE],Soundwave,,0.78,0.649,0.0,348,184,
ユジン,2022 SEASON'S GREETINGS [A RAY OF SUNSHINE],Sound Contents,,0.576,0.546,0.0,348,184,
ユジン,"2023 SEASON'S GREETINGS [Ready, Get Set, IVE!]",本体封入,,0.818,0.596,0.0,348,184,
ユジン,"2023 SEASON'S GREETINGS [Ready, Get Set, IVE!]",Soundwave,,0.838,0.594,0.0,348,185,
ユジン,"2023 SEASON'S GREETINGS [Ready, Get Set, IVE!]",Starship Square,,0.709,0.542,0.0,348,175,
ユジン,"2023 SEASON'S GREETINGS [Ready, Get Set, IVE!]",Ktown4U,,0.817,0.568,0.0,348,184,
ユジン,"2023 SEASON'S GREETINGS [Ready, Get Set, IVE!]",Synnara,,0.863,0.665,0.0,348,185,
ユジン,2024 SEASON'S GREETINGS [A Fairy's Wish],本体封入,フォトカードセット,0.904,0.737,0.0,348,184,
ユジン,2024 SEASON'S GREETINGS [A Fairy's Wish],Soundwave,,0.693,0.679,0.0,348,184,
ユジン,2024 SEASON'S GREETINGS [A Fairy's Wish],Starship Square,,0.613,0.595,0.0,348,184,
ユジン,2024 SEASON'S GREETINGS [A Fairy's Wish],Ktown4U,,0.896,0.778,0.0,348,184,
ユジン,2024 SEASON'S GREETINGS [A Fairy's Wish],Apple Music,,0.775,0.706,0.0,348,184,
ユジン,IVE SWITCH,本体封入,ON,0.894,0.455,0.0,329,184,
ユジン,IVE SWITCH,本体封入,OFF,0.927,0.393,0.0,329,184,
ユジン,IVE SWITCH,本体封入,SPIN-OFF,0.84,0.63,0.0,329,164,
ユジン,IVE SWITCH,本体封入,LOVED IVE,0.924,0.783,0.0,329,184,
ユジン,IVE SWITCH,本体封入,Digipack,0.612,0.519,0.0,329,165,
ユジン,IVE SWITCH,本体封入,PLVE,0.806,0.739,0.0,329,184,
ユジン,IVE SWITCH,本体封入,Lenticular,0.623,0.571,0.0,329,184,
ユジン,IVE SWITCH,Starship Square,1,0.624,0.565,0.0,329,165,
ユジン,IVE SWITCH,Starship Square,2,0.869,0.447,0.0,329,184,
ユジン,IVE SWITCH,Starship Square,LOVED IVE,0.923,0.647,0.0,329,184,
ユジン,IVE SWITCH,Starship Square,Digipack,0.731,0.512,0.0,329,184,
ユジン,IVE SWITCH,Starship Square,Set 1,0.789,0.565,0.0,329,184,
ユジン,IVE SWITCH,Starship Square,Set 2,0.719,0.539,0.0,333,153,
ユジン,IVE SWITCH,Starship Square,Set 3,0.857,0.572,0.0,329,185,
ユジン,IVE SWITCH,A!SMART,,0.758,0.494,0.0,329,184,
ユジン,IVE SWITCH,Apple Music,,0.523,0.402,0.0,329,184,
ユジン,IVE SWITCH,KakaoTalk,,0.891,0.699,0.0,311,184,
ユジン,IVE SWITCH,Makestar,,0.554,0.511,0.0,329,163,
ユジン,IVE SWITCH,Music Korea,,0.712,0.548,0.0,329,184,
ユジン,IVE SWITCH,mymusictaste,,0.845,0.717,0.0,329,184,
ユジン,IVE SWITCH,Sony Music,,0.642,0.482,0.0,333,184,
ユジン,IVE SWITCH,Soundwave,,0.832,0.808,0.0,329,183,
ユジン,IVE SWITCH,StarRiver,,0.688,0.628,0.0,329,174,
ユジン,IVE SWITCH,Tower Records,,0.757,0.582,0.0,329,185,
ユジン,IVE SWITCH,withmuu,,0.756,0.508,0.0,329,154,
ユジン,IVE SWITCH,Soundwave ラキドロ,1.0-1,0.613,0.583,0.0,329,184,
ユジン,IVE SWITCH,Soundwave ラキドロ,1.0-2,0.783,0.454,0.0,329,185,
ユジン,IVE SWITCH,Soundwave ラキドロ,2.0-1,0.849,0.554,0.0,329,185,
ユジン,IVE SWITCH,Soundwave ラキドロ,2.0-2,0.76,0.489,0.0,329,184,
ユジン,IVE SWITCH,Soundwave ラキドロ,4.0-1,0.914,0.654,0.0,329,185,
ユジン,IVE SWITCH,Soundwave ラキドロ,4.0-2,0.611,0.497,0.0,329,165,
ユジン,IVE SWITCH,Soundwave ラキドロ,5.0-1,0.939,0.693,0.0,224,184,
ユジン,IVE SWITCH,Soundwave ラキドロ,5.0-2,0.806,0.636,0.0,329,173,
ユジン,IVE SWITCH,Music Korea ラキドロ,1,0.977,0.593,0.0,329,184,
ユジン,IVE SWITCH,Music Korea ラキドロ,2,0.958,0.482,0.0,329,184,
ユジン,IVE SWITCH,Makestar ラキドロ,1,0.686,0.609,0.0,333,184,
ユジン,IVE SWITCH,Makestar ラキドロ,2,0.779,0.51,0.0,329,185,
ユジン,IVE SWITCH,withmuu ラキドロ,1.0-1,0.909,0.772,0.0,329,184,
ユジン,IVE SWITCH,withmuu ラキドロ,1.0-2,0.759,0.59,0.0,329,176,
ユジン,IVE SWITCH,withmuu ラキドロ,2.0-1,0.956,0.646,0.0,329,184,
ユジン,IVE SWITCH,withmuu ラキドロ,2.0-2,0.964,0.633,0.0,329,184,
ユジン,IVE SWITCH,withmuu ラキドロ,3.0-1,0.934,0.731,0.0,329,185,
ユジン,IVE SWITCH,withmuu ラキドロ,3.0-2,0.728,0.673,0.0,329,184,
ユジン,IVE SWITCH,Apple Music ファンサイン,1.0,0.679,0.493,0.0,329,184,
ユジン,IVE SWITCH,Apple Music ファンサイン,2.0,0.705,0.691,0.0,329,184,
ユジン,IVE SWITCH,Apple Music ファンサイン,3.0,0.733,0.662,0.0,329,155,
ユジン,IVE SWITCH,Soundwave ファンサイン,1.0,0.955,0.594,0.0,329,184,
ユジン,IVE SWITCH,Soundwave ファンサイン,2.0,0.944,0.707,0.0,329,185,
ユジン,IVE SWITCH,Soundwave ファンサイン,Hong Kong,0.651,0.52,0.0,329,184,
ユジン,IVE SWITCH,Soundwave ファンサイン,Manila,0.743,0.669,0.0,329,183,
ユジン,IVE SWITCH,Soundwave ファンサイン,Jakarta,0.747,0.694,0.0,329,184,
ユジン,IVE SWITCH,mymusictaste ファンサイン,,0.937,0.635,0.0,329,184,
ユジン,IVE SWITCH,Tower Records ファンサイン,,0.883,0.767,0.0,329,185,
ユジン,IVE SWITCH,Makestar ファンサイン,1.0,0.841,0.417,0.0,329,184,
ユジン,IVE SWITCH,Makestar ファンサイン,2.0,0.444,0.285,0.0,329,176,
ユジン,IVE SWITCH,withmuu ファンサイン,1.0,0.839,0.583,0.0,329,184,
ユジン,IVE SWITCH,withmuu ファンサイン,2.0,0.57,0.565,0.0,329,184,
ユジン,IVE SWITCH,Yizhiyu ファンサイン,1.0,0.859,0.742,0.0,329,185,
ユジン,IVE SWITCH,Yizhiyu ファンサイン,2.0,0.862,0.634,0.0,329,175,
ユジン,IVE SWITCH,Yizhiyu ファンサイン,3.0,0.723,0.541,0.0,329,184,
ユジン,IVE SWITCH,Yizhiyu ファンサイン,4.0,0.898,0.549,0.0,329,184,
ユジン,IVE SWITCH,StarRiver ファンサイン,1.0,0.711,0.656,0.0,329,184,
ユジン,IVE SWITCH,StarRiver ファンサイン,2.0,0.741,0.696,0.0,329,171,
ユジン,IVE SWITCH,Japan ファンサイン,Tokyo,0.53,0.497,0.0,329,176,
ユジン,IVE SWITCH,Japan ファンサイン,Osaka,0.877,0.752,0.0,329,185,
ユジン,IVE SWITCH,LINE FRIENDS トレカ,1,0.689,0.616,0.0,333,165,
ユジン,IVE SWITCH,LINE FRIENDS トレカ,2,0.942,0.708,0.0,224,183,
ユジン,IVE SWITCH,LINE FRIENDS 特典,1,0.773,0.588,0.0,329,184,
ユジン,IVE SWITCH,LINE FRIENDS 特典,2,0.857,0.504,0.0,332,184,
ユジン,IVE SWITCH,OSAKA イベント,,0.72,0.673,0.0,329,184,
ユジン,IVE SWITCH,Broadcast,1週目,0.908,0.543,0.0,329,184,
ユジン,IVE SWITCH,Broadcast,2週目,0.675,0.527,0.0,329,184,
ユジン,1st WORLD TOUR 'SHOW WHAT I HAVE',MD,Photo Kit,0.94,0.671,0.0,348,185,
ユジン,1st WORLD TOUR 'SHOW WHAT I HAVE',MD,Photocard Binder,0.977,0.724,0.0,213,184,
ユジン,1st WORLD TOUR 'SHOW WHAT I HAVE',MD,Photocard Holder,0.661,0.376,0.0,212,165,
ユジン,1st WORLD TOUR 'SHOW WHAT I HAVE',MD,Cross Bag,0.834,0.443,0.0,213,184,
ユジン,1st WORLD TOUR 'SHOW WHAT I HAVE',MD,Necklace,0.826,0.757,0.0,213,185,
ユジン,1st WORLD TOUR 'SHOW WHAT I HAVE',Random Photocard,1,0.722,0.653,0.0,213,184,
ユジン,1st WORLD TOUR 'SHOW WHAT I HAVE',Random Photocard,2,0.686,0.616,0.0,212,165,
ユジン,1st WORLD TOUR 'SHOW WHAT I HAVE',Random Photocard,3,0.802,0.659,0.0,212,184,
ユジン,1st WORLD TOUR 'SHOW WHAT I HAVE',Random Photocard,4,0.811,0.79,0.0,213,176,
ユジン,1st WORLD TOUR 'SHOW WHAT I HAVE',Japan Random Photocard,1,0.825,0.499,0.0,251,184,
ユジン,1st WORLD TOUR 'SHOW WHAT I HAVE',Japan Random Photocard,2,0.826,0.704,0.0,250,164,
ユジン,1st WORLD TOUR 'SHOW WHAT I HAVE',2nd DIVE FC Class DIVE,1,0.84,0.541,0.0,213,184,
ユジン,1st WORLD TOUR 'SHOW WHAT I HAVE',2nd DIVE FC Class DIVE,2,0.825,0.401,0.0,212,185,
ユジン,1st WORLD TOUR 'SHOW WHAT I HAVE',SuperStar STARSHIP,1,0.874,0.664,0.0,213,184,
ユジン,1st WORLD TOUR 'SHOW WHAT I HAVE',SuperStar STARSHIP,2,0.687,0.616,0.0,213,174,
ユジン,1st WORLD TOUR 'SHOW WHAT I HAVE',SuperStar STARSHIP,3,0.748,0.529,0.0,213,176,
ユジン,1st WORLD TOUR 'SHOW WHAT I HAVE',SuperStar STARSHIP,4,0.514,0.425,0.0,213,184,
ユジン,WAVE,本体封入,初回AB盤 photocard I,0.932,0.882,0.0,415,184,
ユジン,WAVE,本体封入,初回C盤 photocard II,0.969,0.714,0.0,415,184,
ユジン,WAVE,本体封入,通常盤 photocard III,0.847,0.833,0.0,165,174,
ユジン,WAVE,本体封入,DIVE盤 photocard IV,0.718,0.638,0.0,417,184,
ユジン,WAVE,Sony Music ラキドロ,,0.896,0.688,0.0,414,176,
ユジン,WAVE,全国CDショップ ラキドロ,,0.932,0.679,0.0,417,184,
ユジン,WAVE,タワレコ,抽選会特典,0.961,0.604,0.0,417,185,
ユジン,WAVE,Soundwave,ランダム,0.794,0.602,0.0,418,175,
ユジン,WAVE,ハイタッチ会,A,0.758,0.614,0.0,244,184,
ユジン,WAVE,ハイタッチ会,B,0.874,0.689,0.0,244,183,
ユジン,WAVE,タワレコ,ランダム,0.962,0.76,0.0,415,185,
ユジン,WAVE,HMV,ランダム,0.929,0.577,0.0,415,185,
ユジン,After LIKE,本体封入,ver.1,0.855,0.691,0.0,376,184,
ユジン,After LIKE,本体封入,ver.2,0.882,0.627,0.0,374,184,
ユジン,After LIKE,本体封入,ver.3,0.961,0.615,0.0,376,184,
ユジン,After LIKE,Fansign,ATL ver.,0.865,0.593,0.0,331,185,
ユジン,After LIKE,Daum Cafe,,0.836,0.641,0.0,331,185,
ユジン,After LIKE,Broadcast,After ver.,0.651,0.608,0.0,216,176,
ユジン,After LIKE,Broadcast,Like ver.,0.737,0.643,0.0,216,184,
ユジン,After LIKE,Jewel ver. POB,6set,0.883,0.555,0.0,365,184,
ユジン,After LIKE,Starship Square,CHU~♥ 1,0.804,0.642,0.0,363,184,
ユジン,After LIKE,Starship Square,CHU~♥ 2,0.818,0.637,0.0,361,172,
ユジン,After LIKE,Ktown4U,,0.79,0.65,0.0,367,184,
ユジン,After LIKE,Bandina,,0.923,0.69,0.0,365,184,
ユジン,After LIKE,mymusictaste,,0.726,0.692,0.0,367,184,
ユジン,After LIKE,withmuu,1.0,0.914,0.708,0.0,362,185,
ユジン,After LIKE,Soundwave,1.0,0.849,0.646,0.0,365,184,
ユジン,After LIKE,Naver Shopping Live,,0.643,0.624,0.0,365,184,
ユジン,After LIKE,Tower Records,1,0.723,0.722,0.0,365,184,
ユジン,After LIKE,Beatroad,,0.816,0.726,0.0,367,184,
ユジン,After LIKE,Apple Music,,0.723,0.594,0.0,364,185,
ユジン,After LIKE,Namil Music,,0.833,0.709,0.0,365,184,
ユジン,After LIKE,MokketShop,,0.872,0.684,0.0,365,184,
ユジン,After LIKE,TOU,1.0,0.879,0.7,0.0,365,184,
ユジン,After LIKE,Music Korea,,0.824,0.566,0.0,367,183,
ユジン,After LIKE,Soundwave,3.0,0.809,0.64,0.0,367,174,
ユジン,After LIKE,StarRiver,,0.898,0.577,0.0,367,184,
ユジン,After LIKE,withmuu,3.0,0.898,0.712,0.0,365,184,
ユジン,After LIKE,Soundwave,4.0,0.844,0.686,0.0,365,184,
ユジン,After LIKE,本体封入,Jewel ver.,0.92,0.8,0.0,376,184,
ユジン,After LIKE,Soundwave ラキドロ,2.0-1,0.904,0.685,0.0,365,184,
ユジン,After LIKE,Soundwave ラキドロ,2.0-2,0.881,0.603,0.0,364,185,
ユジン,After LIKE,Soundwave ラキドロ,2.0-3,0.874,0.664,0.0,363,185,
ユジン,After LIKE,withmuu ラキドロ,2.0-1,0.901,0.653,0.0,365,184,
ユジン,After LIKE,withmuu ラキドロ,2.0-2,0.894,0.722,0.0,361,185,
ユジン,REVIVE+,KMStation,3.0,0.51,0.473,0.0,310,176,
ユジン,REVIVE+,KMStation,4.0,0.605,0.557,0.0,263,185,
ユジン,LUCID DREAM,オフラインイベント,9.20 スペシャルイベント,0.531,0.513,0.0,290,184,
ガウル,Music Show & Broadcast｜音楽番組・公開放送,MBC 音楽中心 公開放送,,0.878,0.733,0.0,348,176,
ガウル,Music Show & Broadcast｜音楽番組・公開放送,SBS 歌謡大祭典 公開放送,,0.838,0.408,0.0,331,184,
ガウル,Collab & Event｜コラボ・イベント,UNI-KON,,0.62,0.446,0.0,331,184,
ガウル,Collab & Event｜コラボ・イベント,V Coloring イベント特典,,0.774,0.514,0.0,347,184,
ガウル,ELEVEN,本体封入,ver.1,0.903,0.475,0.0,393,184,
ガウル,ELEVEN,本体封入,ver.2,0.568,0.568,0.0,393,157,
ガウル,ELEVEN,POB,ID Card,0.594,0.567,0.0,86,185,
ガウル,ELEVEN,POB,Message Card,0.464,0.445,0.0,163,163,
ガウル,ELEVEN,Starship Square,1,0.641,0.505,0.0,393,183,
ガウル,ELEVEN,Starship Square,2,0.658,0.604,0.0,393,184,
ガウル,ELEVEN,Ktown4U,,0.688,0.581,0.0,331,175,
ガウル,ELEVEN,Soundwave,1.0,0.673,0.5,0.0,331,175,
ガウル,ELEVEN,Yizhiyu,1.0,0.658,0.561,0.0,156,176,
ガウル,ELEVEN,Yizhiyu,2.0,0.88,0.694,0.0,330,181,
ガウル,ELEVEN,Tower Records,,0.313,0.29,0.0,165,161,
ガウル,ELEVEN,Shopee,,0.734,0.601,0.0,331,175,
ガウル,ELEVEN,mymusictaste,,0.663,0.557,0.0,331,184,
ガウル,ELEVEN,Soundwave ラキドロ,2.0-1,0.896,0.644,0.0,393,183,
ガウル,ELEVEN,Soundwave ラキドロ,2.0-2,0.918,0.599,0.0,393,184,
ガウル,ELEVEN,Soundwave ラキドロ,2.0 POLA,0.897,0.607,0.0,158,161,
ガウル,ELEVEN,Withdrama ラキドロ,2.0-1,0.85,0.623,0.0,393,184,
ガウル,ELEVEN,Withdrama ラキドロ,2.0-2,0.798,0.797,0.0,391,185,
ガウル,ELEVEN,Withdrama ラキドロ,2.0 POLA,0.592,0.516,0.0,165,184,
ガウル,ELEVEN,EVERLINE,1.0,0.716,0.608,0.0,331,183,
ガウル,ELEVEN,Makestar,1.0,0.797,0.614,0.0,331,184,
ガウル,ELEVEN,Withdrama,3.0,0.857,0.388,0.0,331,184,
ガウル,ELEVEN,Wonderwall,,0.828,0.402,0.0,330,183,
ガウル,ELEVEN,Soundwave,3.0,0.605,0.584,0.0,331,185,
ガウル,ELEVEN,EVERLINE,2.0,0.55,0.48,0.0,331,185,
ガウル,ELEVEN,JoeunMusic,,0.784,0.661,0.0,330,184,
ガウル,ELEVEN,Makestar,2.0,0.802,0.672,0.0,331,177,
ガウル,ELEVEN,Daum Cafe,,0.82,0.663,0.0,331,185,
ガウル,IVE EMPATHY,本体封入,Me ver.,0.965,0.796,0.0,376,184,
ガウル,IVE EMPATHY,本体封入,You ver.,0.467,0.457,0.0,89,184,
ガウル,IVE EMPATHY,本体封入,And us ver.,0.884,0.561,0.0,377,183,
ガウル,IVE EMPATHY,本体封入,LOVED IVE ver.,0.953,0.727,0.0,376,184,
ガウル,IVE EMPATHY,本体封入,PLVE,0.874,0.652,0.0,376,170,
ガウル,IVE EMPATHY,本体封入,Digipack,0.841,0.591,0.0,378,181,
ガウル,IVE EMPATHY,MD,,0.923,0.383,0.0,379,184,
ガウル,IVE EMPATHY,Broadcast,1.0,0.817,0.598,0.0,376,175,
ガウル,IVE EMPATHY,Broadcast,2.0,0.912,0.729,0.0,376,184,
ガウル,IVE EMPATHY,Starship Square,3TYPE 1,0.84,0.645,0.0,376,184,
ガウル,IVE EMPATHY,Starship Square,3TYPE 2,0.762,0.476,0.0,379,185,
ガウル,IVE EMPATHY,Starship Square,4TYPE,0.864,0.685,0.0,376,175,
ガウル,IVE EMPATHY,Starship Square,3+6 (A),0.733,0.631,0.0,376,185,
ガウル,IVE EMPATHY,Starship Square,3+6 (B),0.647,0.558,0.0,377,184,
ガウル,IVE EMPATHY,Starship Square,LOVED IVE,0.706,0.678,0.0,377,185,
ガウル,IVE EMPATHY,Starship Square,Digipack,0.879,0.833,0.0,86,184,
ガウル,IVE EMPATHY,Soundwave,1.0,0.762,0.692,0.0,376,176,
ガウル,IVE EMPATHY,withmuu,1.0,0.847,0.636,0.0,376,176,
ガウル,IVE EMPATHY,Apple Music,1.0,0.712,0.696,0.0,376,184,
ガウル,IVE EMPATHY,Makestar,1.0,0.879,0.67,0.0,376,184,
ガウル,IVE EMPATHY,mymusictaste,1.0,0.89,0.451,0.0,378,184,
ガウル,IVE EMPATHY,withmuu,2.0 Live Studio Choom,0.862,0.64,0.0,376,153,
ガウル,IVE EMPATHY,Tower Records,A,0.859,0.608,0.0,376,185,
ガウル,IVE EMPATHY,Tower Records,Shibuya,0.717,0.7,0.0,378,168,
ガウル,IVE EMPATHY,Sony Music,1.0 B,0.875,0.633,0.0,376,184,
ガウル,IVE EMPATHY,A!SMART,C,0.826,0.708,0.0,376,184,
ガウル,IVE EMPATHY,Apple Music,2.0,0.785,0.711,0.0,376,184,
ガウル,IVE EMPATHY,withmuu ラキドロ,3.0,0.622,0.615,0.0,376,183,
ガウル,IVE EMPATHY,withmuu ラキドロ,3.0 POLA,0.692,0.446,0.0,79,183,
ガウル,IVE EMPATHY,Soundwave ラキドロ,2.0,0.919,0.659,0.0,378,184,
ガウル,IVE EMPATHY,Soundwave ラキドロ,2.0 POLA,0.4,0.392,0.0,331,184,
ガウル,IVE EMPATHY,Makestar,2.0,0.761,0.716,0.0,379,185,
ガウル,IVE EMPATHY,MusicArt,,0.784,0.408,0.0,376,184,
ガウル,IVE EMPATHY,HOTTRACKS,,0.58,0.558,0.0,376,185,
ガウル,IVE EMPATHY,Ktown4U,,0.915,0.622,0.0,376,184,
ガウル,IVE EMPATHY,withmuu,4.0,0.81,0.667,0.0,376,171,
ガウル,IVE EMPATHY,Soundwave,3.0,0.807,0.607,0.0,379,184,
ガウル,IVE EMPATHY,Makestar,3.0,0.56,0.515,0.0,379,165,
ガウル,IVE EMPATHY,withmuu ラキドロ,5.0,0.78,0.743,0.0,376,157,
ガウル,IVE EMPATHY,withmuu ラキドロ,5.0 POLA,0.591,0.536,0.0,331,184,
ガウル,IVE EMPATHY,US Exclusive,,0.733,0.631,0.0,376,185,
ガウル,IVE EMPATHY,Soundwave ラキドロ,4.0,0.953,0.515,0.0,379,185,
ガウル,IVE EMPATHY,Soundwave ラキドロ,4.0 POLA,0.921,0.69,0.164,76,184,
ガウル,IVE EMPATHY,Soundwave,5.0,0.875,0.667,0.0,379,184,
ガウル,IVE EMPATHY,IDOUSTAGE ラキドロ,1.0,0.947,0.676,0.0,376,184,
ガウル,IVE EMPATHY,IDOUSTAGE ラキドロ,1.0 POLA,0.557,0.444,0.0,78,161,
ガウル,IVE EMPATHY,Apple Music,3.0,0.911,0.73,0.0,378,176,
ガウル,IVE EMPATHY,withmuu,6.0,0.812,0.712,0.0,376,185,
ガウル,IVE EMPATHY,mymusictaste,2.0,0.921,0.739,0.0,376,184,
ガウル,IVE EMPATHY,Soundwave,6.0,0.933,0.792,0.0,376,184,
ガウル,IVE EMPATHY,Apple Music,4.0,0.856,0.715,0.0,378,185,
ガウル,IVE EMPATHY,オフラインイベント,TOKYO,0.937,0.794,0.0,376,184,
ガウル,IVE EMPATHY,オフラインイベント,OSAKA,0.768,0.605,0.0,87,184,
ガウル,IVE EMPATHY,Sony Music,2.0,0.938,0.443,0.0,376,185,
ガウル,IVE EMPATHY,Soundwave,7.0,0.807,0.512,0.0,379,184,
ガウル,IVE EMPATHY,K-MONSTAR,Taiwan,0.821,0.789,0.0,88,176,
ガウル,IVE EMPATHY,K-MONSTAR,Taiwan POLA,0.607,0.544,0.0,78,185,
ガウル,IVE EMPATHY,Soundwave ラキドロ,8.0 IVE SCOUT-1,0.878,0.577,0.0,376,185,
ガウル,IVE EMPATHY,Soundwave ラキドロ,8.0 IVE SCOUT-2,0.887,0.635,0.0,379,184,
ガウル,IVE EMPATHY,IDOUSTAGE,2.0,0.693,0.657,0.0,86,184,
ガウル,IVE EMPATHY,Makestar,4.0 Shanghai,0.656,0.634,0.0,88,184,
ガウル,IVE EMPATHY,Makestar,4.0 Shanghai カフェ店長 ver.,0.814,0.806,0.0,89,184,
ガウル,DIVE Official Fanclub｜ファンクラブ,DIVE 1期 会員キット,,0.721,0.394,0.0,331,185,
ガウル,DIVE Official Fanclub｜ファンクラブ,IVE JAPAN FC 早期入会特典,,0.435,0.426,0.0,331,185,
ガウル,DIVE Official Fanclub｜ファンクラブ,DIVE 2期 'MAGAZINE IVE',,0.645,0.478,0.0,331,184,
ガウル,1st FAN CONCERT 'The Prom Queens',MD,Photocard Deco Set,0.814,0.557,0.0,348,184,
ガウル,1st FAN CONCERT 'The Prom Queens',MD,Photocard Binder,0.837,0.539,0.0,228,177,
ガウル,1st FAN CONCERT 'The Prom Queens',MD,PVC Card Holder,0.888,0.606,0.0,348,184,
ガウル,1st FAN CONCERT 'The Prom Queens',Random Photocard Pack (KOREA),1,0.72,0.71,0.0,165,184,
ガウル,1st FAN CONCERT 'The Prom Queens',Random Photocard Pack (KOREA),2,0.536,0.404,0.0,229,166,
ガウル,1st FAN CONCERT 'The Prom Queens',Random Photocard Pack (KOREA),3,0.547,0.499,0.0,228,181,
ガウル,1st FAN CONCERT 'The Prom Queens',Random Photocard Pack (KOREA),4,0.783,0.646,0.0,165,185,
ガウル,1st FAN CONCERT 'The Prom Queens',Random Photocard Pack (KOREA),5,0.808,0.563,0.0,165,183,
ガウル,1st FAN CONCERT 'The Prom Queens',Random Trading Card (JAPAN),1,0.811,0.634,0.0,228,184,
ガウル,1st FAN CONCERT 'The Prom Queens',Random Trading Card (JAPAN),2,0.866,0.42,0.0,250,184,
ガウル,1st FAN CONCERT 'The Prom Queens',1st DIVE FC Class DIVE,1,0.8,0.444,0.0,244,184,
ガウル,1st FAN CONCERT 'The Prom Queens',1st DIVE FC Class DIVE,2,0.791,0.543,0.0,243,183,
ガウル,1st FAN CONCERT 'The Prom Queens',SuperStar STARSHIP,1,0.909,0.542,0.0,228,184,
ガウル,1st FAN CONCERT 'The Prom Queens',SuperStar STARSHIP,2,0.492,0.464,0.0,231,184,
ガウル,1st FAN CONCERT 'The Prom Queens',SuperStar STARSHIP,3,0.783,0.54,0.0,348,184,
ガウル,I've IVE,本体封入,I ver.,0.875,0.65,0.0,341,184,
ガウル,I've IVE,本体封入,V ver.,0.899,0.589,0.0,342,184,
ガウル,I've IVE,本体封入,E ver.,0.896,0.478,0.0,340,185,
ガウル,I've IVE,本体封入,Jewel Case,0.814,0.616,0.0,342,185,
ガウル,I've IVE,本体封入,Special Edition,0.939,0.657,0.0,342,184,
ガウル,I've IVE,Ktown4U,,0.78,0.552,0.0,331,184,
ガウル,I've IVE,Starship Square Album,1,0.877,0.525,0.0,340,184,
ガウル,I've IVE,Starship Square Album,2,0.803,0.543,0.0,343,184,
ガウル,I've IVE,Starship Square Jewel Case,,0.755,0.533,0.0,331,185,
ガウル,I've IVE,Starship Square Set,,0.871,0.586,0.0,347,184,
ガウル,I've IVE,Starship Square Special,,0.891,0.324,0.0,342,184,
ガウル,I've IVE,Mokket,,0.809,0.485,0.0,331,184,
ガウル,I've IVE,Soundwave,,0.707,0.663,0.0,331,184,
ガウル,I've IVE,Soundwave ラキドロ,1,0.849,0.677,0.0,342,184,
ガウル,I've IVE,Soundwave ラキドロ,2,0.884,0.445,0.0,341,185,
ガウル,I've IVE,Soundwave ラキドロ,3,0.948,0.565,0.0,338,184,
ガウル,I've IVE,Soundwave FC,,0.797,0.729,0.0,342,184,
ガウル,I've IVE,Soundwave FC2,,0.775,0.695,0.0,330,184,
ガウル,I've IVE,MusicArt,,0.731,0.678,0.0,331,175,
ガウル,I've IVE,withmuu ラキドロ,1,0.794,0.493,0.0,343,184,
ガウル,I've IVE,withmuu ラキドロ,2,0.836,0.692,0.0,342,184,
ガウル,I've IVE,withmuu ラキドロ,3,0.704,0.593,0.0,294,184,
ガウル,I've IVE,withmuu FC,,0.807,0.746,0.0,331,185,
ガウル,I've IVE,mymusictaste,,0.885,0.782,0.0,331,185,
ガウル,I've IVE,Tower Records,1,0.635,0.577,0.0,310,184,
ガウル,I've IVE,Tower Records,2,0.957,0.452,0.0,340,185,
ガウル,I've IVE,Namil Music,,0.764,0.657,0.0,331,176,
ガウル,I've IVE,StarRiver,,0.865,0.513,0.0,330,184,
ガウル,I've IVE,StarRiver FC,,0.636,0.551,0.0,342,184,
ガウル,I've IVE,HOTTRACKS,,0.862,0.66,0.0,331,184,
ガウル,I've IVE,Makestar,,0.887,0.734,0.0,331,184,
ガウル,I've IVE,Apple Music,,0.786,0.513,0.0,331,184,
ガウル,I've IVE,Beatroad,,0.771,0.586,0.0,331,184,
ガウル,I've IVE,Broadcast,2,0.833,0.745,0.0,331,184,
ガウル,I've IVE,Broadcast,3,0.854,0.632,0.0,331,184,
ガウル,I've IVE,Fancall,,0.816,0.465,0.0,330,184,
ガウル,ELEVEN -Japanese ver.-,本体封入,I盤 type-A,0.689,0.258,0.0,331,184,
ガウル,ELEVEN -Japanese ver.-,本体封入,V盤 type-B,0.806,0.346,0.0,331,184,
ガウル,ELEVEN -Japanese ver.-,本体封入,E盤 type-C,0.782,0.365,0.0,331,185,
ガウル,ELEVEN -Japanese ver.-,本体封入,FC盤,0.607,0.378,0.0,330,184,
ガウル,ELEVEN -Japanese ver.-,タワレコ,IDトレカ,0.857,0.568,0.0,318,184,
ガウル,ELEVEN -Japanese ver.-,タワレコ,ラキドロ,0.88,0.465,0.0,331,184,
ガウル,ELEVEN -Japanese ver.-,Soundwave,,0.947,0.689,0.0,331,185,
ガウル,LOVE DIVE,本体封入,ver.1,0.948,0.614,0.0,384,184,
ガウル,LOVE DIVE,本体封入,ver.2,0.615,0.47,0.0,386,184,
ガウル,LOVE DIVE,本体封入,ver.3,0.74,0.606,0.0,388,177,
ガウル,LOVE DIVE,本体封入,Heart Hologram Card,0.396,0.335,0.0,129,184,
ガウル,LOVE DIVE,本体封入,Jewel ver.,0.951,0.476,0.0,386,176,
ガウル,LOVE DIVE,Jewel ver. POB,6set Heart,0.742,0.643,0.0,330,173,
ガウル,LOVE DIVE,Jewel ver. POB,9set MV,0.808,0.628,0.0,330,183,
ガウル,LOVE DIVE,Starship Square,1,0.925,0.493,0.0,362,184,
ガウル,LOVE DIVE,Starship Square,2,0.636,0.538,0.0,362,167,
ガウル,LOVE DIVE,Ktown4U,1.0,0.842,0.647,0.0,331,184,
ガウル,LOVE DIVE,Tower Records,1,0.957,0.523,0.0,358,185,
ガウル,LOVE DIVE,Tower Records,2 POLA,0.452,0.448,0.0,361,184,
ガウル,LOVE DIVE,mymusictaste,,0.754,0.457,0.0,330,185,
ガウル,LOVE DIVE,Soundwave,1.0,0.842,0.629,0.0,331,184,
ガウル,LOVE DIVE,withmuu ラキドロ,1.0-1,0.841,0.727,0.0,363,184,
ガウル,LOVE DIVE,withmuu ラキドロ,1.0-2,0.776,0.418,0.0,365,185,
ガウル,LOVE DIVE,withmuu ラキドロ,1.0 POLA,0.912,0.654,0.0,356,184,
ガウル,LOVE DIVE,Apple Music,,0.787,0.554,0.0,331,184,
ガウル,LOVE DIVE,Namil Music,1.0,0.715,0.712,0.0,331,184,
ガウル,LOVE DIVE,withmuu,2.0,0.854,0.604,0.0,331,184,
ガウル,LOVE DIVE,Music Korea,,0.786,0.451,0.0,331,184,
ガウル,LOVE DIVE,Soundwave,2.0,0.788,0.523,0.0,331,184,
ガウル,LOVE DIVE,Soundwave ラキドロ,3.0-1,0.762,0.564,0.0,362,185,
ガウル,LOVE DIVE,Soundwave ラキドロ,3.0-2,0.709,0.555,0.0,364,184,
ガウル,LOVE DIVE,Soundwave ラキドロ,3.0 POLA,0.483,0.457,0.0,365,175,
ガウル,LOVE DIVE,Beatroad,,0.798,0.664,0.0,331,184,
ガウル,LOVE DIVE,Ktown4U,2.0,0.801,0.587,0.0,331,185,
ガウル,LOVE DIVE,Namil Music,2.0,0.695,0.46,0.0,331,185,
ガウル,LOVE DIVE,withmuu,3.0,0.828,0.662,0.0,331,184,
ガウル,LOVE DIVE,MokketShop,,0.577,0.576,0.0,331,184,
ガウル,LOVE DIVE,Soundwave,4.0,0.801,0.572,0.0,331,185,
ガウル,LOVE DIVE,Daum Cafe,,0.928,0.64,0.0,331,184,
ガウル,LUCID DREAM,本体封入,初回生産限定盤 I,0.742,0.702,0.0,161,185,
ガウル,LUCID DREAM,本体封入,初回生産限定盤 V,0.898,0.563,0.0,160,185,
ガウル,LUCID DREAM,本体封入,初回生産限定盤 E,0.917,0.678,0.0,163,184,
ガウル,LUCID DREAM,本体封入,メンバーソロジャケット盤,0.976,0.673,0.0,163,185,
ガウル,LUCID DREAM,本体封入,期間生産限定盤,0.807,0.63,0.0,159,185,
ガウル,LUCID DREAM,本体封入,会場限定盤,0.963,0.633,0.0,161,184,
ガウル,LUCID DREAM,A!SMART,A,0.883,0.633,0.0,159,185,
ガウル,LUCID DREAM,タワレコ,B,0.834,0.718,0.0,160,185,
ガウル,LUCID DREAM,HMV,C,0.895,0.577,0.0,160,185,
ガウル,LUCID DREAM,Sony Music Shop,1.0 clear pc,0.523,0.456,0.0,159,184,
ガウル,LUCID DREAM,タワレコ,Shibuya（限定抽選）,0.858,0.605,0.0,162,165,
ガウル,LUCID DREAM,東京ドーム公演開催記念,期間限定特典,0.898,0.818,0.0,164,184,
ガウル,LUCID DREAM,Sony Music Shop,2.0 ラキドロ,0.815,0.564,0.0,161,184,
ガウル,LUCID DREAM,全国ラキドロ,,0.604,0.561,0.0,163,185,
ガウル,LUCID DREAM,タワレコ,online ラキドロ,0.908,0.82,0.0,161,184,
ガウル,LUCID DREAM,オフラインイベント,4.11 TOKYO,0.977,0.632,0.0,161,184,
ガウル,LUCID DREAM,オフラインイベント,4.12 OSAKA,0.896,0.563,0.0,160,184,
ガウル,LUCID DREAM,SWIA OSAKA exclusive,4.18,0.558,0.531,0.0,161,185,
ガウル,LUCID DREAM,オフラインイベント,4.29 TOKYO,0.688,0.595,0.0,162,185,
ガウル,LUCID DREAM,SWIA TOKYO exclusive,6.24-1,0.938,0.775,0.0,159,184,
ガウル,LUCID DREAM,SWIA TOKYO exclusive,6.24-2,0.887,0.658,0.0,162,184,
ガウル,LUCID DREAM,オフラインイベント,7.5 TOKYO,0.891,0.789,0.0,159,184,
ガウル,LUCID DREAM,オフラインイベント,8.30 OSAKA,0.781,0.664,0.0,160,185,
ガウル,LUCID DREAM,オフラインイベント,8.31 TOKYO,0.962,0.763,0.0,159,185,
ガウル,Magazine｜雑誌特典,S Cawaii! 主婦の友 特典B トレカ,,0.532,0.522,0.0,331,176,
ガウル,Magazine｜雑誌特典,ViVi セブンネット特典,,0.49,0.419,0.0,341,185,
ガウル,I've MINE,本体封入,Either Way (Pink ver.),0.941,0.579,0.0,219,185,
ガウル,I've MINE,本体封入,Off The Record (Red ver.),0.647,0.45,0.0,221,184,
ガウル,I've MINE,本体封入,Baddie (Gray ver.),0.966,0.738,0.0,221,184,
ガウル,I've MINE,本体封入,PLVE ver.,0.907,0.653,0.0,218,184,
ガウル,I've MINE,本体封入,LOVED IVE (White ver.),0.711,0.64,0.0,220,173,
ガウル,I've MINE,本体封入,Digipack ver.,0.924,0.78,0.0,220,184,
ガウル,I've MINE,Broadcast,LOVED IVE,0.739,0.689,0.0,215,185,
ガウル,I've MINE,Broadcast,Baddie,0.855,0.613,0.0,331,185,
ガウル,I've MINE,Starship Square,Digipack 6set,0.707,0.504,0.0,331,184,
ガウル,I've MINE,Starship Square,Digipack 6+3set,0.645,0.585,0.0,315,184,
ガウル,I've MINE,Starship Square,PB 3+1set,0.591,0.544,0.0,315,184,
ガウル,I've MINE,Starship Square,PB LOVED IVE,0.403,0.381,0.0,221,184,
ガウル,I've MINE,Starship Square,PB EW+OTR+BADDIE 1,0.866,0.782,0.0,213,185,
ガウル,I've MINE,Starship Square,PB EW+OTR+BADDIE 2,0.96,0.478,0.897,127,184,差し替え
ガウル,I've MINE,Ktown4U,1.0,0.905,0.75,0.0,331,185,
ガウル,I've MINE,Namil Music,1.0,0.631,0.579,0.0,108,185,
ガウル,I've MINE,Soundwave,1.0,0.873,0.607,0.0,331,185,
ガウル,I've MINE,Kakao Gift,,0.65,0.596,0.0,331,184,
ガウル,I've MINE,withmuu,1.0,0.927,0.737,0.0,331,184,
ガウル,I've MINE,IDOUSTAGE,1.0,0.84,0.649,0.0,331,184,
ガウル,I've MINE,KMStation,1.0,0.676,0.671,0.0,330,184,
ガウル,I've MINE,mymusictaste,1.0,0.932,0.622,0.0,330,184,
ガウル,I've MINE,Tower Records,1.0,0.839,0.647,0.0,213,184,
ガウル,I've MINE,Tower Records,Shibuya,0.486,0.374,0.0,215,184,
ガウル,I've MINE,Apple Music,1.0,0.855,0.744,0.0,331,185,
ガウル,I've MINE,Namil Music,2.0,0.75,0.704,0.0,331,184,
ガウル,I've MINE,Ktown4U,2.0,0.922,0.602,0.0,331,184,
ガウル,I've MINE,Beatroad,,0.773,0.516,0.0,331,184,
ガウル,I've MINE,Soundwave ラキドロ,2.0-1,0.94,0.733,0.0,215,185,
ガウル,I've MINE,Soundwave ラキドロ,2.0-2,0.511,0.502,0.0,183,184,
ガウル,I've MINE,withmuu ラキドロ,2.0-1,0.933,0.783,0.0,215,185,
ガウル,I've MINE,withmuu ラキドロ,2.0-2,0.675,0.501,0.0,184,184,
ガウル,I've MINE,withmuu,3.0,0.884,0.763,0.0,331,174,
ガウル,I've MINE,KMStation,2.0,0.776,0.644,0.0,331,185,
ガウル,I've MINE,Soundwave,3.0,0.713,0.666,0.0,331,185,
ガウル,I've MINE,Taiwan,,0.829,0.594,0.0,331,185,
ガウル,I've MINE,Soundwave ラキドロ,4.0-1,0.914,0.751,0.0,215,184,
ガウル,I've MINE,Soundwave ラキドロ,4.0-2,0.783,0.484,0.0,215,176,
ガウル,I've MINE,Makestar,1.0,0.687,0.63,0.0,125,184,
ガウル,I've MINE,Apple Music,2.0,0.872,0.7,0.0,331,184,
ガウル,I've MINE,US Exclusive,,0.677,0.541,0.0,331,184,
ガウル,I've MINE,IDOUSTAGE,2.0,0.728,0.574,0.0,331,184,
ガウル,I've MINE,KMStation,3.0,0.738,0.68,0.0,331,185,
ガウル,I've MINE,withmuu,4.0,0.877,0.632,0.0,330,185,
ガウル,I've MINE,MusicArt,,0.872,0.54,0.0,331,184,
ガウル,I've MINE,HOTTRACKS,,0.935,0.454,0.0,331,185,
ガウル,I've MINE,mymusictaste,2.0,0.871,0.638,0.0,331,184,
ガウル,I've MINE,Soundwave,5.0,0.882,0.76,0.0,216,185,
ガウル,I've MINE,Namil Music,3.0,0.738,0.667,0.0,331,176,
ガウル,I've MINE,Japan Yokohama Live,15th Day1,0.955,0.754,0.0,219,184,
ガウル,I've MINE,Japan Yokohama Live,16th Day2,0.752,0.629,0.0,331,185,
ガウル,I've MINE,Hi-Touch,18th・19th,0.839,0.684,0.0,331,184,
ガウル,I've MINE,Tower Records,2.0,0.847,0.653,0.0,331,185,
ガウル,I've MINE,Soundwave,6.0,0.854,0.754,0.0,331,184,
ガウル,I've MINE,withmuu,5.0,0.886,0.742,0.0,331,185,
ガウル,I've MINE,withmuu ラキドロ,6.0-1,0.897,0.541,0.0,215,185,
ガウル,I've MINE,withmuu ラキドロ,6.0-2,0.949,0.712,0.0,221,184,
ガウル,I've MINE,withmuu ラキドロ,6.0-3,0.579,0.567,0.0,184,181,
ガウル,I've MINE,Makestar,2.0,0.693,0.619,0.0,331,161,
ガウル,I've MINE,Yizhiyu,1.0,0.838,0.565,0.0,331,184,
ガウル,I've MINE,Soundwave,7.0 Busan,0.941,0.72,0.0,331,184,
ガウル,I've MINE,Soundwave,8.0 Daegu,0.726,0.549,0.0,331,184,
ガウル,I've MINE,Soundwave,9.0 Gwangju,0.885,0.644,0.0,331,175,
ガウル,I've MINE,Soundwave,10.0 Daejeon,0.928,0.66,0.0,331,184,
ガウル,I've MINE,Soundwave,11.0 Xmas,0.868,0.612,0.0,331,185,
ガウル,I've MINE,KMStation,4.0,0.875,0.649,0.0,331,184,
ガウル,I've MINE,Soundwave,12.0 Thailand,0.86,0.759,0.0,331,185,
ガウル,I've MINE,mymusictaste,3.0,0.776,0.761,0.0,331,184,
ガウル,I've MINE,Yizhiyu,2.0,0.842,0.837,0.0,331,185,
ガウル,ELEVEN -Japanese ver.-,お見送り会 CD購入特典,,0.881,0.506,0.0,305,159,
ガウル,ALIVE,本体封入,Album A（I ver.）,0.733,0.602,0.0,205,184,
ガウル,ALIVE,本体封入,Album B（II ver.）,0.896,0.575,0.0,205,184,
ガウル,ALIVE,本体封入,Normal ED（III ver.）,0.888,0.545,0.0,205,185,
ガウル,ALIVE,本体封入,Solo（IV ver.）,0.889,0.621,0.0,205,184,
ガウル,ALIVE,本体封入,Limited ED（V ver.）,0.662,0.465,0.0,205,184,
ガウル,ALIVE,本体封入,Clear Photocard,0.767,0.513,0.0,205,185,
ガウル,ALIVE,Sony Music Shop,オンライン ラキドロ,0.801,0.694,0.0,205,184,
ガウル,ALIVE,Tower Records,Selca Photocard #B,0.897,0.717,0.0,205,184,
ガウル,ALIVE,HMV・LAWSON,Selca Photocard #C,0.819,0.66,0.0,205,184,
ガウル,ALIVE,オフラインイベント,8/16 OSAKA,0.855,0.624,0.0,205,184,
ガウル,ALIVE,オフラインイベント,8/19 TOKYO,0.763,0.747,0.0,205,184,
ガウル,ALIVE,Japan CD Shop ラキドロ,,0.731,0.431,0.0,205,185,
ガウル,ALIVE,Tower Records Shibuya,限定抽選 A賞,0.653,0.638,0.0,192,151,
ガウル,ALIVE,Sony Music Shop,期間限定特典,0.837,0.613,0.0,205,184,
ガウル,Be Alright,本体封入,初回生産限定盤 I,0.854,0.71,0.0,159,184,
ガウル,Be Alright,本体封入,初回生産限定盤 V,0.853,0.717,0.0,158,185,
ガウル,Be Alright,本体封入,初回生産限定盤 E,0.822,0.773,0.0,159,184,
ガウル,Be Alright,本体封入,ソロジャケット盤,0.899,0.59,0.0,159,185,
ガウル,Be Alright,IVE SCOUT,愛知・福岡 1日目,0.939,0.769,0.0,158,184,
ガウル,Be Alright,IVE SCOUT,愛知・福岡 2日目,0.775,0.769,0.0,158,184,
ガウル,Be Alright,IVE SCOUT,神戸・横浜 1日目,0.762,0.703,0.0,157,184,
ガウル,Be Alright,IVE SCOUT,神戸・横浜 2日目,0.885,0.756,0.0,159,185,
ガウル,Be Alright,A!SMART,A,0.588,0.556,0.0,161,185,
ガウル,Be Alright,Tower Records,B,0.794,0.67,0.0,159,185,
ガウル,Be Alright,HMV,C,0.79,0.668,0.0,157,185,
ガウル,Be Alright,Sony Music,クリアフォトカード,0.705,0.509,0.0,157,184,
ガウル,Be Alright,Sony Music ラキドロ,,0.858,0.694,0.0,157,183,
ガウル,Be Alright,Tower Records Shibuya,限定フォトカード（抽選）,0.946,0.787,0.0,158,184,
ガウル,Be Alright,全店ラキドロ,,0.819,0.777,0.0,158,184,
ガウル,Music Show & Broadcast｜音楽番組・公開放送,2024 KBS 歌謡大祝祭,,0.769,0.723,0.0,235,184,
ガウル,Collab & Event｜コラボ・イベント,ForEVER IVE（エバーランド）,MD MINIVE HUG BAG,0.737,0.725,0.0,196,184,
ガウル,Collab & Event｜コラボ・イベント,ForEVER IVE（エバーランド）,Special Gift 70K,0.686,0.526,0.0,196,185,
ガウル,Collab & Event｜コラボ・イベント,ForEVER IVE（エバーランド）,PASS,0.868,0.756,0.0,198,184,
ガウル,Collab & Event｜コラボ・イベント,ForEVER IVE（エバーランド）,Special Reward,0.872,0.755,0.0,200,176,
ガウル,Collab & Event｜コラボ・イベント,ForEVER IVE（エバーランド）,Special Gift 70K 2.0（8.21〜）,0.788,0.669,0.0,196,184,
ガウル,Collab & Event｜コラボ・イベント,ForEVER IVE（エバーランド）,PASS 2.0,0.56,0.558,0.0,192,185,
ガウル,Collab & Event｜コラボ・イベント,ForEVER IVE（エバーランド）,Special Reward 2.0,0.82,0.764,0.0,191,184,
ガウル,Collab & Event｜コラボ・イベント,Dive into MINIVE,MD MINIVE MINI HANDY FAN,0.842,0.684,0.0,198,184,
ガウル,Collab & Event｜コラボ・イベント,Dive into MINIVE,Special Gift 70K,0.944,0.746,0.0,200,185,
ガウル,Collab & Event｜コラボ・イベント,PUMA,1.0 TEVERIS NITRO,0.636,0.619,0.0,138,184,
ガウル,Collab & Event｜コラボ・イベント,PUMA,2.0 PALERMO（China）,0.764,0.573,0.0,146,184,
ガウル,Collab & Event｜コラボ・イベント,PUMA,3.0 PALERMO,0.545,0.538,0.0,143,184,
ガウル,Collab & Event｜コラボ・イベント,PUMA,4.0 WAVEMULE,0.578,0.566,0.0,145,184,
ガウル,Collab & Event｜コラボ・イベント,光東 とうもろこしのひげ茶,1.0,0.652,0.616,0.0,131,185,
ガウル,Collab & Event｜コラボ・イベント,光東 とうもろこしのひげ茶,2.0,0.691,0.616,0.0,133,184,
ガウル,Collab & Event｜コラボ・イベント,光東 とうもろこしのひげ茶,3.0,0.725,0.431,0.0,132,184,
ガウル,Collab & Event｜コラボ・イベント,Papa John's,1.0,0.683,0.662,0.0,135,184,
ガウル,Collab & Event｜コラボ・イベント,Papa John's,2.0,0.542,0.499,0.0,130,184,
ガウル,Collab & Event｜コラボ・イベント,Papa John's,3.0,0.733,0.66,0.0,133,134,
ガウル,Collab & Event｜コラボ・イベント,Papa John's,4.0 クリア,0.603,0.557,0.0,134,184,
ガウル,Collab & Event｜コラボ・イベント,Papa John's,5.0,0.801,0.695,0.0,126,184,
ガウル,Collab & Event｜コラボ・イベント,Papa John's,6.0 レンチキュラー,0.527,0.526,0.0,132,184,
ガウル,Collab & Event｜コラボ・イベント,AMUSE スティックウエハース,Normal A,0.499,0.453,0.0,147,153,
ガウル,Collab & Event｜コラボ・イベント,AMUSE スティックウエハース,Normal B,0.876,0.52,0.114,146,184,
ガウル,Collab & Event｜コラボ・イベント,AMUSE スティックウエハース,Normal C,0.877,0.388,0.0,148,184,
ガウル,Collab & Event｜コラボ・イベント,AMUSE スティックウエハース,Rare solo,0.757,0.392,0.0,148,185,
ガウル,Collab & Event｜コラボ・イベント,AMUSE ウエハース2,N-02,0.763,0.65,0.0,167,184,
ガウル,Collab & Event｜コラボ・イベント,AMUSE ウエハース2,N-08,0.788,0.427,0.0,167,185,
ガウル,Collab & Event｜コラボ・イベント,AMUSE ウエハース2,N-14,0.854,0.558,0.0,166,185,
ガウル,Collab & Event｜コラボ・イベント,AMUSE ウエハース2,R-20,0.842,0.528,0.0,166,185,
ガウル,4th FAN CONCERT 'DIVE into IVE',Random Photocard Pack,1,0.914,0.467,0.599,147,185,差し替え
ガウル,4th FAN CONCERT 'DIVE into IVE',Random Photocard Pack,2,0.784,0.424,0.0,146,184,
ガウル,4th FAN CONCERT 'DIVE into IVE',Random Photocard Pack,3,0.857,0.525,0.525,146,184,
ガウル,4th FAN CONCERT 'DIVE into IVE',Random Photocard Pack,4,0.863,0.647,0.537,144,184,
ガウル,4th FAN CONCERT 'DIVE into IVE',Random Photocard Pack,5,0.563,0.523,0.0,144,185,
ガウル,4th FAN CONCERT 'DIVE into IVE',Random Photocard Pack,6,0.798,0.592,0.0,144,184,
ガウル,4th FAN CONCERT 'DIVE into IVE',MD,Photo Kit,0.862,0.516,0.467,144,185,
ガウル,4th FAN CONCERT 'DIVE into IVE',MD,Acrylic Stand Set,0.828,0.507,0.0,144,185,
ガウル,4th FAN CONCERT 'DIVE into IVE',MD,Collect Book,0.696,0.59,0.0,146,184,
ガウル,4th FAN CONCERT 'DIVE into IVE',MD,Locket Pendant Necklace,0.55,0.464,0.0,144,184,
ガウル,4th FAN CONCERT 'DIVE into IVE',MD,T-shirt,0.715,0.638,0.0,144,185,
ガウル,4th FAN CONCERT 'DIVE into IVE',MD,Designed by the members,0.631,0.604,0.0,142,184,
ガウル,4th FAN CONCERT 'DIVE into IVE',MD,70K Benefit,0.676,0.457,0.0,144,185,
ガウル,Pepsi × IVE 'BLUE & BLACK',IVE × PEPSI 2023,1.0 A,0.426,0.42,0.0,99,184,
ガウル,Pepsi × IVE 'BLUE & BLACK',IVE × PEPSI 2023,1.0 B,0.348,0.323,0.0,101,185,
ガウル,Pepsi × IVE 'BLUE & BLACK',IVE × PEPSI 2023,2.0 クリア,0.403,0.345,0.0,106,176,
ガウル,Pepsi × IVE 'BLUE & BLACK',IVE × PEPSI 2023,3.0,0.556,0.518,0.0,98,175,
ガウル,Pepsi × IVE 'BLUE & BLACK',IVE × PEPSI 2023,4.0,0.631,0.572,0.0,92,184,
ガウル,Pepsi × IVE 'BLUE & BLACK',IVE × PEPSI 2024,5.0 A,0.418,0.388,0.0,105,175,
ガウル,Pepsi × IVE 'BLUE & BLACK',IVE × PEPSI 2024,5.0 B,0.414,0.358,0.0,107,184,
ガウル,Pepsi × IVE 'BLUE & BLACK',IVE × PEPSI 2024,6.0 A,0.433,0.305,0.0,105,185,
ガウル,Pepsi × IVE 'BLUE & BLACK',IVE × PEPSI 2024,6.0 B,0.562,0.484,0.0,106,184,
ガウル,Pepsi × IVE 'BLUE & BLACK',IVE × PEPSI 2024,6.0 C,0.414,0.414,0.0,103,185,
ガウル,Pepsi × IVE 'BLUE & BLACK',IVE × PEPSI 2024,7.0 A,0.378,0.322,0.0,106,184,
ガウル,Pepsi × IVE 'BLUE & BLACK',IVE × PEPSI 2024,7.0 B,0.397,0.363,0.0,106,185,
ガウル,3rd FAN CONCERT 'IVE SCOUT',Random Photocard Pack,1,0.696,0.69,0.0,135,185,
ガウル,3rd FAN CONCERT 'IVE SCOUT',Random Photocard Pack,2,0.627,0.609,0.0,137,184,
ガウル,3rd FAN CONCERT 'IVE SCOUT',Random Photocard Pack,3,0.811,0.648,0.0,136,184,
ガウル,3rd FAN CONCERT 'IVE SCOUT',Random Photocard Pack,4,0.861,0.765,0.014,136,185,
ガウル,3rd FAN CONCERT 'IVE SCOUT',DIVE ZONE FC ブース特典,Day 1 IVE SCOUT ver.,0.735,0.552,0.0,331,184,
ガウル,2025 SEASON'S GREETINGS [Colorful Days with IVE],本体封入,フォトカードセット,0.753,0.727,0.0,169,184,
ガウル,2025 SEASON'S GREETINGS [Colorful Days with IVE],Starship Square,,0.942,0.536,0.0,169,184,
ガウル,2025 SEASON'S GREETINGS [Colorful Days with IVE],Soundwave,,0.707,0.472,0.0,169,184,
ガウル,2025 SEASON'S GREETINGS [Colorful Days with IVE],Ktown4U,,0.863,0.779,0.0,169,184,
ガウル,2026 SEASON'S GREETINGS [ATELIER IVE],本体封入,フォトカードセット,0.871,0.637,0.0,197,184,
ガウル,2026 SEASON'S GREETINGS [ATELIER IVE],Starship Square,,0.69,0.538,0.0,198,184,
ガウル,2026 SEASON'S GREETINGS [ATELIER IVE],withmuu,,0.779,0.546,0.0,198,185,
ガウル,2026 SEASON'S GREETINGS [ATELIER IVE],MINIVE シーグリ Starship Square,,0.707,0.614,0.0,198,175,
ガウル,2nd WORLD TOUR 'SHOW WHAT I AM',DIVE JAPAN オンラインくじ C賞（京セラドーム）,①,0.804,0.454,0.0,159,184,
ガウル,2nd WORLD TOUR 'SHOW WHAT I AM',DIVE JAPAN オンラインくじ C賞（京セラドーム）,②,0.745,0.358,0.0,157,185,
ガウル,2nd WORLD TOUR 'SHOW WHAT I AM',DIVE JAPAN オンラインくじ C賞（京セラドーム）,③,0.866,0.611,0.0,158,184,
ガウル,1st WORLD TOUR 'SHOW WHAT I HAVE',DVD・Blu-ray・Kit,DVD,0.851,0.77,0.158,121,167,
ガウル,1st WORLD TOUR 'SHOW WHAT I HAVE',DVD・Blu-ray・Kit,Blu-ray,0.823,0.743,0.0,122,165,
ガウル,1st WORLD TOUR 'SHOW WHAT I HAVE',DVD・Blu-ray・Kit,Kit,0.932,0.866,0.399,119,185,
ガウル,1st WORLD TOUR 'SHOW WHAT I HAVE',DVD・Blu-ray・Kit,Starship Square 特典,0.902,0.848,0.402,121,184,
ガウル,1st WORLD TOUR 'SHOW WHAT I HAVE',DVD・Blu-ray・Kit,Apple Music 特典,0.894,0.813,0.327,123,171,
ガウル,1st WORLD TOUR 'SHOW WHAT I HAVE',DVD・Blu-ray・Kit,Ktown4U 特典,0.812,0.674,0.0,120,164,
ガウル,1st WORLD TOUR 'SHOW WHAT I HAVE',in CINEMA,Acryl Photocard Stand,0.918,0.843,0.254,98,184,
ガウル,1st WORLD TOUR 'SHOW WHAT I HAVE',in CINEMA,Photocard Pouch,0.839,0.811,0.0,98,184,
ガウル,1st WORLD TOUR 'SHOW WHAT I HAVE',in CINEMA,Photo Set,0.908,0.734,0.704,98,184,差し替え
ガウル,1st WORLD TOUR 'SHOW WHAT I HAVE',in CINEMA,Quick Snap,0.901,0.624,0.456,98,184,
ガウル,1st WORLD TOUR 'SHOW WHAT I HAVE',in CINEMA,Tumbler,0.897,0.828,-0.437,98,184,
ガウル,1st WORLD TOUR 'SHOW WHAT I HAVE',in CINEMA,Light Stick Bag,0.753,0.669,0.0,98,164,
ガウル,1st WORLD TOUR 'SHOW WHAT I HAVE',in CINEMA,70K Benefit（self photocard）,0.883,0.784,0.322,98,185,
ガウル,1st WORLD TOUR 'SHOW WHAT I HAVE',in CINEMA,70K Benefit（NFT photocard）,0.926,0.573,0.732,98,185,差し替え
ガウル,1st WORLD TOUR 'SHOW WHAT I HAVE',in CINEMA,2nd Week 入場特典,0.756,0.624,0.0,98,185,
ガウル,REVIVE+,本体封入,BANGERS,0.791,0.515,0.0,120,183,
ガウル,REVIVE+,本体封入,CHALLENGERS,0.673,0.583,0.0,120,184,
ガウル,REVIVE+,本体封入,SPOILERS,0.825,0.542,0.0,120,184,
ガウル,REVIVE+,本体封入,LOVED IVE,0.671,0.625,0.0,120,184,
ガウル,REVIVE+,本体封入,Digipack,0.899,0.817,0.43,120,184,
ガウル,REVIVE+,本体封入,PETIT-IVE,0.911,0.531,0.396,121,184,
ガウル,REVIVE+,MD,,0.749,0.562,0.0,119,183,
ガウル,REVIVE+,Starship Square,3TYPE,0.843,0.59,0.0,120,184,
ガウル,REVIVE+,Starship Square,LOVED IVE,0.819,0.514,0.0,120,185,
ガウル,REVIVE+,Starship Square,Digipack,0.882,0.599,0.227,120,183,
ガウル,REVIVE+,京东,1.0,0.811,0.553,0.0,122,185,
ガウル,REVIVE+,withmuu,1.0,0.766,0.48,0.0,121,184,
ガウル,REVIVE+,Apple Music,1.0,0.92,0.757,0.508,122,184,
ガウル,REVIVE+,Music Korea,1.0,0.739,0.598,0.0,120,184,
ガウル,REVIVE+,Kakao Talk,,0.631,0.547,0.0,122,184,
ガウル,REVIVE+,US Exclusive,,0.944,0.784,0.548,120,184,
ガウル,REVIVE+,Target,,0.776,0.438,0.0,120,184,
ガウル,REVIVE+,B&N,,0.885,0.419,0.691,120,184,差し替え
ガウル,REVIVE+,Ktown4U,1.0,0.551,0.495,0.0,120,185,
ガウル,REVIVE+,Tower Records,A,0.867,0.558,0.138,120,185,
ガウル,REVIVE+,Tower Records,Shibuya,0.764,0.719,0.0,121,185,
ガウル,REVIVE+,Sony Music,B,0.441,0.333,0.0,120,184,
ガウル,REVIVE+,A!SMART,C,0.725,0.425,0.0,122,184,
ガウル,REVIVE+,Soundwave,1.0,0.538,0.532,0.0,120,184,
ガウル,REVIVE+,Makestar,1.0,0.792,0.507,0.0,121,184,
ガウル,REVIVE+,MusicArt,1.0,0.397,0.389,0.0,121,176,
ガウル,REVIVE+,ARTBOX,,0.464,0.409,0.0,120,184,
ガウル,REVIVE+,Broadcast,BANG BANG,0.906,0.702,0.269,120,185,
ガウル,REVIVE+,withmuu,2.0 Killing Voice,0.803,0.495,0.0,120,184,
ガウル,REVIVE+,withmuu ラキドロ,3.0,0.706,0.65,0.0,121,184,
ガウル,REVIVE+,withmuu ラキドロ,3.0 POLA,0.713,0.707,0.0,120,185,
ガウル,REVIVE+,OLIVE YOUNG ラキドロ,,0.853,0.67,0.42,120,185,
ガウル,REVIVE+,Music Korea,2.0,0.832,0.632,0.0,121,184,
ガウル,REVIVE+,HOTTRACKS,,0.564,0.45,0.0,120,184,
ガウル,REVIVE+,Showcase,,0.887,0.485,0.489,120,185,
ガウル,REVIVE+,Makestar,2.0,0.83,0.679,0.0,121,185,
ガウル,REVIVE+,Apple Music,2.0,0.593,0.475,0.0,121,164,
ガウル,REVIVE+,Broadcast,BLACK HOLE,0.865,0.586,-0.06,119,185,
ガウル,REVIVE+,withmuu,4.0,0.732,0.475,0.0,120,184,
ガウル,REVIVE+,NY Music,1.0,0.938,0.692,0.746,122,185,差し替え
ガウル,REVIVE+,QQ音乐 ラキドロ,,0.873,0.523,0.425,120,183,
ガウル,REVIVE+,Beatroad,1.0,0.804,0.581,0.0,120,184,
ガウル,REVIVE+,Apple Music,3.0,0.689,0.658,0.0,120,185,
ガウル,REVIVE+,withmuu ラキドロ,5.0-1,0.924,0.774,0.565,121,184,差し替え
ガウル,REVIVE+,withmuu ラキドロ,5.0-2,0.947,0.746,0.15,120,184,
ガウル,REVIVE+,Soundwave ラキドロ,2.0,0.755,0.512,0.0,120,172,
ガウル,REVIVE+,Soundwave ラキドロ,2.0 POLA,0.83,0.709,0.0,103,185,
ガウル,REVIVE+,MusicArt ラキドロ,2.0,0.911,0.771,0.647,121,185,差し替え
ガウル,REVIVE+,MusicArt ラキドロ,2.0 POLA,0.905,0.521,0.379,104,159,
ガウル,REVIVE+,オフラインイベント,4.11 TOKYO,0.792,0.669,0.0,121,184,
ガウル,REVIVE+,オフラインイベント,4.12 OSAKA,0.535,0.535,0.0,122,185,
ガウル,REVIVE+,KMStation,1.0,0.807,0.675,0.0,120,185,
ガウル,REVIVE+,SWIA OSAKA exclusive,4.18,0.93,0.673,0.359,120,184,
ガウル,REVIVE+,SWIA OSAKA exclusive,4.19,0.727,0.616,0.0,120,183,
ガウル,REVIVE+,オフラインイベント,4.29 TOKYO,0.67,0.387,0.0,120,184,
ガウル,REVIVE+,withmuu ラキドロ,6.0,0.775,0.583,0.0,120,184,
ガウル,REVIVE+,withmuu ラキドロ,6.0 POLA,0.649,0.502,0.0,114,172,
ガウル,REVIVE+,withmuu,7.0,0.888,0.768,0.273,120,184,
ガウル,REVIVE+,KMStation,2.0,0.832,0.712,0.0,120,184,
ガウル,REVIVE+,Makestar,3.0,0.74,0.735,0.0,120,185,
ガウル,REVIVE+,Ktown4U,2.0,0.746,0.728,0.0,120,185,
ガウル,REVIVE+,京东,2.0,0.887,0.837,0.559,120,184,差し替え
ガウル,REVIVE+,Music Korea,3.0,0.817,0.667,0.0,120,184,
ガウル,REVIVE+,Ktown4U,3.0,0.951,0.812,0.494,120,184,
ガウル,REVIVE+,withmuu,8.0,0.883,0.804,0.389,120,184,
ガウル,REVIVE+,withmuu ラキドロ,9.0,0.791,0.772,0.0,119,185,
ガウル,REVIVE+,withmuu ラキドロ,9.0 POLA,0.721,0.594,0.0,108,184,
ガウル,REVIVE+,withmuu,10.0,0.689,0.64,0.0,120,185,
ガウル,REVIVE+,Ktown4U ラキドロ,4.0,0.936,0.599,0.356,120,184,
ガウル,REVIVE+,Ktown4U ラキドロ,4.0 POLA,0.718,0.574,0.0,119,184,
ガウル,REVIVE+,Soundwave ラキドロ,3.0,0.903,0.749,0.562,120,184,差し替え
ガウル,REVIVE+,Soundwave ラキドロ,3.0 POLA,0.815,0.599,0.0,119,175,
ガウル,REVIVE+,Yetimall,1.0,0.997,0.839,0.984,120,185,差し替え
ガウル,REVIVE+,Yetimall,2.0,0.962,0.876,0.81,120,184,差し替え
ガウル,REVIVE+,Makestar ラキドロ,4.0,0.677,0.676,0.0,121,184,
ガウル,REVIVE+,Makestar ラキドロ,4.0 POLA,0.788,0.506,0.0,120,176,
ガウル,REVIVE+,KMONSTAR,1.0,0.941,0.788,0.599,119,184,差し替え
ガウル,REVIVE+,NY Music ラキドロ,2.0,0.927,0.81,0.466,119,184,
ガウル,REVIVE+,NY Music ラキドロ,2.0 POLA,0.854,0.489,0.635,102,134,差し替え
ガウル,IVE SECRET,本体封入,Shh!,0.856,0.686,0.0,378,185,
ガウル,IVE SECRET,本体封入,Gasp!,0.768,0.515,0.0,378,185,
ガウル,IVE SECRET,本体封入,Psst!,0.775,0.628,0.0,375,184,
ガウル,IVE SECRET,本体封入,LOVED IVE,0.911,0.67,0.0,375,185,
ガウル,IVE SECRET,本体封入,Instant Photo Shh!,0.513,0.497,0.0,90,176,
ガウル,IVE SECRET,本体封入,Instant Photo Gasp!,0.494,0.492,0.0,91,176,
ガウル,IVE SECRET,本体封入,Instant Photo Psst!,0.571,0.534,0.0,93,185,
ガウル,IVE SECRET,本体封入,Digipack,0.705,0.581,0.0,378,184,
ガウル,IVE SECRET,本体封入,Evil Cupid,0.711,0.486,0.0,375,184,
ガウル,IVE SECRET,Starship Square,3TYPE 1,0.626,0.458,0.0,378,185,
ガウル,IVE SECRET,Starship Square,3TYPE 2,0.732,0.556,0.0,378,184,
ガウル,IVE SECRET,Starship Square,4TYPE,0.791,0.555,0.0,375,184,
ガウル,IVE SECRET,Starship Square,3+6 (A),0.714,0.681,0.0,375,184,
ガウル,IVE SECRET,Starship Square,3+6 (B),0.844,0.612,0.0,375,185,
ガウル,IVE SECRET,Starship Square,LOVED IVE,0.631,0.626,0.0,375,184,
ガウル,IVE SECRET,Starship Square,Digipack,0.708,0.608,0.0,378,185,
ガウル,IVE SECRET,Soundwave,1.0,0.412,0.404,0.0,378,183,
ガウル,IVE SECRET,withmuu,1.0,0.843,0.665,0.0,378,184,
ガウル,IVE SECRET,Apple Music,1.0,0.687,0.457,0.0,378,185,
ガウル,IVE SECRET,Makestar,1.0,0.473,0.28,0.0,378,184,
ガウル,IVE SECRET,京东,,0.905,0.662,0.481,77,184,
ガウル,IVE SECRET,Tower Records,A,0.74,0.505,0.0,377,185,
ガウル,IVE SECRET,Tower Records,Shibuya,0.738,0.586,0.0,378,184,
ガウル,IVE SECRET,Sony Music,B,0.928,0.622,-0.472,79,185,
ガウル,IVE SECRET,A!SMART,C,0.879,0.737,0.508,77,184,
ガウル,IVE SECRET,US Exclusive,,0.863,0.576,0.558,77,184,差し替え
ガウル,IVE SECRET,Target,,0.824,0.644,0.0,78,175,
ガウル,IVE SECRET,Barnes & Noble,,0.896,0.679,0.707,78,184,差し替え
ガウル,IVE SECRET,Music Korea,,0.709,0.504,0.0,77,184,
ガウル,IVE SECRET,Soundwave ラキドロ,2.0,0.641,0.587,0.0,377,184,
ガウル,IVE SECRET,Soundwave ラキドロ,2.0 POLA,0.641,0.609,0.0,76,172,
ガウル,IVE SECRET,withmuu ラキドロ,2.0,0.863,0.584,0.0,378,184,
ガウル,IVE SECRET,withmuu ラキドロ,2.0 POLA,0.953,0.636,0.659,78,184,差し替え
ガウル,IVE SECRET,OLIVE YOUNG ラキドロ,,0.688,0.352,0.0,375,165,
ガウル,IVE SECRET,Beatroad ラキドロ,1.0,0.924,0.685,0.637,77,184,差し替え
ガウル,IVE SECRET,Beatroad ラキドロ,1.0 POLA,0.96,0.656,0.044,77,185,
ガウル,IVE SECRET,Apple Music,2.0,0.82,0.601,0.0,78,184,
ガウル,IVE SECRET,Makestar,2.0,0.869,0.688,0.394,78,184,
ガウル,IVE SECRET,Ktown4U,STUDIO CHOOM,0.911,0.6,0.494,77,184,
ガウル,IVE SECRET,Broadcast,,0.823,0.694,0.0,378,184,
ガウル,IVE SECRET,StarRiver,,0.737,0.71,0.0,78,185,
ガウル,IVE SECRET,hellolive,1.0,0.762,0.654,0.0,78,183,
ガウル,IVE SECRET,withmuu,3.0,0.635,0.613,0.0,78,185,
ガウル,IVE SECRET,MusicArt,,0.824,0.587,0.0,77,184,
ガウル,IVE SECRET,HOTTRACKS,,0.565,0.483,0.0,378,184,
ガウル,IVE SECRET,Soundwave,3.0,0.72,0.512,0.0,79,184,
ガウル,IVE SECRET,Makestar,3.0,0.581,0.578,0.0,78,185,
ガウル,IVE SECRET,オフラインイベント,9.23 TOKYO,0.821,0.604,0.0,77,185,
ガウル,IVE SECRET,オフラインイベント,9.24 OSAKA,0.718,0.483,0.0,77,184,
ガウル,IVE SECRET,オフラインイベント,10.12 TOKYO,0.771,0.557,0.0,77,184,
ガウル,IVE SECRET,オフラインイベント,10.13 OSAKA,0.653,0.504,0.0,76,184,
ガウル,IVE SECRET,Apple Music,3.0,0.661,0.485,0.0,78,174,
ガウル,IVE SECRET,Soundwave,4.0,0.685,0.588,0.0,78,184,
ガウル,IVE SECRET,withmuu ラキドロ,4.0,0.87,0.735,0.194,77,184,
ガウル,IVE SECRET,withmuu ラキドロ,4.0 POLA,0.706,0.478,0.0,66,142,
ガウル,IVE SECRET,withmuu,5.0,0.907,0.708,0.602,78,183,差し替え
ガウル,IVE SECRET,Beatroad,2.0,0.897,0.47,0.806,78,184,差し替え
ガウル,IVE SECRET,withmuu ラキドロ,6.0 Special HI-BYE-1,0.872,0.545,0.341,78,185,
ガウル,IVE SECRET,withmuu ラキドロ,6.0 Special HI-BYE-2,0.763,0.49,0.0,77,184,
ガウル,IVE SECRET,Makestar ラキドロ,4.0,0.83,0.656,0.0,77,185,
ガウル,IVE SECRET,Soundwave,5.0,0.904,0.629,0.699,77,185,差し替え
ガウル,IVE SECRET,オフラインイベント,11.23 TOKYO,0.644,0.577,0.0,76,185,
ガウル,IVE SECRET,オフラインイベント,11.24 OSAKA,0.825,0.715,0.0,77,184,
ガウル,IVE SECRET,Apple Music,4.0,0.784,0.383,0.0,77,184,
ガウル,IVE SECRET,KMONSTAR,1.0,0.583,0.509,0.0,77,185,
ガウル,IVE SECRET,withmuu,7.0,0.727,0.557,0.0,78,175,
ガウル,IVE SECRET,hellolive,2.0,0.512,0.499,0.0,78,184,
ガウル,IVE SECRET,NY Music,,0.908,0.662,0.55,76,184,差し替え
ガウル,IVE SECRET,KMONSTAR,2.0,0.795,0.631,0.0,77,184,
ガウル,IVE SECRET,withmuu ラキドロ,8.0-1,0.612,0.579,0.0,77,167,
ガウル,IVE SECRET,withmuu ラキドロ,8.0-2,0.86,0.734,0.273,77,184,
ガウル,IVE SECRET,withmuu ラキドロ,8.0 POLA,0.522,0.52,0.0,73,167,
ガウル,IVE SECRET,IDOLSHOP,,0.651,0.562,0.0,77,184,
ガウル,IVE SECRET,Yetimall ラキドロ,-1,0.555,0.538,0.0,78,171,
ガウル,IVE SECRET,Yetimall ラキドロ,-2,0.659,0.511,0.0,78,184,
ガウル,IVE SECRET,Yetimall ラキドロ,POLA,0.565,0.544,0.0,75,184,
ガウル,IVE SECRET,Makestar,5.0,0.427,0.399,0.0,77,184,
ガウル,IVE SECRET,Apple Music ラキドロ,5.0-1,0.816,0.546,0.0,78,185,
ガウル,IVE SECRET,Apple Music ラキドロ,5.0-2,0.805,0.484,0.0,78,185,
ガウル,IVE SECRET,Apple Music ラキドロ,5.0 POLA,0.65,0.556,0.0,76,172,
ガウル,IVE SECRET,withmuu ラキドロ,9.0-1,0.662,0.615,0.0,67,156,
ガウル,IVE SECRET,withmuu ラキドロ,9.0-2,0.796,0.474,0.0,66,170,
ガウル,IVE SECRET,Soundwave ラキドロ,6.0,0.44,0.434,0.0,68,185,
ガウル,2022 SEASON'S GREETINGS [A RAY OF SUNSHINE],本体封入,,0.85,0.697,0.0,348,185,
ガウル,2022 SEASON'S GREETINGS [A RAY OF SUNSHINE],Starship Square,,0.831,0.734,0.0,348,184,
ガウル,2022 SEASON'S GREETINGS [A RAY OF SUNSHINE],Synnara,,0.626,0.615,0.0,347,185,
ガウル,2022 SEASON'S GREETINGS [A RAY OF SUNSHINE],Soundwave,,0.866,0.609,0.0,347,184,
ガウル,2022 SEASON'S GREETINGS [A RAY OF SUNSHINE],Sound Contents,,0.828,0.725,0.0,348,184,
ガウル,"2023 SEASON'S GREETINGS [Ready, Get Set, IVE!]",本体封入,,0.724,0.475,0.0,348,184,
ガウル,"2023 SEASON'S GREETINGS [Ready, Get Set, IVE!]",Soundwave,,0.893,0.594,0.0,348,185,
ガウル,"2023 SEASON'S GREETINGS [Ready, Get Set, IVE!]",Starship Square,,0.64,0.474,0.0,348,184,
ガウル,"2023 SEASON'S GREETINGS [Ready, Get Set, IVE!]",Ktown4U,,0.763,0.677,0.0,348,184,
ガウル,"2023 SEASON'S GREETINGS [Ready, Get Set, IVE!]",Synnara,,0.766,0.478,0.0,348,185,
ガウル,2024 SEASON'S GREETINGS [A Fairy's Wish],本体封入,フォトカードセット,0.843,0.589,0.0,348,184,
ガウル,2024 SEASON'S GREETINGS [A Fairy's Wish],Soundwave,,0.76,0.7,0.0,348,184,
ガウル,2024 SEASON'S GREETINGS [A Fairy's Wish],Starship Square,,0.796,0.661,0.0,348,184,
ガウル,2024 SEASON'S GREETINGS [A Fairy's Wish],Ktown4U,,0.788,0.779,0.0,346,184,
ガウル,2024 SEASON'S GREETINGS [A Fairy's Wish],Apple Music,,0.798,0.707,0.0,348,184,
ガウル,IVE SWITCH,本体封入,ON,0.937,0.743,0.0,329,184,
ガウル,IVE SWITCH,本体封入,OFF,0.928,0.683,0.0,329,184,
ガウル,IVE SWITCH,本体封入,SPIN-OFF,0.856,0.693,0.0,329,175,
ガウル,IVE SWITCH,本体封入,LOVED IVE,0.845,0.721,0.0,329,185,
ガウル,IVE SWITCH,本体封入,Digipack,0.621,0.613,0.0,318,184,
ガウル,IVE SWITCH,本体封入,PLVE,0.838,0.617,0.0,329,184,
ガウル,IVE SWITCH,本体封入,Lenticular,0.762,0.627,0.0,329,185,
ガウル,IVE SWITCH,Starship Square,1,0.774,0.533,0.0,329,185,
ガウル,IVE SWITCH,Starship Square,2,0.901,0.533,0.0,329,184,
ガウル,IVE SWITCH,Starship Square,LOVED IVE,0.933,0.817,0.0,329,184,
ガウル,IVE SWITCH,Starship Square,Digipack,0.767,0.652,0.0,325,184,
ガウル,IVE SWITCH,Starship Square,Set 1,0.88,0.757,0.0,329,185,
ガウル,IVE SWITCH,Starship Square,Set 2,0.575,0.574,0.0,329,170,
ガウル,IVE SWITCH,Starship Square,Set 3,0.829,0.596,0.0,329,185,
ガウル,IVE SWITCH,A!SMART,,0.937,0.804,0.0,329,185,
ガウル,IVE SWITCH,Apple Music,,0.815,0.485,0.0,329,185,
ガウル,IVE SWITCH,KakaoTalk,,0.917,0.671,0.0,329,184,
ガウル,IVE SWITCH,Makestar,,0.648,0.646,0.0,329,184,
ガウル,IVE SWITCH,Music Korea,,0.708,0.566,0.0,329,185,
ガウル,IVE SWITCH,mymusictaste,,0.847,0.763,0.0,329,185,
ガウル,IVE SWITCH,Sony Music,,0.586,0.499,0.0,333,184,
ガウル,IVE SWITCH,Soundwave,,0.84,0.514,0.0,329,184,
ガウル,IVE SWITCH,StarRiver,,0.797,0.765,0.0,329,176,
ガウル,IVE SWITCH,Tower Records,,0.954,0.71,0.0,329,184,
ガウル,IVE SWITCH,withmuu,,0.695,0.643,0.0,303,167,
ガウル,IVE SWITCH,Soundwave ラキドロ,1.0-1,0.784,0.77,0.0,329,185,
ガウル,IVE SWITCH,Soundwave ラキドロ,1.0-2,0.896,0.652,0.0,329,185,
ガウル,IVE SWITCH,Soundwave ラキドロ,2.0-1,0.834,0.686,0.0,329,185,
ガウル,IVE SWITCH,Soundwave ラキドロ,2.0-2,0.889,0.635,0.0,329,184,
ガウル,IVE SWITCH,Soundwave ラキドロ,4.0-1,0.985,0.791,0.0,329,185,
ガウル,IVE SWITCH,Soundwave ラキドロ,4.0-2,0.979,0.701,0.0,329,185,
ガウル,IVE SWITCH,Soundwave ラキドロ,5.0-1,0.942,0.624,0.0,329,184,
ガウル,IVE SWITCH,Soundwave ラキドロ,5.0-2,0.964,0.704,0.0,329,184,
ガウル,IVE SWITCH,Music Korea ラキドロ,1,0.974,0.71,0.0,329,184,
ガウル,IVE SWITCH,Music Korea ラキドロ,2,0.925,0.648,0.0,329,184,
ガウル,IVE SWITCH,Makestar ラキドロ,1,0.975,0.767,0.0,333,184,
ガウル,IVE SWITCH,Makestar ラキドロ,2,0.926,0.442,0.0,329,184,
ガウル,IVE SWITCH,withmuu ラキドロ,1.0-1,0.883,0.703,0.0,329,185,
ガウル,IVE SWITCH,withmuu ラキドロ,1.0-2,0.782,0.766,0.0,329,185,
ガウル,IVE SWITCH,withmuu ラキドロ,2.0-1,0.844,0.727,0.0,329,185,
ガウル,IVE SWITCH,withmuu ラキドロ,2.0-2,0.885,0.613,0.0,329,184,
ガウル,IVE SWITCH,withmuu ラキドロ,3.0-1,0.93,0.709,0.0,329,185,
ガウル,IVE SWITCH,withmuu ラキドロ,3.0-2,0.765,0.739,0.0,329,184,
ガウル,IVE SWITCH,Apple Music ファンサイン,1.0,0.855,0.798,0.0,329,185,
ガウル,IVE SWITCH,Apple Music ファンサイン,2.0,0.749,0.703,0.0,329,184,
ガウル,IVE SWITCH,Apple Music ファンサイン,3.0,0.689,0.642,0.0,329,185,
ガウル,IVE SWITCH,Soundwave ファンサイン,1.0,0.908,0.766,0.0,329,184,
ガウル,IVE SWITCH,Soundwave ファンサイン,2.0,0.909,0.815,0.0,329,184,
ガウル,IVE SWITCH,Soundwave ファンサイン,Hong Kong,0.73,0.728,0.0,329,185,
ガウル,IVE SWITCH,Soundwave ファンサイン,Manila,0.953,0.793,0.0,329,175,
ガウル,IVE SWITCH,Soundwave ファンサイン,Jakarta,0.664,0.664,0.0,329,156,
ガウル,IVE SWITCH,mymusictaste ファンサイン,,0.757,0.655,0.0,329,184,
ガウル,IVE SWITCH,Tower Records ファンサイン,,0.781,0.632,0.0,329,185,
ガウル,IVE SWITCH,Makestar ファンサイン,1.0,0.901,0.505,0.0,329,184,
ガウル,IVE SWITCH,Makestar ファンサイン,2.0,0.813,0.421,0.0,329,176,
ガウル,IVE SWITCH,withmuu ファンサイン,1.0,0.907,0.734,0.0,329,184,
ガウル,IVE SWITCH,withmuu ファンサイン,2.0,0.788,0.638,0.0,329,184,
ガウル,IVE SWITCH,Yizhiyu ファンサイン,1.0,0.772,0.766,0.0,329,176,
ガウル,IVE SWITCH,Yizhiyu ファンサイン,2.0,0.655,0.654,0.0,329,184,
ガウル,IVE SWITCH,Yizhiyu ファンサイン,3.0,0.694,0.468,0.0,329,184,
ガウル,IVE SWITCH,Yizhiyu ファンサイン,4.0,0.703,0.6,0.0,329,184,
ガウル,IVE SWITCH,StarRiver ファンサイン,1.0,0.861,0.527,0.0,329,172,
ガウル,IVE SWITCH,StarRiver ファンサイン,2.0,0.637,0.63,0.0,329,168,
ガウル,IVE SWITCH,Japan ファンサイン,Tokyo,0.879,0.711,0.0,329,184,
ガウル,IVE SWITCH,Japan ファンサイン,Osaka,0.72,0.716,0.0,329,184,
ガウル,IVE SWITCH,LINE FRIENDS トレカ,1,0.857,0.615,0.0,333,176,
ガウル,IVE SWITCH,LINE FRIENDS トレカ,2,0.887,0.574,0.0,329,184,
ガウル,IVE SWITCH,LINE FRIENDS 特典,1,0.904,0.765,0.0,329,185,
ガウル,IVE SWITCH,LINE FRIENDS 特典,2,0.894,0.591,0.0,332,184,
ガウル,IVE SWITCH,OSAKA イベント,,0.707,0.66,0.0,329,184,
ガウル,IVE SWITCH,Broadcast,1週目,0.652,0.643,0.0,329,170,
ガウル,IVE SWITCH,Broadcast,2週目,0.615,0.532,0.0,329,185,
ガウル,1st WORLD TOUR 'SHOW WHAT I HAVE',MD,Photo Kit,0.938,0.737,0.0,348,184,
ガウル,1st WORLD TOUR 'SHOW WHAT I HAVE',MD,Photocard Binder,0.895,0.775,0.0,213,184,
ガウル,1st WORLD TOUR 'SHOW WHAT I HAVE',MD,Photocard Holder,0.669,0.596,0.0,212,174,
ガウル,1st WORLD TOUR 'SHOW WHAT I HAVE',MD,Cross Bag,0.736,0.628,0.0,213,184,
ガウル,1st WORLD TOUR 'SHOW WHAT I HAVE',MD,Necklace,0.904,0.829,0.0,213,184,
ガウル,1st WORLD TOUR 'SHOW WHAT I HAVE',Random Photocard,1,0.923,0.722,0.0,213,184,
ガウル,1st WORLD TOUR 'SHOW WHAT I HAVE',Random Photocard,2,0.887,0.72,0.0,212,184,
ガウル,1st WORLD TOUR 'SHOW WHAT I HAVE',Random Photocard,3,0.863,0.565,0.0,213,184,
ガウル,1st WORLD TOUR 'SHOW WHAT I HAVE',Random Photocard,4,0.821,0.819,0.0,213,184,
ガウル,1st WORLD TOUR 'SHOW WHAT I HAVE',Japan Random Photocard,1,0.708,0.334,0.0,216,184,
ガウル,1st WORLD TOUR 'SHOW WHAT I HAVE',Japan Random Photocard,2,0.969,0.718,0.0,218,176,
ガウル,1st WORLD TOUR 'SHOW WHAT I HAVE',2nd DIVE FC Class DIVE,1,0.834,0.588,0.0,213,184,
ガウル,1st WORLD TOUR 'SHOW WHAT I HAVE',2nd DIVE FC Class DIVE,2,0.915,0.675,0.0,212,185,
ガウル,1st WORLD TOUR 'SHOW WHAT I HAVE',SuperStar STARSHIP,1,0.786,0.438,0.0,213,176,
ガウル,1st WORLD TOUR 'SHOW WHAT I HAVE',SuperStar STARSHIP,2,0.825,0.456,0.0,213,184,
ガウル,1st WORLD TOUR 'SHOW WHAT I HAVE',SuperStar STARSHIP,3,0.763,0.37,0.0,213,185,
ガウル,1st WORLD TOUR 'SHOW WHAT I HAVE',SuperStar STARSHIP,4,0.463,0.449,0.0,212,185,
ガウル,WAVE,本体封入,初回AB盤 photocard I,0.922,0.852,0.0,415,185,
ガウル,WAVE,本体封入,初回C盤 photocard II,0.906,0.769,0.0,415,184,
ガウル,WAVE,本体封入,通常盤 photocard III,0.925,0.767,0.0,413,184,
ガウル,WAVE,本体封入,DIVE盤 photocard IV,0.749,0.671,0.0,417,185,
ガウル,WAVE,Sony Music ラキドロ,,0.898,0.678,0.0,414,184,
ガウル,WAVE,全国CDショップ ラキドロ,,0.937,0.76,0.0,417,185,
ガウル,WAVE,タワレコ,抽選会特典,0.913,0.779,0.0,415,183,
ガウル,WAVE,Soundwave,ランダム,0.647,0.612,0.0,418,163,
ガウル,WAVE,ハイタッチ会,A,0.851,0.697,0.0,245,185,
ガウル,WAVE,ハイタッチ会,B,0.849,0.651,0.0,245,184,
ガウル,WAVE,タワレコ,ランダム,0.955,0.859,0.0,415,184,
ガウル,WAVE,HMV,ランダム,0.952,0.7,0.0,417,185,
ガウル,After LIKE,本体封入,ver.1,0.855,0.583,0.0,374,184,
ガウル,After LIKE,本体封入,ver.2,0.65,0.586,0.0,331,185,
ガウル,After LIKE,Fansign,ATL ver.,0.707,0.554,0.0,331,185,
ガウル,After LIKE,Broadcast,After ver.,0.712,0.396,0.0,216,184,
ガウル,After LIKE,Broadcast,Like ver.,0.864,0.785,0.0,331,185,
ガウル,After LIKE,Jewel ver. POB,6set,0.917,0.611,0.0,367,184,
ガウル,After LIKE,Starship Square,CHU~♥ 1,0.945,0.66,0.0,367,184,
ガウル,After LIKE,Starship Square,CHU~♥ 2,0.881,0.695,0.0,369,173,
ガウル,After LIKE,Ktown4U,,0.885,0.697,0.0,367,185,
ガウル,After LIKE,Bandina,,0.809,0.663,0.0,367,184,
ガウル,After LIKE,mymusictaste,,0.851,0.507,0.0,365,184,
ガウル,After LIKE,withmuu,1.0,0.907,0.742,0.0,367,185,
ガウル,After LIKE,Soundwave,1.0,0.788,0.47,0.0,367,184,
ガウル,After LIKE,Naver Shopping Live,,0.497,0.437,0.0,367,172,
ガウル,After LIKE,Tower Records,1,0.442,0.399,0.0,367,185,
ガウル,After LIKE,Apple Music,,0.643,0.56,0.0,367,185,
ガウル,After LIKE,Namil Music,,0.64,0.385,0.0,367,184,
ガウル,After LIKE,MokketShop,,0.811,0.368,0.0,365,184,
ガウル,After LIKE,TOU,1.0,0.814,0.38,0.0,365,184,
ガウル,After LIKE,Music Korea,,0.965,0.683,0.0,367,185,
ガウル,After LIKE,StarRiver,,0.675,0.308,0.0,367,184,
ガウル,After LIKE,withmuu,3.0,0.882,0.439,0.0,367,185,
ガウル,After LIKE,Soundwave,4.0,0.801,0.592,0.0,367,184,
ガウル,After LIKE,本体封入,Jewel ver.,0.943,0.693,0.0,376,184,
ガウル,After LIKE,Soundwave ラキドロ,2.0-1,0.807,0.418,0.0,367,184,
ガウル,After LIKE,Soundwave ラキドロ,2.0-2,0.889,0.505,0.0,367,185,
ガウル,After LIKE,Soundwave ラキドロ,2.0-3,0.929,0.687,0.0,367,185,
ガウル,After LIKE,withmuu ラキドロ,2.0-1,0.88,0.47,0.0,367,185,
ガウル,REVIVE+,KMStation,3.0,0.686,0.684,0.0,313,184,
ガウル,REVIVE+,KMStation,4.0,0.822,0.712,0.0,300,185,
ガウル,LUCID DREAM,オフラインイベント,9.20 スペシャルイベント,0.69,0.64,0.0,292,184,
レイ,Music Show & Broadcast｜音楽番組・公開放送,MBC 音楽中心 公開放送,,0.78,0.66,0.0,348,176,
レイ,Music Show & Broadcast｜音楽番組・公開放送,SBS 歌謡大祭典 公開放送,,0.944,0.708,0.0,330,184,
レイ,Collab & Event｜コラボ・イベント,UNI-KON,,0.871,0.558,0.0,330,184,
レイ,Collab & Event｜コラボ・イベント,V Coloring イベント特典,,0.497,0.492,0.0,347,185,
レイ,ELEVEN,本体封入,ver.1,0.961,0.685,0.0,393,184,
レイ,ELEVEN,本体封入,ver.2,0.632,0.629,0.0,393,184,
レイ,ELEVEN,POB,ID Card,0.552,0.527,0.0,87,173,
レイ,ELEVEN,POB,Message Card,0.547,0.537,0.0,163,185,
レイ,ELEVEN,Starship Square,1,0.759,0.607,0.0,393,175,
レイ,ELEVEN,Starship Square,2,0.724,0.659,0.0,393,184,
レイ,ELEVEN,Ktown4U,,0.708,0.682,0.0,331,170,
レイ,ELEVEN,Soundwave,1.0,0.823,0.566,0.0,331,174,
レイ,ELEVEN,Yizhiyu,1.0,0.832,0.649,0.0,146,167,
レイ,ELEVEN,Yizhiyu,2.0,0.754,0.6,0.0,331,176,
レイ,ELEVEN,Tower Records,,0.78,0.443,0.0,165,184,
レイ,ELEVEN,Shopee,,0.743,0.643,0.0,331,167,
レイ,ELEVEN,mymusictaste,,0.732,0.613,0.0,331,184,
レイ,ELEVEN,Soundwave ラキドロ,2.0-1,0.937,0.728,0.0,393,184,
レイ,ELEVEN,Soundwave ラキドロ,2.0-2,0.894,0.558,0.0,393,184,
レイ,ELEVEN,Soundwave ラキドロ,2.0 POLA,0.784,0.505,0.0,147,158,
レイ,ELEVEN,Withdrama ラキドロ,2.0-1,0.769,0.693,0.0,393,184,
レイ,ELEVEN,Withdrama ラキドロ,2.0-2,0.65,0.629,0.0,393,172,
レイ,ELEVEN,Withdrama ラキドロ,2.0 POLA,0.547,0.449,0.0,379,183,
レイ,ELEVEN,EVERLINE,1.0,0.962,0.629,0.0,331,185,
レイ,ELEVEN,Makestar,1.0,0.832,0.67,0.0,331,176,
レイ,ELEVEN,Withdrama,3.0,0.839,0.692,0.0,331,184,
レイ,ELEVEN,Wonderwall,,0.933,0.501,0.0,331,183,
レイ,ELEVEN,Soundwave,3.0,0.735,0.558,0.0,331,183,
レイ,ELEVEN,EVERLINE,2.0,0.544,0.436,0.0,331,153,
レイ,ELEVEN,JoeunMusic,,0.829,0.612,0.0,331,184,
レイ,ELEVEN,Makestar,2.0,0.802,0.77,0.0,331,184,
レイ,ELEVEN,Daum Cafe,,0.901,0.628,0.0,331,185,
レイ,IVE EMPATHY,本体封入,Me ver.,0.714,0.406,0.0,89,156,
レイ,IVE EMPATHY,本体封入,You ver.,0.698,0.631,0.0,379,176,
レイ,IVE EMPATHY,本体封入,And us ver.,0.678,0.528,0.0,377,170,
レイ,IVE EMPATHY,本体封入,LOVED IVE ver.,0.654,0.582,0.0,376,176,
レイ,IVE EMPATHY,本体封入,PLVE,0.467,0.44,0.0,88,184,
レイ,IVE EMPATHY,本体封入,Digipack,0.819,0.716,0.0,378,175,
レイ,IVE EMPATHY,MD,,0.488,0.382,0.0,379,167,
レイ,IVE EMPATHY,Broadcast,1.0,0.815,0.655,0.0,376,185,
レイ,IVE EMPATHY,Broadcast,2.0,0.88,0.622,0.0,376,184,
レイ,IVE EMPATHY,Starship Square,3TYPE 1,0.478,0.473,0.0,86,184,
レイ,IVE EMPATHY,Starship Square,3TYPE 2,0.681,0.579,0.0,86,175,
レイ,IVE EMPATHY,Starship Square,4TYPE,0.621,0.5,0.0,376,184,
レイ,IVE EMPATHY,Starship Square,3+6 (A),0.785,0.573,0.0,376,183,
レイ,IVE EMPATHY,Starship Square,3+6 (B),0.602,0.555,0.0,377,156,
レイ,IVE EMPATHY,Starship Square,LOVED IVE,0.61,0.561,0.0,377,176,
レイ,IVE EMPATHY,Starship Square,Digipack,0.808,0.625,0.0,378,156,
レイ,IVE EMPATHY,Soundwave,1.0,0.644,0.559,0.0,86,180,
レイ,IVE EMPATHY,withmuu,1.0,0.477,0.467,0.0,86,184,
レイ,IVE EMPATHY,Apple Music,1.0,0.611,0.609,0.0,87,185,
レイ,IVE EMPATHY,Makestar,1.0,0.709,0.658,0.0,87,184,
レイ,IVE EMPATHY,mymusictaste,1.0,0.91,0.661,0.0,378,184,
レイ,IVE EMPATHY,withmuu,2.0 Live Studio Choom,0.79,0.497,0.0,376,184,
レイ,IVE EMPATHY,Tower Records,A,0.854,0.673,0.0,376,184,
レイ,IVE EMPATHY,Tower Records,Shibuya,0.717,0.685,0.0,376,176,
レイ,IVE EMPATHY,Sony Music,1.0 B,0.9,0.506,0.0,376,184,
レイ,IVE EMPATHY,A!SMART,C,0.515,0.36,0.0,89,185,
レイ,IVE EMPATHY,Apple Music,2.0,0.86,0.559,0.0,376,184,
レイ,IVE EMPATHY,withmuu ラキドロ,3.0,0.687,0.571,0.0,376,184,
レイ,IVE EMPATHY,withmuu ラキドロ,3.0 POLA,0.732,0.651,0.0,330,184,
レイ,IVE EMPATHY,Soundwave ラキドロ,2.0,0.676,0.548,0.0,86,185,
レイ,IVE EMPATHY,Soundwave ラキドロ,2.0 POLA,0.681,0.657,0.0,75,184,
レイ,IVE EMPATHY,Makestar,2.0,0.777,0.774,0.0,379,184,
レイ,IVE EMPATHY,MusicArt,,0.857,0.455,0.0,376,184,
レイ,IVE EMPATHY,HOTTRACKS,,0.674,0.559,0.0,376,184,
レイ,IVE EMPATHY,Ktown4U,,0.782,0.516,0.0,376,171,
レイ,IVE EMPATHY,withmuu,4.0,0.647,0.628,0.0,376,184,
レイ,IVE EMPATHY,Soundwave,3.0,0.779,0.565,0.0,87,175,
レイ,IVE EMPATHY,Makestar,3.0,0.716,0.669,0.0,87,184,
レイ,IVE EMPATHY,withmuu ラキドロ,5.0,0.938,0.695,0.0,376,185,
レイ,IVE EMPATHY,withmuu ラキドロ,5.0 POLA,0.581,0.569,0.0,78,157,
レイ,IVE EMPATHY,US Exclusive,,0.908,0.659,0.0,376,185,
レイ,IVE EMPATHY,Soundwave ラキドロ,4.0,0.784,0.674,0.0,87,184,
レイ,IVE EMPATHY,Soundwave ラキドロ,4.0 POLA,0.739,0.722,0.0,76,185,
レイ,IVE EMPATHY,Soundwave,5.0,0.671,0.651,0.0,379,184,
レイ,IVE EMPATHY,IDOUSTAGE ラキドロ,1.0,0.817,0.649,0.0,88,184,
レイ,IVE EMPATHY,IDOUSTAGE ラキドロ,1.0 POLA,0.751,0.525,0.0,331,149,
レイ,IVE EMPATHY,Apple Music,3.0,0.804,0.689,0.0,378,175,
レイ,IVE EMPATHY,withmuu,6.0,0.734,0.653,0.0,376,175,
レイ,IVE EMPATHY,mymusictaste,2.0,0.573,0.449,0.0,87,184,
レイ,IVE EMPATHY,Soundwave,6.0,0.702,0.668,0.0,377,157,
レイ,IVE EMPATHY,Apple Music,4.0,0.619,0.61,0.0,87,184,
レイ,IVE EMPATHY,オフラインイベント,TOKYO,0.554,0.535,0.0,87,161,
レイ,IVE EMPATHY,オフラインイベント,OSAKA,0.774,0.663,0.0,376,184,
レイ,IVE EMPATHY,Sony Music,2.0,0.625,0.621,0.0,87,184,
レイ,IVE EMPATHY,Soundwave,7.0,0.798,0.596,0.0,379,184,
レイ,IVE EMPATHY,K-MONSTAR,Taiwan,0.634,0.619,0.0,88,184,
レイ,IVE EMPATHY,K-MONSTAR,Taiwan POLA,0.79,0.659,0.0,78,184,
レイ,IVE EMPATHY,Soundwave ラキドロ,8.0 IVE SCOUT-1,0.598,0.585,0.0,88,184,
レイ,IVE EMPATHY,Soundwave ラキドロ,8.0 IVE SCOUT-2,0.954,0.557,0.0,376,184,
レイ,IVE EMPATHY,IDOUSTAGE,2.0,0.632,0.553,0.0,86,156,
レイ,IVE EMPATHY,Makestar,4.0 Shanghai,0.703,0.686,0.0,88,185,
レイ,IVE EMPATHY,Makestar,4.0 Shanghai カフェ店長 ver.,0.595,0.583,0.0,89,184,
レイ,DIVE Official Fanclub｜ファンクラブ,DIVE 1期 会員キット,,0.786,0.545,0.0,330,185,
レイ,DIVE Official Fanclub｜ファンクラブ,IVE JAPAN FC 早期入会特典,,0.519,0.415,0.0,329,184,
レイ,DIVE Official Fanclub｜ファンクラブ,DIVE 2期 'MAGAZINE IVE',,0.89,0.801,0.0,331,184,
レイ,1st FAN CONCERT 'The Prom Queens',MD,Photocard Deco Set,0.836,0.434,0.0,228,184,
レイ,1st FAN CONCERT 'The Prom Queens',MD,Photocard Binder,0.719,0.665,0.0,226,175,
レイ,1st FAN CONCERT 'The Prom Queens',MD,PVC Card Holder,0.643,0.591,0.0,348,170,
レイ,1st FAN CONCERT 'The Prom Queens',Random Photocard Pack (KOREA),1,0.663,0.526,0.0,165,170,
レイ,1st FAN CONCERT 'The Prom Queens',Random Photocard Pack (KOREA),2,0.742,0.623,0.0,229,184,
レイ,1st FAN CONCERT 'The Prom Queens',Random Photocard Pack (KOREA),3,0.661,0.66,0.0,165,184,
レイ,1st FAN CONCERT 'The Prom Queens',Random Photocard Pack (KOREA),4,0.697,0.647,0.0,165,184,
レイ,1st FAN CONCERT 'The Prom Queens',Random Photocard Pack (KOREA),5,0.585,0.519,0.0,228,176,
レイ,1st FAN CONCERT 'The Prom Queens',Random Trading Card (JAPAN),1,0.866,0.497,0.0,228,176,
レイ,1st FAN CONCERT 'The Prom Queens',Random Trading Card (JAPAN),2,0.691,0.321,0.0,252,177,
レイ,1st FAN CONCERT 'The Prom Queens',1st DIVE FC Class DIVE,1,0.849,0.529,0.0,243,183,
レイ,1st FAN CONCERT 'The Prom Queens',1st DIVE FC Class DIVE,2,0.765,0.56,0.0,245,183,
レイ,1st FAN CONCERT 'The Prom Queens',SuperStar STARSHIP,1,0.756,0.609,0.0,346,176,
レイ,1st FAN CONCERT 'The Prom Queens',SuperStar STARSHIP,2,0.712,0.57,0.0,228,184,
レイ,1st FAN CONCERT 'The Prom Queens',SuperStar STARSHIP,3,0.531,0.509,0.0,229,185,
レイ,I've IVE,本体封入,I ver.,0.914,0.468,0.0,337,184,
レイ,I've IVE,本体封入,V ver.,0.954,0.698,0.0,342,184,
レイ,I've IVE,本体封入,E ver.,0.936,0.626,0.0,342,185,
レイ,I've IVE,本体封入,Jewel Case,0.738,0.444,0.0,342,185,
レイ,I've IVE,本体封入,Special Edition,0.923,0.372,0.0,340,184,
レイ,I've IVE,Ktown4U,,0.856,0.603,0.0,330,184,
レイ,I've IVE,Starship Square Album,1,0.923,0.687,0.0,340,184,
レイ,I've IVE,Starship Square Album,2,0.853,0.55,0.0,343,184,
レイ,I've IVE,Starship Square Jewel Case,,0.838,0.795,0.0,330,185,
レイ,I've IVE,Starship Square Set,,0.67,0.61,0.0,347,184,
レイ,I've IVE,Starship Square Special,,0.954,0.438,0.0,342,185,
レイ,I've IVE,Mokket,,0.877,0.524,0.0,330,184,
レイ,I've IVE,Soundwave,,0.841,0.685,0.0,330,184,
レイ,I've IVE,Soundwave ラキドロ,1,0.851,0.434,0.0,342,184,
レイ,I've IVE,Soundwave ラキドロ,2,0.878,0.436,0.0,341,184,
レイ,I've IVE,Soundwave ラキドロ,3,0.942,0.594,0.0,338,184,
レイ,I've IVE,Soundwave FC,,0.466,0.394,0.0,330,153,
レイ,I've IVE,Namil Music,,0.371,0.358,0.0,330,185,
レイ,I've IVE,MusicArt,,0.898,0.761,0.0,342,173,
レイ,I've IVE,withmuu ラキドロ,1,0.787,0.361,0.0,343,185,
レイ,I've IVE,withmuu ラキドロ,2,0.683,0.547,0.0,342,173,
レイ,I've IVE,withmuu ラキドロ,3,0.572,0.542,0.0,298,184,
レイ,I've IVE,withmuu FC,,0.843,0.532,0.0,330,185,
レイ,I've IVE,mymusictaste,,0.795,0.552,0.0,330,185,
レイ,I've IVE,Tower Records,1,0.542,0.534,0.0,306,184,
レイ,I've IVE,Tower Records,2,0.879,0.77,0.0,340,173,
レイ,I've IVE,StarRiver FC,,0.621,0.602,0.0,340,173,
レイ,I've IVE,Naver Live,,0.753,0.433,0.0,329,184,
レイ,I've IVE,HOTTRACKS,,0.962,0.499,0.0,330,184,
レイ,I've IVE,Makestar,,0.612,0.587,0.0,330,185,
レイ,I've IVE,Apple Music,,0.891,0.63,0.0,330,184,
レイ,I've IVE,Beatroad,,0.75,0.474,0.0,330,184,
レイ,I've IVE,Broadcast,1,0.773,0.449,0.0,330,185,
レイ,I've IVE,Broadcast,3,0.868,0.501,0.0,330,184,
レイ,ELEVEN -Japanese ver.-,本体封入,I盤 type-A,0.828,0.689,0.0,330,186,
レイ,ELEVEN -Japanese ver.-,本体封入,V盤 type-B,0.749,0.633,0.0,330,184,
レイ,ELEVEN -Japanese ver.-,本体封入,E盤 type-C,0.897,0.578,0.0,331,185,
レイ,ELEVEN -Japanese ver.-,本体封入,FC盤,0.841,0.716,0.0,331,186,
レイ,ELEVEN -Japanese ver.-,タワレコ,IDトレカ,0.538,0.515,0.0,318,180,
レイ,ELEVEN -Japanese ver.-,タワレコ,ラキドロ,0.902,0.641,0.0,331,182,
レイ,ELEVEN -Japanese ver.-,Soundwave,,0.915,0.667,0.0,330,186,
レイ,LOVE DIVE,本体封入,ver.1,0.818,0.728,0.0,331,184,
レイ,LOVE DIVE,本体封入,ver.2,0.958,0.58,0.0,386,183,
レイ,LOVE DIVE,本体封入,ver.3,0.957,0.607,0.0,388,183,
レイ,LOVE DIVE,本体封入,Heart Hologram Card,0.471,0.414,0.0,129,185,
レイ,LOVE DIVE,本体封入,Jewel ver.,0.366,0.35,0.0,386,183,
レイ,LOVE DIVE,Jewel ver. POB,6set Heart,0.818,0.728,0.0,331,184,
レイ,LOVE DIVE,Jewel ver. POB,9set MV,0.763,0.615,0.0,331,180,
レイ,LOVE DIVE,Starship Square,1,0.925,0.686,0.0,362,184,
レイ,LOVE DIVE,Starship Square,2,0.831,0.536,0.0,360,175,
レイ,LOVE DIVE,Ktown4U,1.0,0.815,0.574,0.0,331,184,
レイ,LOVE DIVE,Tower Records,1,0.846,0.59,0.0,362,185,
レイ,LOVE DIVE,Tower Records,2 POLA,0.53,0.45,0.0,361,184,
レイ,LOVE DIVE,mymusictaste,,0.946,0.678,0.0,330,185,
レイ,LOVE DIVE,Soundwave,1.0,0.68,0.454,0.0,331,167,
レイ,LOVE DIVE,withmuu ラキドロ,1.0-1,0.672,0.665,0.0,363,184,
レイ,LOVE DIVE,withmuu ラキドロ,1.0-2,0.486,0.329,0.0,165,185,
レイ,LOVE DIVE,withmuu ラキドロ,1.0 POLA,0.541,0.492,0.0,316,184,
レイ,LOVE DIVE,Apple Music,,0.717,0.553,0.0,330,184,
レイ,LOVE DIVE,Namil Music,1.0,0.822,0.57,0.0,330,185,
レイ,LOVE DIVE,withmuu,2.0,0.813,0.641,0.0,330,184,
レイ,LOVE DIVE,Music Korea,,0.87,0.656,0.0,330,184,
レイ,LOVE DIVE,Soundwave,2.0,0.814,0.597,0.0,330,184,
レイ,LOVE DIVE,Soundwave ラキドロ,3.0-1,0.676,0.658,0.0,362,184,
レイ,LOVE DIVE,Soundwave ラキドロ,3.0-2,0.789,0.73,0.0,364,184,
レイ,LOVE DIVE,Soundwave ラキドロ,3.0 POLA,0.461,0.447,0.0,363,185,
レイ,LOVE DIVE,Beatroad,,0.832,0.535,0.0,330,184,
レイ,LOVE DIVE,Ktown4U,2.0,0.852,0.708,0.0,330,185,
レイ,LOVE DIVE,Namil Music,2.0,0.766,0.489,0.0,330,185,
レイ,LOVE DIVE,withmuu,3.0,0.868,0.667,0.0,330,184,
レイ,LOVE DIVE,MokketShop,,0.576,0.509,0.0,330,164,
レイ,LOVE DIVE,Soundwave,4.0,0.866,0.667,0.0,331,184,
レイ,LOVE DIVE,Daum Cafe,,0.843,0.61,0.0,330,184,
レイ,LUCID DREAM,本体封入,初回生産限定盤 I,0.909,0.575,0.0,161,185,
レイ,LUCID DREAM,本体封入,初回生産限定盤 V,0.848,0.666,0.0,161,185,
レイ,LUCID DREAM,本体封入,初回生産限定盤 E,0.969,0.711,0.0,161,185,
レイ,LUCID DREAM,本体封入,メンバーソロジャケット盤,0.946,0.575,0.0,161,185,
レイ,LUCID DREAM,本体封入,期間生産限定盤,0.776,0.698,0.0,161,185,
レイ,LUCID DREAM,本体封入,会場限定盤,0.958,0.666,0.0,161,184,
レイ,LUCID DREAM,A!SMART,A,0.517,0.516,0.0,159,184,
レイ,LUCID DREAM,タワレコ,B,0.939,0.678,0.0,159,185,
レイ,LUCID DREAM,HMV,C,0.696,0.504,0.0,160,185,
レイ,LUCID DREAM,Sony Music Shop,1.0 clear pc,0.427,0.361,0.0,160,185,
レイ,LUCID DREAM,タワレコ,Shibuya（限定抽選）,0.902,0.476,0.0,161,184,
レイ,LUCID DREAM,東京ドーム公演開催記念,期間限定特典,0.808,0.639,0.0,161,184,
レイ,LUCID DREAM,Sony Music Shop,2.0 ラキドロ,0.868,0.522,0.0,161,184,
レイ,LUCID DREAM,全国ラキドロ,,0.795,0.636,0.0,163,185,
レイ,LUCID DREAM,タワレコ,online ラキドロ,0.802,0.569,0.0,160,184,
レイ,LUCID DREAM,オフラインイベント,4.11 TOKYO,0.975,0.632,0.0,159,184,
レイ,LUCID DREAM,オフラインイベント,4.12 OSAKA,0.924,0.584,0.0,159,184,
レイ,LUCID DREAM,SWIA OSAKA exclusive,4.18,0.469,0.465,0.0,160,184,
レイ,LUCID DREAM,SWIA TOKYO exclusive,6.24-1,0.887,0.617,0.0,162,184,
レイ,LUCID DREAM,SWIA TOKYO exclusive,6.24-2,0.838,0.723,0.0,161,184,
レイ,LUCID DREAM,オフラインイベント,7.5 TOKYO,0.809,0.621,0.0,159,184,
レイ,LUCID DREAM,オフラインイベント,8.30 OSAKA,0.948,0.848,0.0,161,185,
レイ,LUCID DREAM,オフラインイベント,8.31 TOKYO,0.826,0.605,0.0,159,185,
レイ,Magazine｜雑誌特典,S Cawaii! 主婦の友 特典B トレカ,,0.573,0.498,0.0,331,185,
レイ,Magazine｜雑誌特典,ViVi セブンネット特典,,0.464,0.433,0.0,341,184,
レイ,I've MINE,本体封入,Either Way (Pink ver.),0.901,0.581,0.0,221,185,
レイ,I've MINE,本体封入,Off The Record (Red ver.),0.952,0.637,0.0,223,184,
レイ,I've MINE,本体封入,Baddie (Gray ver.),0.921,0.69,0.0,221,184,
レイ,I've MINE,本体封入,PLVE ver.,0.535,0.456,0.0,222,185,
レイ,I've MINE,本体封入,LOVED IVE (White ver.),0.647,0.617,0.0,220,184,
レイ,I've MINE,本体封入,Digipack ver.,0.902,0.628,0.0,220,185,
レイ,I've MINE,Broadcast,LOVED IVE,0.943,0.741,0.0,215,184,
レイ,I've MINE,Broadcast,Baddie,0.825,0.554,0.0,330,185,
レイ,I've MINE,Starship Square,Digipack 6set,0.779,0.621,0.0,330,184,
レイ,I've MINE,Starship Square,Digipack 6+3set,0.681,0.579,0.0,314,185,
レイ,I've MINE,Starship Square,PB 3+1set,0.73,0.616,0.0,315,184,
レイ,I've MINE,Starship Square,PB LOVED IVE,0.508,0.418,0.0,221,185,
レイ,I've MINE,Starship Square,PB EW+OTR+BADDIE 1,0.885,0.498,0.0,215,185,
レイ,I've MINE,Starship Square,PB EW+OTR+BADDIE 2,0.89,0.464,0.0,215,184,
レイ,I've MINE,Ktown4U,1.0,0.814,0.602,0.0,330,184,
レイ,I've MINE,Namil Music,1.0,0.477,0.417,0.0,108,184,
レイ,I've MINE,Soundwave,1.0,0.855,0.582,0.0,330,185,
レイ,I've MINE,Kakao Gift,,0.901,0.797,0.0,330,184,
レイ,I've MINE,withmuu,1.0,0.657,0.623,0.0,330,184,
レイ,I've MINE,IDOUSTAGE,1.0,0.843,0.671,0.0,330,185,
レイ,I've MINE,KMStation,1.0,0.807,0.638,0.0,330,184,
レイ,I've MINE,mymusictaste,1.0,0.854,0.629,0.0,330,176,
レイ,I've MINE,Tower Records,1.0,0.571,0.525,0.0,213,185,
レイ,I've MINE,Tower Records,Shibuya,0.596,0.591,0.0,223,184,
レイ,I've MINE,Apple Music,1.0,0.704,0.543,0.0,330,185,
レイ,I've MINE,Namil Music,2.0,0.721,0.451,0.0,330,184,
レイ,I've MINE,Ktown4U,2.0,0.943,0.342,0.0,330,184,
レイ,I've MINE,Beatroad,,0.921,0.668,0.0,330,184,
レイ,I've MINE,Soundwave ラキドロ,2.0-1,0.846,0.624,0.0,215,185,
レイ,I've MINE,Soundwave ラキドロ,2.0-2,0.597,0.556,0.0,184,164,
レイ,I've MINE,withmuu ラキドロ,2.0-1,0.896,0.654,0.0,215,184,
レイ,I've MINE,withmuu ラキドロ,2.0-2,0.47,0.45,0.0,183,184,
レイ,I've MINE,withmuu,3.0,0.802,0.515,0.0,330,174,
レイ,I've MINE,KMStation,2.0,0.841,0.59,0.0,330,185,
レイ,I've MINE,Soundwave,3.0,0.614,0.557,0.0,330,184,
レイ,I've MINE,Taiwan,,0.662,0.478,0.0,330,185,
レイ,I've MINE,Soundwave ラキドロ,4.0-1,0.701,0.559,0.0,215,184,
レイ,I've MINE,Soundwave ラキドロ,4.0-2,0.809,0.374,0.0,215,175,
レイ,I've MINE,Makestar,1.0,0.583,0.54,0.0,324,184,
レイ,I've MINE,Apple Music,2.0,0.744,0.522,0.0,330,185,
レイ,I've MINE,US Exclusive,,0.859,0.642,0.0,329,184,
レイ,I've MINE,IDOUSTAGE,2.0,0.822,0.467,0.0,330,184,
レイ,I've MINE,KMStation,3.0,0.859,0.45,0.0,330,185,
レイ,I've MINE,withmuu,4.0,0.906,0.539,0.0,330,185,
レイ,I've MINE,MusicArt,,0.608,0.434,0.0,330,184,
レイ,I've MINE,HOTTRACKS,,0.779,0.362,0.0,330,185,
レイ,I've MINE,mymusictaste,2.0,0.894,0.733,0.0,330,184,
レイ,I've MINE,Soundwave,5.0,0.819,0.533,0.0,215,185,
レイ,I've MINE,Namil Music,3.0,0.671,0.553,0.0,330,165,
レイ,I've MINE,Japan Yokohama Live,15th Day1,0.883,0.755,0.0,221,184,
レイ,I've MINE,Japan Yokohama Live,16th Day2,0.613,0.486,0.0,330,184,
レイ,I've MINE,Hi-Touch,18th・19th,0.542,0.48,0.0,329,173,
レイ,I've MINE,Tower Records,2.0,0.559,0.529,0.0,127,184,
レイ,I've MINE,Soundwave,6.0,0.931,0.657,0.0,330,184,
レイ,I've MINE,withmuu,5.0,0.87,0.553,0.0,330,185,
レイ,I've MINE,withmuu ラキドロ,6.0-1,0.93,0.506,0.0,330,185,
レイ,I've MINE,withmuu ラキドロ,6.0-2,0.919,0.749,0.0,330,184,
レイ,I've MINE,withmuu ラキドロ,6.0-3,0.794,0.689,0.0,185,185,
レイ,I've MINE,Makestar,2.0,0.744,0.569,0.0,330,176,
レイ,I've MINE,Yizhiyu,1.0,0.865,0.562,0.0,330,184,
レイ,I've MINE,Soundwave,7.0 Busan,0.7,0.616,0.0,290,174,
レイ,I've MINE,Soundwave,8.0 Daegu,0.945,0.583,0.0,330,184,
レイ,I've MINE,Soundwave,9.0 Gwangju,0.876,0.734,0.0,330,184,
レイ,I've MINE,Soundwave,10.0 Daejeon,0.596,0.569,0.0,329,184,
レイ,I've MINE,Soundwave,11.0 Xmas,0.818,0.413,0.0,330,184,
レイ,I've MINE,KMStation,4.0,0.884,0.799,0.0,330,184,
レイ,I've MINE,Soundwave,12.0 Thailand,0.852,0.769,0.0,330,185,
レイ,I've MINE,mymusictaste,3.0,0.611,0.58,0.0,330,185,
レイ,I've MINE,Yizhiyu,2.0,0.796,0.68,0.0,330,185,
レイ,ELEVEN -Japanese ver.-,お見送り会 CD購入特典,,0.981,0.63,0.0,329,184,
レイ,ALIVE,本体封入,Album A（I ver.）,0.946,0.73,0.0,207,186,
レイ,ALIVE,本体封入,Album B（II ver.）,0.81,0.743,0.0,205,184,
レイ,ALIVE,本体封入,Normal ED（III ver.）,0.862,0.663,0.0,207,185,
レイ,ALIVE,本体封入,Solo（IV ver.）,0.879,0.66,0.0,207,181,
レイ,ALIVE,本体封入,Limited ED（V ver.）,0.836,0.538,0.0,205,176,
レイ,ALIVE,本体封入,Clear Photocard,0.784,0.492,0.0,203,184,
レイ,ALIVE,Sony Music Shop,オンライン ラキドロ,0.549,0.489,0.0,205,186,
レイ,ALIVE,Tower Records,Selca Photocard #B,0.723,0.566,0.0,205,187,
レイ,ALIVE,HMV・LAWSON,Selca Photocard #C,0.915,0.725,0.0,205,184,
レイ,ALIVE,オフラインイベント,8/16 OSAKA,0.803,0.761,0.0,207,184,
レイ,ALIVE,オフラインイベント,8/19 TOKYO,0.717,0.697,0.0,205,185,
レイ,ALIVE,Japan CD Shop ラキドロ,,0.609,0.391,0.0,205,185,
レイ,ALIVE,Tower Records Shibuya,限定抽選 A賞,0.912,0.607,0.0,197,185,
レイ,ALIVE,Sony Music Shop,期間限定特典,0.869,0.712,0.0,203,186,
レイ,Be Alright,本体封入,初回生産限定盤 I,0.902,0.612,0.0,158,186,
レイ,Be Alright,本体封入,初回生産限定盤 V,0.952,0.683,0.0,158,186,
レイ,Be Alright,本体封入,初回生産限定盤 E,0.654,0.595,0.0,159,185,
レイ,Be Alright,本体封入,ソロジャケット盤,0.884,0.607,0.0,157,185,
レイ,Be Alright,IVE SCOUT,愛知・福岡 1日目,0.856,0.722,0.0,159,184,
レイ,Be Alright,IVE SCOUT,愛知・福岡 2日目,0.823,0.633,0.0,159,184,
レイ,Be Alright,IVE SCOUT,神戸・横浜 1日目,0.655,0.564,0.0,159,184,
レイ,Be Alright,IVE SCOUT,神戸・横浜 2日目,0.912,0.659,0.0,157,184,
レイ,Be Alright,A!SMART,A,0.774,0.679,0.0,159,186,
レイ,Be Alright,Tower Records,B,0.896,0.843,0.0,158,185,
レイ,Be Alright,HMV,C,0.865,0.609,0.0,158,186,
レイ,Be Alright,Sony Music,クリアフォトカード,0.582,0.574,0.0,157,185,
レイ,Be Alright,Sony Music ラキドロ,,0.805,0.542,0.0,158,186,
レイ,Be Alright,Tower Records Shibuya,限定フォトカード（抽選）,0.806,0.541,0.0,158,186,
レイ,Be Alright,全店ラキドロ,,0.72,0.549,0.0,157,181,
レイ,Music Show & Broadcast｜音楽番組・公開放送,2024 KBS 歌謡大祝祭,,0.566,0.561,0.0,236,175,
レイ,Collab & Event｜コラボ・イベント,ForEVER IVE（エバーランド）,MD MINIVE HUG BAG,0.913,0.825,0.0,197,185,
レイ,Collab & Event｜コラボ・イベント,ForEVER IVE（エバーランド）,Special Gift 70K,0.67,0.587,0.0,197,185,
レイ,Collab & Event｜コラボ・イベント,ForEVER IVE（エバーランド）,PASS,0.549,0.44,0.0,198,153,
レイ,Collab & Event｜コラボ・イベント,ForEVER IVE（エバーランド）,Special Reward,0.866,0.632,0.0,198,185,
レイ,Collab & Event｜コラボ・イベント,ForEVER IVE（エバーランド）,Special Gift 70K 2.0（8.21〜）,0.714,0.68,0.0,198,184,
レイ,Collab & Event｜コラボ・イベント,ForEVER IVE（エバーランド）,PASS 2.0,0.649,0.525,0.0,189,184,
レイ,Collab & Event｜コラボ・イベント,ForEVER IVE（エバーランド）,Special Reward 2.0,0.886,0.678,0.0,191,185,
レイ,Collab & Event｜コラボ・イベント,Dive into MINIVE,MD MINIVE MINI HANDY FAN,0.838,0.643,0.0,198,184,
レイ,Collab & Event｜コラボ・イベント,Dive into MINIVE,Special Gift 70K,0.898,0.771,0.0,198,184,
レイ,Collab & Event｜コラボ・イベント,PUMA,1.0 TEVERIS NITRO,0.535,0.519,0.0,139,184,
レイ,Collab & Event｜コラボ・イベント,PUMA,2.0 PALERMO（China）,0.571,0.564,0.0,146,184,
レイ,Collab & Event｜コラボ・イベント,PUMA,3.0 PALERMO,0.703,0.672,0.0,144,184,
レイ,Collab & Event｜コラボ・イベント,PUMA,4.0 WAVEMULE,0.67,0.659,0.0,145,184,
レイ,Collab & Event｜コラボ・イベント,光東 とうもろこしのひげ茶,1.0,0.756,0.588,0.0,133,185,
レイ,Collab & Event｜コラボ・イベント,光東 とうもろこしのひげ茶,2.0,0.601,0.566,0.0,134,184,
レイ,Collab & Event｜コラボ・イベント,光東 とうもろこしのひげ茶,3.0,0.507,0.418,0.0,133,156,
レイ,Collab & Event｜コラボ・イベント,Papa John's,1.0,0.723,0.717,0.0,135,184,
レイ,Collab & Event｜コラボ・イベント,Papa John's,2.0,0.767,0.691,0.0,127,184,
レイ,Collab & Event｜コラボ・イベント,Papa John's,3.0,0.573,0.564,0.0,133,184,
レイ,Collab & Event｜コラボ・イベント,Papa John's,4.0 クリア,0.739,0.71,0.0,134,166,
レイ,Collab & Event｜コラボ・イベント,Papa John's,5.0,0.61,0.562,0.0,126,185,
レイ,Collab & Event｜コラボ・イベント,Papa John's,6.0 レンチキュラー,0.568,0.559,0.0,131,184,
レイ,Collab & Event｜コラボ・イベント,AMUSE スティックウエハース,Normal A,0.603,0.549,0.0,144,153,
レイ,Collab & Event｜コラボ・イベント,AMUSE スティックウエハース,Normal B,0.812,0.524,0.0,148,184,
レイ,Collab & Event｜コラボ・イベント,AMUSE スティックウエハース,Normal C,0.899,0.588,0.41,146,184,
レイ,Collab & Event｜コラボ・イベント,AMUSE スティックウエハース,Rare solo,0.882,0.421,0.0,150,185,
レイ,Collab & Event｜コラボ・イベント,AMUSE ウエハース2,N-03,0.768,0.535,0.0,167,184,
レイ,Collab & Event｜コラボ・イベント,AMUSE ウエハース2,N-09,0.817,0.486,0.0,166,185,
レイ,Collab & Event｜コラボ・イベント,AMUSE ウエハース2,N-15,0.843,0.394,0.0,166,185,
レイ,Collab & Event｜コラボ・イベント,AMUSE ウエハース2,R-21,0.832,0.469,0.0,166,185,
レイ,4th FAN CONCERT 'DIVE into IVE',Random Photocard Pack,1,0.947,0.623,0.689,146,185,差し替え
レイ,4th FAN CONCERT 'DIVE into IVE',Random Photocard Pack,2,0.828,0.546,0.0,147,185,
レイ,4th FAN CONCERT 'DIVE into IVE',Random Photocard Pack,3,0.824,0.699,0.0,144,184,
レイ,4th FAN CONCERT 'DIVE into IVE',Random Photocard Pack,4,0.858,0.72,0.0,144,175,
レイ,4th FAN CONCERT 'DIVE into IVE',Random Photocard Pack,5,0.878,0.661,0.46,144,184,
レイ,4th FAN CONCERT 'DIVE into IVE',Random Photocard Pack,6,0.823,0.585,0.0,146,185,
レイ,4th FAN CONCERT 'DIVE into IVE',MD,Photo Kit,0.544,0.509,0.0,144,184,
レイ,4th FAN CONCERT 'DIVE into IVE',MD,Acrylic Stand Set,0.829,0.618,0.0,145,185,
レイ,4th FAN CONCERT 'DIVE into IVE',MD,Collect Book,0.787,0.627,0.0,145,184,
レイ,4th FAN CONCERT 'DIVE into IVE',MD,Locket Pendant Necklace,0.806,0.777,0.0,144,184,
レイ,4th FAN CONCERT 'DIVE into IVE',MD,T-shirt,0.683,0.544,0.0,144,184,
レイ,4th FAN CONCERT 'DIVE into IVE',MD,Designed by the members,0.713,0.654,0.0,142,184,
レイ,4th FAN CONCERT 'DIVE into IVE',MD,70K Benefit,0.928,0.762,0.397,145,185,
レイ,Pepsi × IVE 'BLUE & BLACK',IVE × PEPSI 2023,1.0 A,0.431,0.428,0.0,104,184,
レイ,Pepsi × IVE 'BLUE & BLACK',IVE × PEPSI 2023,1.0 B,0.476,0.444,0.0,105,167,
レイ,Pepsi × IVE 'BLUE & BLACK',IVE × PEPSI 2023,2.0 クリア,0.303,0.264,0.0,105,185,
レイ,Pepsi × IVE 'BLUE & BLACK',IVE × PEPSI 2023,3.0,0.74,0.738,0.0,96,182,
レイ,Pepsi × IVE 'BLUE & BLACK',IVE × PEPSI 2023,4.0,0.607,0.604,0.0,103,184,
レイ,Pepsi × IVE 'BLUE & BLACK',IVE × PEPSI 2024,5.0 A,0.593,0.545,0.0,105,184,
レイ,Pepsi × IVE 'BLUE & BLACK',IVE × PEPSI 2024,5.0 B,0.507,0.505,0.0,107,185,
レイ,Pepsi × IVE 'BLUE & BLACK',IVE × PEPSI 2024,6.0 A,0.467,0.41,0.0,105,184,
レイ,Pepsi × IVE 'BLUE & BLACK',IVE × PEPSI 2024,6.0 B,0.623,0.552,0.0,107,159,
レイ,Pepsi × IVE 'BLUE & BLACK',IVE × PEPSI 2024,6.0 C,0.43,0.42,0.0,104,185,
レイ,Pepsi × IVE 'BLUE & BLACK',IVE × PEPSI 2024,7.0 A,0.433,0.412,0.0,105,149,
レイ,Pepsi × IVE 'BLUE & BLACK',IVE × PEPSI 2024,7.0 B,0.435,0.406,0.0,106,185,
レイ,3rd FAN CONCERT 'IVE SCOUT',Random Photocard Pack,1,0.908,0.73,0.192,135,184,
レイ,3rd FAN CONCERT 'IVE SCOUT',Random Photocard Pack,2,0.911,0.654,0.198,136,184,
レイ,3rd FAN CONCERT 'IVE SCOUT',Random Photocard Pack,3,0.783,0.608,0.0,138,163,
レイ,3rd FAN CONCERT 'IVE SCOUT',Random Photocard Pack,4,0.911,0.658,0.334,138,185,
レイ,3rd FAN CONCERT 'IVE SCOUT',DIVE ZONE FC ブース特典,Day 1 IVE SCOUT ver.,0.806,0.573,0.0,331,184,
レイ,2025 SEASON'S GREETINGS [Colorful Days with IVE],本体封入,フォトカードセット,0.889,0.587,0.0,169,184,
レイ,2025 SEASON'S GREETINGS [Colorful Days with IVE],Starship Square,,0.534,0.5,0.0,169,185,
レイ,2025 SEASON'S GREETINGS [Colorful Days with IVE],Soundwave,,0.772,0.677,0.0,169,184,
レイ,2025 SEASON'S GREETINGS [Colorful Days with IVE],Ktown4U,,0.749,0.51,0.0,169,184,
レイ,2026 SEASON'S GREETINGS [ATELIER IVE],本体封入,フォトカードセット,0.894,0.785,0.0,197,185,
レイ,2026 SEASON'S GREETINGS [ATELIER IVE],Starship Square,,0.841,0.537,0.0,196,184,
レイ,2026 SEASON'S GREETINGS [ATELIER IVE],withmuu,,0.751,0.66,0.0,197,176,
レイ,2026 SEASON'S GREETINGS [ATELIER IVE],MINIVE シーグリ Starship Square,,0.891,0.855,0.0,200,184,
レイ,2nd WORLD TOUR 'SHOW WHAT I AM',DIVE JAPAN オンラインくじ C賞（京セラドーム）,①,0.84,0.435,0.0,158,185,
レイ,2nd WORLD TOUR 'SHOW WHAT I AM',DIVE JAPAN オンラインくじ C賞（京セラドーム）,②,0.776,0.394,0.0,157,185,
レイ,2nd WORLD TOUR 'SHOW WHAT I AM',DIVE JAPAN オンラインくじ C賞（京セラドーム）,③,0.92,0.718,0.0,158,184,
レイ,1st WORLD TOUR 'SHOW WHAT I HAVE',DVD・Blu-ray・Kit,DVD,0.642,0.579,0.0,119,156,
レイ,1st WORLD TOUR 'SHOW WHAT I HAVE',DVD・Blu-ray・Kit,Blu-ray,0.628,0.612,0.0,121,184,
レイ,1st WORLD TOUR 'SHOW WHAT I HAVE',DVD・Blu-ray・Kit,Kit,0.895,0.738,-0.039,121,185,
レイ,1st WORLD TOUR 'SHOW WHAT I HAVE',DVD・Blu-ray・Kit,Starship Square 特典,0.815,0.671,0.0,120,176,
レイ,1st WORLD TOUR 'SHOW WHAT I HAVE',DVD・Blu-ray・Kit,Apple Music 特典,0.709,0.682,0.0,122,156,
レイ,1st WORLD TOUR 'SHOW WHAT I HAVE',DVD・Blu-ray・Kit,Ktown4U 特典,0.837,0.679,0.0,120,176,
レイ,1st WORLD TOUR 'SHOW WHAT I HAVE',in CINEMA,Acryl Photocard Stand,0.937,0.768,0.125,98,184,
レイ,1st WORLD TOUR 'SHOW WHAT I HAVE',in CINEMA,Photocard Pouch,0.7,0.675,0.0,98,156,
レイ,1st WORLD TOUR 'SHOW WHAT I HAVE',in CINEMA,Photo Set,0.946,0.707,0.211,98,183,
レイ,1st WORLD TOUR 'SHOW WHAT I HAVE',in CINEMA,Quick Snap,0.938,0.723,0.289,98,184,
レイ,1st WORLD TOUR 'SHOW WHAT I HAVE',in CINEMA,Tumbler,0.854,0.737,-0.392,98,184,
レイ,1st WORLD TOUR 'SHOW WHAT I HAVE',in CINEMA,Light Stick Bag,0.707,0.685,0.0,98,185,
レイ,1st WORLD TOUR 'SHOW WHAT I HAVE',in CINEMA,70K Benefit（self photocard）,0.846,0.766,0.0,98,184,
レイ,1st WORLD TOUR 'SHOW WHAT I HAVE',in CINEMA,70K Benefit（NFT photocard）,0.736,0.463,0.0,98,185,
レイ,1st WORLD TOUR 'SHOW WHAT I HAVE',in CINEMA,2nd Week 入場特典,0.586,0.525,0.0,98,185,
レイ,REVIVE+,本体封入,BANGERS,0.894,0.68,0.251,120,184,
レイ,REVIVE+,本体封入,CHALLENGERS,0.668,0.578,0.0,121,156,
レイ,REVIVE+,本体封入,SPOILERS,0.893,0.697,0.328,121,182,
レイ,REVIVE+,本体封入,LOVED IVE,0.812,0.746,0.0,121,183,
レイ,REVIVE+,本体封入,Digipack,0.746,0.588,0.0,121,184,
レイ,REVIVE+,本体封入,PETIT-IVE,0.733,0.541,0.0,120,184,
レイ,REVIVE+,MD,,0.723,0.406,0.0,120,184,
レイ,REVIVE+,Starship Square,3TYPE,0.885,0.593,0.376,121,185,
レイ,REVIVE+,Starship Square,LOVED IVE,0.969,0.615,0.383,120,184,
レイ,REVIVE+,Starship Square,Digipack,0.95,0.654,-0.025,120,185,
レイ,REVIVE+,京东,1.0,0.93,0.694,0.284,122,183,
レイ,REVIVE+,withmuu,1.0,0.905,0.777,0.623,119,185,差し替え
レイ,REVIVE+,Apple Music,1.0,0.919,0.579,0.411,121,185,
レイ,REVIVE+,Music Korea,1.0,0.753,0.573,0.0,121,185,
レイ,REVIVE+,Kakao Talk,,0.822,0.814,0.0,122,185,
レイ,REVIVE+,US Exclusive,,0.956,0.559,0.614,120,184,差し替え
レイ,REVIVE+,Target,,0.951,0.683,0.77,120,185,差し替え
レイ,REVIVE+,B&N,,0.961,0.777,0.544,120,185,
レイ,REVIVE+,Ktown4U,1.0,0.701,0.671,0.0,120,184,
レイ,REVIVE+,Tower Records,A,0.926,0.57,0.503,122,184,
レイ,REVIVE+,Tower Records,Shibuya,0.699,0.583,0.0,120,183,
レイ,REVIVE+,Sony Music,B,0.663,0.474,0.0,120,185,
レイ,REVIVE+,A!SMART,C,0.884,0.627,0.711,122,184,差し替え
レイ,REVIVE+,Soundwave,1.0,0.768,0.574,0.0,121,184,
レイ,REVIVE+,Makestar,1.0,0.82,0.655,0.0,120,184,
レイ,REVIVE+,MusicArt,1.0,0.6,0.588,0.0,120,185,
レイ,REVIVE+,ARTBOX,,0.855,0.481,0.368,120,183,
レイ,REVIVE+,Broadcast,BANG BANG,0.683,0.459,0.0,120,184,
レイ,REVIVE+,withmuu,2.0 Killing Voice,0.814,0.66,0.0,120,184,
レイ,REVIVE+,withmuu ラキドロ,3.0,0.796,0.617,0.0,120,184,
レイ,REVIVE+,withmuu ラキドロ,3.0 POLA,0.637,0.511,0.0,114,184,
レイ,REVIVE+,OLIVE YOUNG ラキドロ,,0.915,0.674,0.189,121,184,
レイ,REVIVE+,Music Korea,2.0,0.756,0.6,0.0,121,184,
レイ,REVIVE+,HOTTRACKS,,0.474,0.435,0.0,120,184,
レイ,REVIVE+,Showcase,,0.835,0.518,0.0,120,185,
レイ,REVIVE+,Makestar,2.0,0.543,0.522,0.0,122,184,
レイ,REVIVE+,Apple Music,2.0,0.984,0.637,0.798,122,185,差し替え
レイ,REVIVE+,Broadcast,BLACK HOLE,0.944,0.499,0.857,119,185,差し替え
レイ,REVIVE+,withmuu,4.0,0.897,0.673,0.744,120,184,差し替え
レイ,REVIVE+,NY Music,1.0,0.808,0.615,0.0,122,185,
レイ,REVIVE+,QQ音乐 ラキドロ,,0.964,0.624,0.814,120,185,差し替え
レイ,REVIVE+,Beatroad,1.0,0.862,0.671,0.406,120,184,
レイ,REVIVE+,Apple Music,3.0,0.57,0.344,0.0,120,185,
レイ,REVIVE+,withmuu ラキドロ,5.0-1,0.907,0.71,0.155,121,184,
レイ,REVIVE+,withmuu ラキドロ,5.0-2,0.837,0.683,0.0,121,184,
レイ,REVIVE+,Soundwave ラキドロ,2.0,0.725,0.553,0.0,110,183,
レイ,REVIVE+,Soundwave ラキドロ,2.0 POLA,0.659,0.615,0.0,101,156,
レイ,REVIVE+,MusicArt ラキドロ,2.0,0.862,0.333,0.736,120,184,差し替え
レイ,REVIVE+,MusicArt ラキドロ,2.0 POLA,0.937,0.513,-0.611,104,156,
レイ,REVIVE+,オフラインイベント,4.11 TOKYO,0.924,0.555,0.4,120,184,
レイ,REVIVE+,オフラインイベント,4.12 OSAKA,0.548,0.46,0.0,121,185,
レイ,REVIVE+,KMStation,1.0,0.832,0.47,0.0,120,185,
レイ,REVIVE+,SWIA OSAKA exclusive,4.18,0.95,0.721,0.627,120,184,差し替え
レイ,REVIVE+,SWIA OSAKA exclusive,4.19,0.575,0.451,0.0,120,183,
レイ,REVIVE+,オフラインイベント,4.29 TOKYO,0.814,0.673,0.0,120,184,
レイ,REVIVE+,withmuu ラキドロ,6.0,0.686,0.505,0.0,119,184,
レイ,REVIVE+,withmuu ラキドロ,6.0 POLA,0.515,0.478,0.0,106,185,
レイ,REVIVE+,withmuu,7.0,0.762,0.712,0.0,118,184,
レイ,REVIVE+,KMStation,2.0,0.97,0.726,0.6,120,175,差し替え
レイ,REVIVE+,Makestar,3.0,0.894,0.772,0.249,120,185,
レイ,REVIVE+,Ktown4U,2.0,0.886,0.644,-0.067,120,184,
レイ,REVIVE+,京东,2.0,0.915,0.545,0.66,118,184,差し替え
レイ,REVIVE+,Music Korea,3.0,0.819,0.632,0.0,120,184,
レイ,REVIVE+,Ktown4U,3.0,0.868,0.703,0.299,121,184,
レイ,REVIVE+,withmuu,8.0,0.84,0.765,0.0,121,166,
レイ,REVIVE+,withmuu ラキドロ,9.0,0.833,0.65,0.0,120,184,
レイ,REVIVE+,withmuu ラキドロ,9.0 POLA,0.689,0.686,0.0,111,184,
レイ,REVIVE+,withmuu,10.0,0.91,0.507,0.184,118,184,
レイ,REVIVE+,Ktown4U ラキドロ,4.0,0.737,0.728,0.0,118,184,
レイ,REVIVE+,Ktown4U ラキドロ,4.0 POLA,0.871,0.733,0.569,119,184,差し替え
レイ,REVIVE+,Soundwave ラキドロ,3.0,0.82,0.69,0.0,120,184,
レイ,REVIVE+,Soundwave ラキドロ,3.0 POLA,0.727,0.689,0.0,108,174,
レイ,REVIVE+,Yetimall,1.0,0.926,0.594,0.805,118,159,差し替え
レイ,REVIVE+,Yetimall,2.0,0.743,0.697,0.0,120,184,
レイ,REVIVE+,Makestar ラキドロ,4.0,0.941,0.756,0.708,120,184,差し替え
レイ,REVIVE+,Makestar ラキドロ,4.0 POLA,0.881,0.53,0.276,111,173,
レイ,REVIVE+,KMONSTAR,1.0,0.875,0.723,0.421,120,184,
レイ,REVIVE+,NY Music ラキドロ,2.0,0.975,0.613,0.565,119,184,差し替え
レイ,REVIVE+,NY Music ラキドロ,2.0 POLA,0.735,0.471,0.0,103,134,
レイ,IVE SECRET,本体封入,Shh!,0.91,0.647,0.0,378,185,
レイ,IVE SECRET,本体封入,Gasp!,0.871,0.695,0.0,378,185,
レイ,IVE SECRET,本体封入,Psst!,0.846,0.63,0.0,375,184,
レイ,IVE SECRET,本体封入,LOVED IVE,0.854,0.745,0.0,377,184,
レイ,IVE SECRET,本体封入,Instant Photo Shh!,0.574,0.507,0.0,90,184,
レイ,IVE SECRET,本体封入,Instant Photo Gasp!,0.46,0.449,0.0,91,185,
レイ,IVE SECRET,本体封入,Instant Photo Psst!,0.571,0.54,0.0,93,184,
レイ,IVE SECRET,本体封入,Digipack,0.878,0.534,0.0,378,184,
レイ,IVE SECRET,本体封入,Evil Cupid,0.862,0.571,0.0,375,184,
レイ,IVE SECRET,Starship Square,3TYPE 1,0.709,0.704,0.0,378,185,
レイ,IVE SECRET,Starship Square,3TYPE 2,0.862,0.602,0.0,378,184,
レイ,IVE SECRET,Starship Square,4TYPE,0.748,0.661,0.0,377,184,
レイ,IVE SECRET,Starship Square,3+6 (A),0.769,0.724,0.0,377,184,
レイ,IVE SECRET,Starship Square,3+6 (B),0.899,0.722,0.0,375,184,
レイ,IVE SECRET,Starship Square,LOVED IVE,0.755,0.608,0.0,375,185,
レイ,IVE SECRET,Starship Square,Digipack,0.836,0.712,0.0,378,185,
レイ,IVE SECRET,Soundwave,1.0,0.833,0.453,0.0,378,185,
レイ,IVE SECRET,withmuu,1.0,0.902,0.784,0.0,378,184,
レイ,IVE SECRET,Apple Music,1.0,0.844,0.598,0.0,378,184,
レイ,IVE SECRET,Makestar,1.0,0.979,0.48,0.0,378,184,
レイ,IVE SECRET,京东,,0.632,0.567,0.0,77,184,
レイ,IVE SECRET,Tower Records,A,0.886,0.594,0.0,377,185,
レイ,IVE SECRET,Tower Records,Shibuya,0.94,0.8,0.0,378,185,
レイ,IVE SECRET,Sony Music,B,0.689,0.639,0.0,79,184,
レイ,IVE SECRET,A!SMART,C,0.631,0.614,0.0,77,184,
レイ,IVE SECRET,US Exclusive,,0.826,0.746,0.0,77,185,
レイ,IVE SECRET,Target,,0.857,0.599,0.354,78,185,
レイ,IVE SECRET,Barnes & Noble,,0.632,0.524,0.0,78,185,
レイ,IVE SECRET,Music Korea,,0.878,0.456,0.328,77,184,
レイ,IVE SECRET,Soundwave ラキドロ,2.0,0.718,0.702,0.0,377,185,
レイ,IVE SECRET,Soundwave ラキドロ,2.0 POLA,0.558,0.509,0.0,76,171,
レイ,IVE SECRET,withmuu ラキドロ,2.0,0.875,0.527,0.0,378,184,
レイ,IVE SECRET,withmuu ラキドロ,2.0 POLA,0.688,0.52,0.0,78,185,
レイ,IVE SECRET,OLIVE YOUNG ラキドロ,,0.787,0.696,0.0,375,184,
レイ,IVE SECRET,Beatroad ラキドロ,1.0,0.977,0.579,0.0,377,184,
レイ,IVE SECRET,Beatroad ラキドロ,1.0 POLA,0.974,0.532,0.744,77,184,差し替え
レイ,IVE SECRET,Apple Music,2.0,0.753,0.608,0.0,78,184,
レイ,IVE SECRET,Makestar,2.0,0.865,0.615,-0.067,78,184,
レイ,IVE SECRET,Ktown4U,STUDIO CHOOM,0.669,0.549,0.0,77,185,
レイ,IVE SECRET,Broadcast,,0.929,0.525,0.0,378,183,
レイ,IVE SECRET,StarRiver,,0.634,0.602,0.0,78,184,
レイ,IVE SECRET,hellolive,1.0,0.865,0.698,-0.044,78,184,
レイ,IVE SECRET,withmuu,3.0,0.629,0.592,0.0,78,184,
レイ,IVE SECRET,MusicArt,,0.606,0.522,0.0,77,185,
レイ,IVE SECRET,HOTTRACKS,,0.671,0.645,0.0,77,183,
レイ,IVE SECRET,Soundwave,3.0,0.784,0.54,0.0,79,184,
レイ,IVE SECRET,Makestar,3.0,0.889,0.756,0.034,78,184,
レイ,IVE SECRET,オフラインイベント,9.23 TOKYO,0.626,0.522,0.0,77,184,
レイ,IVE SECRET,オフラインイベント,9.24 OSAKA,0.912,0.731,0.111,77,184,
レイ,IVE SECRET,オフラインイベント,10.12 TOKYO,0.713,0.467,0.0,77,184,
レイ,IVE SECRET,オフラインイベント,10.13 OSAKA,0.77,0.491,0.0,76,184,
レイ,IVE SECRET,Apple Music,3.0,0.664,0.502,0.0,78,157,
レイ,IVE SECRET,Soundwave,4.0,0.865,0.613,0.157,78,184,
レイ,IVE SECRET,withmuu ラキドロ,4.0,0.834,0.788,0.0,77,185,
レイ,IVE SECRET,withmuu ラキドロ,4.0 POLA,0.613,0.547,0.0,66,142,
レイ,IVE SECRET,withmuu,5.0,0.796,0.615,0.0,78,184,
レイ,IVE SECRET,Beatroad,2.0,0.91,0.557,0.795,78,184,差し替え
レイ,IVE SECRET,withmuu ラキドロ,6.0 Special HI-BYE-1,0.853,0.74,-0.148,78,184,
レイ,IVE SECRET,withmuu ラキドロ,6.0 Special HI-BYE-2,0.862,0.741,0.073,77,184,
レイ,IVE SECRET,Makestar ラキドロ,4.0,0.905,0.697,0.57,77,184,差し替え
レイ,IVE SECRET,Soundwave,5.0,0.724,0.588,0.0,77,184,
レイ,IVE SECRET,オフラインイベント,11.23 TOKYO,0.616,0.611,0.0,76,185,
レイ,IVE SECRET,オフラインイベント,11.24 OSAKA,0.794,0.45,0.0,77,184,
レイ,IVE SECRET,Apple Music,4.0,0.785,0.587,0.0,77,184,
レイ,IVE SECRET,KMONSTAR,1.0,0.848,0.76,0.0,77,185,
レイ,IVE SECRET,withmuu,7.0,0.798,0.609,0.0,78,184,
レイ,IVE SECRET,hellolive,2.0,0.752,0.584,0.0,78,185,
レイ,IVE SECRET,NY Music,,0.635,0.633,0.0,76,184,
レイ,IVE SECRET,KMONSTAR,2.0,0.71,0.69,0.0,77,184,
レイ,IVE SECRET,withmuu ラキドロ,8.0-1,0.79,0.75,0.0,77,162,
レイ,IVE SECRET,withmuu ラキドロ,8.0-2,0.573,0.555,0.0,77,184,
レイ,IVE SECRET,withmuu ラキドロ,8.0 POLA,0.765,0.683,0.0,73,159,
レイ,IVE SECRET,IDOLSHOP,,0.714,0.599,0.0,77,185,
レイ,IVE SECRET,Yetimall ラキドロ,-1,0.594,0.552,0.0,78,184,
レイ,IVE SECRET,Yetimall ラキドロ,-2,0.763,0.51,0.0,78,184,
レイ,IVE SECRET,Yetimall ラキドロ,POLA,0.682,0.674,0.0,75,183,
レイ,IVE SECRET,Makestar,5.0,0.788,0.685,0.0,77,185,
レイ,IVE SECRET,Apple Music ラキドロ,5.0-1,0.923,0.596,0.79,78,185,差し替え
レイ,IVE SECRET,Apple Music ラキドロ,5.0-2,0.887,0.574,0.249,78,185,
レイ,IVE SECRET,Apple Music ラキドロ,5.0 POLA,0.598,0.595,0.0,76,184,
レイ,IVE SECRET,withmuu ラキドロ,9.0-1,0.619,0.513,0.0,67,156,
レイ,IVE SECRET,withmuu ラキドロ,9.0-2,0.687,0.591,0.0,66,176,
レイ,IVE SECRET,Soundwave ラキドロ,6.0,0.542,0.538,0.0,68,184,
レイ,2022 SEASON'S GREETINGS [A RAY OF SUNSHINE],本体封入,,0.777,0.512,0.0,348,184,
レイ,2022 SEASON'S GREETINGS [A RAY OF SUNSHINE],Starship Square,,0.789,0.704,0.0,348,184,
レイ,2022 SEASON'S GREETINGS [A RAY OF SUNSHINE],Synnara,,0.675,0.672,0.0,348,184,
レイ,2022 SEASON'S GREETINGS [A RAY OF SUNSHINE],Soundwave,,0.904,0.772,0.0,347,184,
レイ,2022 SEASON'S GREETINGS [A RAY OF SUNSHINE],Sound Contents,,0.812,0.603,0.0,347,184,
レイ,"2023 SEASON'S GREETINGS [Ready, Get Set, IVE!]",本体封入,,0.877,0.662,0.0,348,184,
レイ,"2023 SEASON'S GREETINGS [Ready, Get Set, IVE!]",Soundwave,,0.837,0.651,0.0,348,185,
レイ,"2023 SEASON'S GREETINGS [Ready, Get Set, IVE!]",Starship Square,,0.684,0.682,0.0,348,184,
レイ,"2023 SEASON'S GREETINGS [Ready, Get Set, IVE!]",Ktown4U,,0.812,0.806,0.0,348,184,
レイ,"2023 SEASON'S GREETINGS [Ready, Get Set, IVE!]",Synnara,,0.903,0.689,0.0,348,185,
レイ,2024 SEASON'S GREETINGS [A Fairy's Wish],本体封入,フォトカードセット,0.847,0.689,0.0,348,185,
レイ,2024 SEASON'S GREETINGS [A Fairy's Wish],Soundwave,,0.712,0.683,0.0,314,165,
レイ,2024 SEASON'S GREETINGS [A Fairy's Wish],Starship Square,,0.59,0.494,0.0,314,184,
レイ,2024 SEASON'S GREETINGS [A Fairy's Wish],Ktown4U,,0.661,0.649,0.0,347,184,
レイ,2024 SEASON'S GREETINGS [A Fairy's Wish],Apple Music,,0.765,0.533,0.0,314,184,
レイ,IVE SWITCH,本体封入,ON,0.908,0.636,0.0,329,184,
レイ,IVE SWITCH,本体封入,OFF,0.739,0.642,0.0,329,184,
レイ,IVE SWITCH,本体封入,SPIN-OFF,0.579,0.482,0.0,329,163,
レイ,IVE SWITCH,本体封入,LOVED IVE,0.954,0.717,0.0,325,184,
レイ,IVE SWITCH,本体封入,Digipack,0.836,0.499,0.0,329,185,
レイ,IVE SWITCH,本体封入,PLVE,0.839,0.676,0.0,329,184,
レイ,IVE SWITCH,本体封入,Lenticular,0.79,0.494,0.0,329,185,
レイ,IVE SWITCH,Starship Square,1,0.529,0.523,0.0,329,185,
レイ,IVE SWITCH,Starship Square,2,0.851,0.462,0.0,329,184,
レイ,IVE SWITCH,Starship Square,LOVED IVE,0.833,0.475,0.0,329,184,
レイ,IVE SWITCH,Starship Square,Digipack,0.977,0.696,0.0,329,184,
レイ,IVE SWITCH,Starship Square,Set 1,0.629,0.617,0.0,329,185,
レイ,IVE SWITCH,Starship Square,Set 2,0.84,0.637,0.0,329,161,
レイ,IVE SWITCH,Starship Square,Set 3,0.939,0.719,0.0,329,185,
レイ,IVE SWITCH,A!SMART,,0.753,0.724,0.0,329,185,
レイ,IVE SWITCH,Apple Music,,0.935,0.71,0.0,329,184,
レイ,IVE SWITCH,KakaoTalk,,0.574,0.572,0.0,225,175,
レイ,IVE SWITCH,Makestar,,0.769,0.601,0.0,329,185,
レイ,IVE SWITCH,Music Korea,,0.885,0.6,0.0,329,185,
レイ,IVE SWITCH,mymusictaste,,0.577,0.531,0.0,329,185,
レイ,IVE SWITCH,Sony Music,,0.895,0.633,0.0,333,185,
レイ,IVE SWITCH,Soundwave,,0.868,0.577,0.0,329,184,
レイ,IVE SWITCH,StarRiver,,0.708,0.689,0.0,329,185,
レイ,IVE SWITCH,Tower Records,,0.858,0.767,0.0,329,185,
レイ,IVE SWITCH,withmuu,,0.653,0.634,0.0,329,184,
レイ,IVE SWITCH,Soundwave ラキドロ,1.0-1,0.826,0.598,0.0,329,184,
レイ,IVE SWITCH,Soundwave ラキドロ,1.0-2,0.904,0.667,0.0,329,185,
レイ,IVE SWITCH,Soundwave ラキドロ,2.0-1,0.962,0.68,0.0,329,185,
レイ,IVE SWITCH,Soundwave ラキドロ,2.0-2,0.964,0.743,0.0,329,184,
レイ,IVE SWITCH,Soundwave ラキドロ,4.0-1,0.971,0.792,0.0,329,184,
レイ,IVE SWITCH,Soundwave ラキドロ,4.0-2,0.969,0.657,0.0,329,184,
レイ,IVE SWITCH,Soundwave ラキドロ,5.0-1,0.845,0.594,0.0,329,184,
レイ,IVE SWITCH,Soundwave ラキドロ,5.0-2,0.866,0.675,0.0,329,185,
レイ,IVE SWITCH,Music Korea ラキドロ,1,0.875,0.603,0.0,329,185,
レイ,IVE SWITCH,Music Korea ラキドロ,2,0.947,0.658,0.0,329,184,
レイ,IVE SWITCH,Makestar ラキドロ,1,0.957,0.62,0.0,333,184,
レイ,IVE SWITCH,Makestar ラキドロ,2,0.79,0.516,0.0,329,184,
レイ,IVE SWITCH,withmuu ラキドロ,1.0-1,0.793,0.717,0.0,329,186,
レイ,IVE SWITCH,withmuu ラキドロ,1.0-2,0.76,0.721,0.0,329,185,
レイ,IVE SWITCH,withmuu ラキドロ,2.0-1,0.821,0.692,0.0,329,185,
レイ,IVE SWITCH,withmuu ラキドロ,2.0-2,0.934,0.554,0.0,329,184,
レイ,IVE SWITCH,withmuu ラキドロ,3.0-1,0.96,0.762,0.0,329,184,
レイ,IVE SWITCH,withmuu ラキドロ,3.0-2,0.827,0.799,0.0,329,186,
レイ,IVE SWITCH,Apple Music ファンサイン,1.0,0.772,0.656,0.0,329,184,
レイ,IVE SWITCH,Apple Music ファンサイン,2.0,0.728,0.723,0.0,329,185,
レイ,IVE SWITCH,Apple Music ファンサイン,3.0,0.737,0.604,0.0,329,185,
レイ,IVE SWITCH,Soundwave ファンサイン,1.0,0.862,0.7,0.0,329,184,
レイ,IVE SWITCH,Soundwave ファンサイン,2.0,0.763,0.643,0.0,329,184,
レイ,IVE SWITCH,Soundwave ファンサイン,Hong Kong,0.814,0.619,0.0,329,185,
レイ,IVE SWITCH,Soundwave ファンサイン,Manila,0.883,0.647,0.0,329,175,
レイ,IVE SWITCH,Soundwave ファンサイン,Jakarta,0.775,0.702,0.0,329,184,
レイ,IVE SWITCH,mymusictaste ファンサイン,,0.932,0.734,0.0,329,184,
レイ,IVE SWITCH,Tower Records ファンサイン,,0.774,0.763,0.0,329,185,
レイ,IVE SWITCH,Makestar ファンサイン,1.0,0.638,0.625,0.0,329,185,
レイ,IVE SWITCH,Makestar ファンサイン,2.0,0.825,0.652,0.0,329,184,
レイ,IVE SWITCH,withmuu ファンサイン,1.0,0.911,0.617,0.0,329,184,
レイ,IVE SWITCH,withmuu ファンサイン,2.0,0.937,0.712,0.0,329,184,
レイ,IVE SWITCH,Yizhiyu ファンサイン,1.0,0.794,0.737,0.0,329,185,
レイ,IVE SWITCH,Yizhiyu ファンサイン,2.0,0.931,0.709,0.0,329,185,
レイ,IVE SWITCH,Yizhiyu ファンサイン,3.0,0.7,0.646,0.0,329,184,
レイ,IVE SWITCH,Yizhiyu ファンサイン,4.0,0.932,0.611,0.0,329,184,
レイ,IVE SWITCH,StarRiver ファンサイン,1.0,0.589,0.584,0.0,329,185,
レイ,IVE SWITCH,StarRiver ファンサイン,2.0,0.684,0.655,0.0,329,176,
レイ,IVE SWITCH,Japan ファンサイン,Tokyo,0.786,0.66,0.0,329,184,
レイ,IVE SWITCH,Japan ファンサイン,Osaka,0.942,0.705,0.0,329,185,
レイ,IVE SWITCH,LINE FRIENDS トレカ,1,0.687,0.596,0.0,333,176,
レイ,IVE SWITCH,LINE FRIENDS トレカ,2,0.602,0.545,0.0,329,166,
レイ,IVE SWITCH,LINE FRIENDS 特典,1,0.879,0.668,0.0,329,185,
レイ,IVE SWITCH,LINE FRIENDS 特典,2,0.849,0.738,0.0,332,184,
レイ,IVE SWITCH,OSAKA イベント,,0.882,0.735,0.0,329,184,
レイ,IVE SWITCH,Broadcast,1週目,0.74,0.705,0.0,329,185,
レイ,IVE SWITCH,Broadcast,2週目,0.805,0.595,0.0,329,185,
レイ,1st WORLD TOUR 'SHOW WHAT I HAVE',MD,Photo Kit,0.938,0.706,0.0,348,185,
レイ,1st WORLD TOUR 'SHOW WHAT I HAVE',MD,Photocard Binder,0.956,0.677,0.0,348,184,
レイ,1st WORLD TOUR 'SHOW WHAT I HAVE',MD,Photocard Holder,0.68,0.574,0.0,212,171,
レイ,1st WORLD TOUR 'SHOW WHAT I HAVE',MD,Cross Bag,0.921,0.571,0.0,213,184,
レイ,1st WORLD TOUR 'SHOW WHAT I HAVE',MD,Necklace,0.692,0.596,0.0,213,185,
レイ,1st WORLD TOUR 'SHOW WHAT I HAVE',Random Photocard,1,0.879,0.541,0.0,213,184,
レイ,1st WORLD TOUR 'SHOW WHAT I HAVE',Random Photocard,2,0.701,0.575,0.0,212,185,
レイ,1st WORLD TOUR 'SHOW WHAT I HAVE',Random Photocard,3,0.824,0.505,0.0,211,184,
レイ,1st WORLD TOUR 'SHOW WHAT I HAVE',Random Photocard,4,0.818,0.754,0.0,232,184,
レイ,1st WORLD TOUR 'SHOW WHAT I HAVE',Japan Random Photocard,1,0.577,0.493,0.0,250,184,
レイ,1st WORLD TOUR 'SHOW WHAT I HAVE',Japan Random Photocard,2,0.911,0.731,0.0,218,176,
レイ,1st WORLD TOUR 'SHOW WHAT I HAVE',2nd DIVE FC Class DIVE,1,0.905,0.503,0.0,244,184,
レイ,1st WORLD TOUR 'SHOW WHAT I HAVE',2nd DIVE FC Class DIVE,2,0.901,0.514,0.0,212,185,
レイ,1st WORLD TOUR 'SHOW WHAT I HAVE',SuperStar STARSHIP,1,0.95,0.46,0.0,213,184,
レイ,1st WORLD TOUR 'SHOW WHAT I HAVE',SuperStar STARSHIP,2,0.657,0.607,0.0,213,184,
レイ,1st WORLD TOUR 'SHOW WHAT I HAVE',SuperStar STARSHIP,3,0.831,0.39,0.0,213,185,
レイ,1st WORLD TOUR 'SHOW WHAT I HAVE',SuperStar STARSHIP,4,0.793,0.397,0.0,212,184,
レイ,WAVE,本体封入,初回AB盤 photocard I,0.916,0.75,0.0,415,186,
レイ,WAVE,本体封入,初回C盤 photocard II,0.938,0.57,0.0,415,187,
レイ,WAVE,本体封入,通常盤 photocard III,0.593,0.584,0.0,165,185,
レイ,WAVE,本体封入,DIVE盤 photocard IV,0.744,0.575,0.0,417,186,
レイ,WAVE,Sony Music ラキドロ,,0.921,0.649,0.0,416,185,
レイ,WAVE,全国CDショップ ラキドロ,,0.912,0.645,0.0,417,186,
レイ,WAVE,タワレコ,抽選会特典,0.903,0.627,0.0,417,185,
レイ,WAVE,Soundwave,ランダム,0.814,0.599,0.0,418,186,
レイ,WAVE,ハイタッチ会,A,0.561,0.552,0.0,245,185,
レイ,WAVE,ハイタッチ会,B,0.727,0.53,0.0,245,184,
レイ,WAVE,タワレコ,ランダム,0.881,0.63,0.0,415,184,
レイ,WAVE,HMV,ランダム,0.875,0.434,0.0,415,187,
レイ,After LIKE,本体封入,ver.1,0.815,0.608,0.0,330,184,
レイ,After LIKE,本体封入,ver.2,0.902,0.487,0.0,374,184,
レイ,After LIKE,本体封入,ver.3,0.775,0.669,0.0,376,183,
レイ,After LIKE,Fansign,ATL ver.,0.831,0.554,0.0,330,185,
レイ,After LIKE,Daum Cafe,,0.861,0.65,0.0,330,184,
レイ,After LIKE,Broadcast,After ver.,0.875,0.737,0.0,215,175,
レイ,After LIKE,Broadcast,Like ver.,0.689,0.681,0.0,215,184,
レイ,After LIKE,Jewel ver. POB,6set,0.764,0.605,0.0,367,184,
レイ,After LIKE,Jewel ver. POB,6+3set,0.736,0.639,0.0,221,184,
レイ,After LIKE,Starship Square,CHU~♥ 1,0.824,0.607,0.0,363,184,
レイ,After LIKE,Starship Square,CHU~♥ 2,0.766,0.662,0.0,367,173,
レイ,After LIKE,Ktown4U,,0.737,0.725,0.0,367,185,
レイ,After LIKE,Bandina,,0.841,0.492,0.0,365,185,
レイ,After LIKE,mymusictaste,,0.787,0.7,0.0,367,184,
レイ,After LIKE,withmuu,1.0,0.941,0.475,0.0,366,184,
レイ,After LIKE,Soundwave,1.0,0.942,0.765,0.0,367,184,
レイ,After LIKE,Naver Shopping Live,,0.625,0.622,0.0,367,184,
レイ,After LIKE,Tower Records,1,0.759,0.735,0.0,367,185,
レイ,After LIKE,Beatroad,,0.834,0.523,0.0,367,184,
レイ,After LIKE,Apple Music,,0.877,0.745,0.0,366,185,
レイ,After LIKE,Namil Music,,0.829,0.533,0.0,364,184,
レイ,After LIKE,MokketShop,,0.912,0.626,0.0,367,184,
レイ,After LIKE,TOU,1.0,0.886,0.654,0.0,367,184,
レイ,After LIKE,Music Korea,,0.857,0.707,0.0,367,185,
レイ,After LIKE,Soundwave,3.0,0.773,0.697,0.0,367,171,
レイ,After LIKE,StarRiver,,0.913,0.472,0.0,367,184,
レイ,After LIKE,withmuu,3.0,0.868,0.559,0.0,365,185,
レイ,After LIKE,Soundwave,4.0,0.715,0.545,0.0,367,184,
レイ,After LIKE,本体封入,Jewel ver.,0.676,0.639,0.0,376,184,
レイ,After LIKE,Soundwave ラキドロ,2.0-1,0.927,0.718,0.0,367,184,
レイ,After LIKE,Soundwave ラキドロ,2.0-2,0.856,0.589,0.0,366,185,
レイ,After LIKE,Soundwave ラキドロ,2.0-3,0.837,0.544,0.0,367,185,
レイ,After LIKE,withmuu ラキドロ,2.0-1,0.91,0.637,0.0,367,185,
レイ,After LIKE,withmuu ラキドロ,2.0-2,0.775,0.659,0.0,367,184,
レイ,REVIVE+,KMStation,3.0,0.564,0.554,0.0,314,185,
レイ,REVIVE+,KMStation,4.0,0.634,0.627,0.0,275,185,
レイ,LUCID DREAM,オフラインイベント,9.20 スペシャルイベント,0.567,0.558,0.0,290,184,
ウォニョン,Music Show & Broadcast｜音楽番組・公開放送,MBC 音楽中心 公開放送,,0.708,0.689,0.0,348,166,
ウォニョン,Music Show & Broadcast｜音楽番組・公開放送,SBS 歌謡大祭典 公開放送,,0.913,0.647,0.0,330,184,
ウォニョン,Collab & Event｜コラボ・イベント,UNI-KON,,0.885,0.626,0.0,330,184,
ウォニョン,Collab & Event｜コラボ・イベント,V Coloring イベント特典,,0.761,0.743,0.0,347,183,
ウォニョン,ELEVEN,本体封入,ver.1,0.896,0.578,0.0,393,184,
ウォニョン,ELEVEN,本体封入,ver.2,0.575,0.448,0.0,165,163,
ウォニョン,ELEVEN,POB,ID Card,0.374,0.359,0.0,95,184,
ウォニョン,ELEVEN,POB,Message Card,0.412,0.404,0.0,163,184,
ウォニョン,ELEVEN,Starship Square,1,0.784,0.554,0.0,391,184,
ウォニョン,ELEVEN,Starship Square,2,0.724,0.618,0.0,393,175,
ウォニョン,ELEVEN,Ktown4U,,0.647,0.63,0.0,330,165,
ウォニョン,ELEVEN,Soundwave,1.0,0.79,0.629,0.0,331,175,
ウォニョン,ELEVEN,Yizhiyu,1.0,0.459,0.434,0.0,151,175,
ウォニョン,ELEVEN,Yizhiyu,2.0,0.903,0.779,0.0,331,181,
ウォニョン,ELEVEN,Tower Records,,0.53,0.474,0.0,166,184,
ウォニョン,ELEVEN,Shopee,,0.811,0.694,0.0,330,175,
ウォニョン,ELEVEN,mymusictaste,,0.787,0.773,0.0,330,184,
ウォニョン,ELEVEN,Soundwave ラキドロ,2.0-1,0.984,0.672,0.0,393,183,
ウォニョン,ELEVEN,Soundwave ラキドロ,2.0-2,0.966,0.702,0.0,391,184,
ウォニョン,ELEVEN,Soundwave ラキドロ,2.0 POLA,0.653,0.569,0.0,389,185,
ウォニョン,ELEVEN,Withdrama ラキドロ,2.0-1,0.875,0.7,0.0,393,184,
ウォニョン,ELEVEN,Withdrama ラキドロ,2.0-2,0.767,0.665,0.0,393,177,
ウォニョン,ELEVEN,Withdrama ラキドロ,2.0 POLA,0.545,0.379,0.0,154,183,
ウォニョン,ELEVEN,EVERLINE,1.0,0.783,0.634,0.0,330,185,
ウォニョン,ELEVEN,Makestar,1.0,0.772,0.511,0.0,331,181,
ウォニョン,ELEVEN,Withdrama,3.0,0.709,0.668,0.0,331,185,
ウォニョン,ELEVEN,Wonderwall,,0.724,0.581,0.0,330,166,
ウォニョン,ELEVEN,Soundwave,3.0,0.672,0.654,0.0,331,184,
ウォニョン,ELEVEN,EVERLINE,2.0,0.818,0.745,0.0,331,163,
ウォニョン,ELEVEN,JoeunMusic,,0.851,0.73,0.0,331,184,
ウォニョン,ELEVEN,Makestar,2.0,0.959,0.78,0.0,330,184,
ウォニョン,ELEVEN,Daum Cafe,,0.889,0.719,0.0,331,185,
ウォニョン,IVE EMPATHY,本体封入,Me ver.,0.915,0.548,0.0,376,184,
ウォニョン,IVE EMPATHY,本体封入,You ver.,0.832,0.69,0.0,379,176,
ウォニョン,IVE EMPATHY,本体封入,And us ver.,0.918,0.71,0.0,377,181,
ウォニョン,IVE EMPATHY,本体封入,LOVED IVE ver.,0.978,0.733,0.0,376,184,
ウォニョン,IVE EMPATHY,本体封入,PLVE,0.761,0.572,0.0,376,165,
ウォニョン,IVE EMPATHY,本体封入,Digipack,0.824,0.637,0.0,378,181,
ウォニョン,IVE EMPATHY,MD,,0.828,0.524,0.0,377,166,
ウォニョン,IVE EMPATHY,Broadcast,1.0,0.635,0.582,0.0,376,161,
ウォニョン,IVE EMPATHY,Broadcast,2.0,0.776,0.579,0.0,376,185,
ウォニョン,IVE EMPATHY,Starship Square,3TYPE 1,0.692,0.598,0.0,376,184,
ウォニョン,IVE EMPATHY,Starship Square,3TYPE 2,0.758,0.439,0.0,86,185,
ウォニョン,IVE EMPATHY,Starship Square,4TYPE,0.617,0.565,0.0,376,165,
ウォニョン,IVE EMPATHY,Starship Square,3+6 (A),0.904,0.662,0.0,376,177,
ウォニョン,IVE EMPATHY,Starship Square,3+6 (B),0.857,0.681,0.0,379,184,
ウォニョン,IVE EMPATHY,Starship Square,LOVED IVE,0.726,0.701,0.0,85,184,
ウォニョン,IVE EMPATHY,Starship Square,Digipack,0.794,0.606,0.0,378,184,
ウォニョン,IVE EMPATHY,Soundwave,1.0,0.852,0.7,0.0,376,175,
ウォニョン,IVE EMPATHY,withmuu,1.0,0.588,0.511,0.0,376,167,
ウォニョン,IVE EMPATHY,Apple Music,1.0,0.648,0.424,0.0,376,156,
ウォニョン,IVE EMPATHY,Makestar,1.0,0.855,0.619,0.0,376,184,
ウォニョン,IVE EMPATHY,mymusictaste,1.0,0.885,0.496,0.0,378,184,
ウォニョン,IVE EMPATHY,withmuu,2.0 Live Studio Choom,0.817,0.602,0.0,379,164,
ウォニョン,IVE EMPATHY,Tower Records,A,0.768,0.66,0.0,88,185,
ウォニョン,IVE EMPATHY,Tower Records,Shibuya,0.739,0.637,0.0,378,184,
ウォニョン,IVE EMPATHY,Sony Music,1.0 B,0.849,0.543,0.0,376,183,
ウォニョン,IVE EMPATHY,A!SMART,C,0.848,0.422,0.0,376,182,
ウォニョン,IVE EMPATHY,Apple Music,2.0,0.833,0.499,0.0,376,183,
ウォニョン,IVE EMPATHY,withmuu ラキドロ,3.0,0.665,0.625,0.0,373,157,
ウォニョン,IVE EMPATHY,withmuu ラキドロ,3.0 POLA,0.452,0.388,0.0,330,183,
ウォニョン,IVE EMPATHY,Soundwave ラキドロ,2.0,0.838,0.754,0.0,378,177,
ウォニョン,IVE EMPATHY,Soundwave ラキドロ,2.0 POLA,0.668,0.569,0.0,331,184,
ウォニョン,IVE EMPATHY,Makestar,2.0,0.824,0.739,0.0,379,185,
ウォニョン,IVE EMPATHY,MusicArt,,0.824,0.436,0.0,376,184,
ウォニョン,IVE EMPATHY,HOTTRACKS,,0.67,0.657,0.0,87,185,
ウォニョン,IVE EMPATHY,Ktown4U,,0.905,0.637,0.0,376,184,
ウォニョン,IVE EMPATHY,withmuu,4.0,0.566,0.498,0.0,376,164,
ウォニョン,IVE EMPATHY,Soundwave,3.0,0.954,0.773,0.0,379,184,
ウォニョン,IVE EMPATHY,Makestar,3.0,0.67,0.508,0.0,376,175,
ウォニョン,IVE EMPATHY,withmuu ラキドロ,5.0,0.742,0.594,0.0,376,157,
ウォニョン,IVE EMPATHY,withmuu ラキドロ,5.0 POLA,0.6,0.574,0.0,78,184,
ウォニョン,IVE EMPATHY,US Exclusive,,0.862,0.619,0.0,376,185,
ウォニョン,IVE EMPATHY,Soundwave ラキドロ,4.0,0.867,0.553,0.0,377,185,
ウォニョン,IVE EMPATHY,Soundwave ラキドロ,4.0 POLA,0.88,0.665,0.0,331,174,
ウォニョン,IVE EMPATHY,Soundwave,5.0,0.789,0.779,0.0,379,184,
ウォニョン,IVE EMPATHY,IDOUSTAGE ラキドロ,1.0,0.926,0.71,0.0,376,184,
ウォニョン,IVE EMPATHY,IDOUSTAGE ラキドロ,1.0 POLA,0.821,0.69,0.0,330,185,
ウォニョン,IVE EMPATHY,Apple Music,3.0,0.689,0.653,0.0,378,175,
ウォニョン,IVE EMPATHY,withmuu,6.0,0.88,0.701,0.0,376,185,
ウォニョン,IVE EMPATHY,mymusictaste,2.0,0.776,0.709,0.0,376,184,
ウォニョン,IVE EMPATHY,Soundwave,6.0,0.889,0.687,0.0,379,184,
ウォニョン,IVE EMPATHY,Apple Music,4.0,0.613,0.6,0.0,376,184,
ウォニョン,IVE EMPATHY,オフラインイベント,TOKYO,0.68,0.504,0.0,376,184,
ウォニョン,IVE EMPATHY,オフラインイベント,OSAKA,0.67,0.483,0.0,376,184,
ウォニョン,IVE EMPATHY,Sony Music,2.0,0.749,0.579,0.0,376,184,
ウォニョン,IVE EMPATHY,Soundwave,7.0,0.87,0.601,0.0,379,185,
ウォニョン,IVE EMPATHY,K-MONSTAR,Taiwan,0.711,0.612,0.0,88,176,
ウォニョン,IVE EMPATHY,K-MONSTAR,Taiwan POLA,0.583,0.504,0.0,78,185,
ウォニョン,IVE EMPATHY,Soundwave ラキドロ,8.0 IVE SCOUT-1,0.953,0.62,0.0,376,185,
ウォニョン,IVE EMPATHY,Soundwave ラキドロ,8.0 IVE SCOUT-2,0.945,0.645,0.0,376,184,
ウォニョン,IVE EMPATHY,IDOUSTAGE,2.0,0.686,0.654,0.0,86,185,
ウォニョン,IVE EMPATHY,Makestar,4.0 Shanghai,0.741,0.732,0.0,88,185,
ウォニョン,IVE EMPATHY,Makestar,4.0 Shanghai カフェ店長 ver.,0.72,0.688,0.0,89,184,
ウォニョン,DIVE Official Fanclub｜ファンクラブ,DIVE 1期 会員キット,,0.82,0.727,0.0,331,185,
ウォニョン,DIVE Official Fanclub｜ファンクラブ,IVE JAPAN FC 早期入会特典,,0.854,0.597,0.0,331,184,
ウォニョン,DIVE Official Fanclub｜ファンクラブ,DIVE 2期 'MAGAZINE IVE',,0.735,0.708,0.0,331,184,
ウォニョン,1st FAN CONCERT 'The Prom Queens',MD,Photocard Deco Set,0.847,0.643,0.0,348,184,
ウォニョン,1st FAN CONCERT 'The Prom Queens',MD,Photocard Binder,0.882,0.668,0.0,348,176,
ウォニョン,1st FAN CONCERT 'The Prom Queens',MD,PVC Card Holder,0.571,0.566,0.0,228,184,
ウォニョン,1st FAN CONCERT 'The Prom Queens',Random Photocard Pack (KOREA),1,0.64,0.526,0.0,165,164,
ウォニョン,1st FAN CONCERT 'The Prom Queens',Random Photocard Pack (KOREA),2,0.687,0.624,0.0,228,184,
ウォニョン,1st FAN CONCERT 'The Prom Queens',Random Photocard Pack (KOREA),3,0.821,0.621,0.0,165,176,
ウォニョン,1st FAN CONCERT 'The Prom Queens',Random Photocard Pack (KOREA),4,0.852,0.725,0.0,165,185,
ウォニョン,1st FAN CONCERT 'The Prom Queens',Random Photocard Pack (KOREA),5,0.712,0.636,0.0,228,174,
ウォニョン,1st FAN CONCERT 'The Prom Queens',Random Trading Card (JAPAN),1,0.664,0.409,0.0,228,176,
ウォニョン,1st FAN CONCERT 'The Prom Queens',Random Trading Card (JAPAN),2,0.472,0.454,0.0,250,185,
ウォニョン,1st FAN CONCERT 'The Prom Queens',1st DIVE FC Class DIVE,1,0.919,0.518,0.0,244,183,
ウォニョン,1st FAN CONCERT 'The Prom Queens',1st DIVE FC Class DIVE,2,0.736,0.609,0.0,243,183,
ウォニョン,1st FAN CONCERT 'The Prom Queens',SuperStar STARSHIP,1,0.678,0.596,0.0,347,184,
ウォニョン,1st FAN CONCERT 'The Prom Queens',SuperStar STARSHIP,2,0.615,0.569,0.0,348,184,
ウォニョン,1st FAN CONCERT 'The Prom Queens',SuperStar STARSHIP,3,0.884,0.56,0.0,348,184,
ウォニョン,I've IVE,本体封入,I ver.,0.885,0.46,0.0,341,184,
ウォニョン,I've IVE,本体封入,V ver.,0.911,0.658,0.0,342,184,
ウォニョン,I've IVE,本体封入,E ver.,0.944,0.744,0.0,342,185,
ウォニョン,I've IVE,本体封入,Jewel Case,0.914,0.725,0.0,342,185,
ウォニョン,I've IVE,本体封入,Special Edition,0.931,0.598,0.0,342,185,
ウォニョン,I've IVE,Ktown4U,,0.818,0.697,0.0,331,184,
ウォニョン,I've IVE,Starship Square Album,1,0.853,0.663,0.0,342,185,
ウォニョン,I've IVE,Starship Square Album,2,0.722,0.547,0.0,343,184,
ウォニョン,I've IVE,Starship Square Jewel Case,,0.796,0.631,0.0,331,185,
ウォニョン,I've IVE,Starship Square Set,,0.9,0.676,0.0,347,184,
ウォニョン,I've IVE,Starship Square Special,,0.954,0.44,0.0,342,185,
ウォニョン,I've IVE,Mokket,,0.856,0.704,0.0,331,184,
ウォニョン,I've IVE,Soundwave,,0.717,0.534,0.0,331,184,
ウォニョン,I've IVE,Soundwave ラキドロ,1,0.844,0.698,0.0,342,183,
ウォニョン,I've IVE,Soundwave ラキドロ,2,0.796,0.538,0.0,341,184,
ウォニョン,I've IVE,Soundwave ラキドロ,3,0.856,0.486,0.0,336,184,
ウォニョン,I've IVE,Soundwave FC,,0.671,0.66,0.0,331,153,
ウォニョン,I've IVE,Soundwave FC2,,0.853,0.679,0.0,331,185,
ウォニョン,I've IVE,MusicArt,,0.76,0.488,0.0,331,176,
ウォニョン,I've IVE,withmuu ラキドロ,1,0.865,0.378,0.0,343,185,
ウォニョン,I've IVE,withmuu ラキドロ,2,0.636,0.564,0.0,340,173,
ウォニョン,I've IVE,withmuu ラキドロ,3,0.674,0.561,0.0,300,184,
ウォニョン,I've IVE,withmuu FC,,0.841,0.583,0.0,331,185,
ウォニョン,I've IVE,mymusictaste,,0.827,0.65,0.0,331,185,
ウォニョン,I've IVE,Tower Records,2,0.838,0.581,0.0,340,183,
ウォニョン,I've IVE,Namil Music,,0.627,0.608,0.0,331,184,
ウォニョン,I've IVE,StarRiver,,0.89,0.681,0.0,331,184,
ウォニョン,I've IVE,StarRiver FC,,0.942,0.784,0.0,342,184,
ウォニョン,I've IVE,Naver Live,,0.893,0.696,0.0,347,184,
ウォニョン,I've IVE,HOTTRACKS,,0.825,0.638,0.0,331,184,
ウォニョン,I've IVE,Makestar,,0.839,0.665,0.0,331,184,
ウォニョン,I've IVE,Apple Music,,0.769,0.68,0.0,331,184,
ウォニョン,I've IVE,Beatroad,,0.856,0.601,0.0,331,184,
ウォニョン,I've IVE,Broadcast,1,0.866,0.757,0.0,331,185,
ウォニョン,I've IVE,Broadcast,2,0.855,0.663,0.0,331,184,
ウォニョン,I've IVE,Broadcast,3,0.877,0.661,0.0,331,184,
ウォニョン,I've IVE,Fancall,,0.956,0.58,0.0,331,184,
ウォニョン,ELEVEN -Japanese ver.-,本体封入,I盤 type-A,0.881,0.704,0.0,330,185,
ウォニョン,ELEVEN -Japanese ver.-,本体封入,V盤 type-B,0.858,0.648,0.0,331,184,
ウォニョン,ELEVEN -Japanese ver.-,本体封入,E盤 type-C,0.875,0.718,0.0,330,184,
ウォニョン,ELEVEN -Japanese ver.-,本体封入,FC盤,0.843,0.633,0.0,330,184,
ウォニョン,ELEVEN -Japanese ver.-,タワレコ,IDトレカ,0.767,0.538,0.0,318,184,
ウォニョン,ELEVEN -Japanese ver.-,タワレコ,ラキドロ,0.863,0.68,0.0,331,185,
ウォニョン,ELEVEN -Japanese ver.-,Soundwave,,0.703,0.67,0.0,330,175,
ウォニョン,LOVE DIVE,本体封入,ver.1,0.944,0.768,0.0,384,184,
ウォニョン,LOVE DIVE,本体封入,ver.2,0.785,0.702,0.0,386,172,
ウォニョン,LOVE DIVE,本体封入,ver.3,0.792,0.78,0.0,386,166,
ウォニョン,LOVE DIVE,本体封入,Heart Hologram Card,0.392,0.346,0.0,129,185,
ウォニョン,LOVE DIVE,本体封入,Jewel ver.,0.618,0.551,0.0,386,158,
ウォニョン,LOVE DIVE,Jewel ver. POB,6set Heart,0.704,0.639,0.0,329,165,
ウォニョン,LOVE DIVE,Jewel ver. POB,9set MV,0.772,0.642,0.0,331,181,
ウォニョン,LOVE DIVE,Starship Square,1,0.648,0.609,0.0,362,184,
ウォニョン,LOVE DIVE,Starship Square,2,0.706,0.583,0.0,364,181,
ウォニョン,LOVE DIVE,Ktown4U,1.0,0.846,0.625,0.0,330,184,
ウォニョン,LOVE DIVE,Tower Records,1,0.917,0.363,0.0,360,185,
ウォニョン,LOVE DIVE,Tower Records,2 POLA,0.517,0.397,0.0,361,184,
ウォニョン,LOVE DIVE,mymusictaste,,0.773,0.588,0.0,331,185,
ウォニョン,LOVE DIVE,Soundwave,1.0,0.877,0.667,0.0,331,184,
ウォニョン,LOVE DIVE,withmuu ラキドロ,1.0-1,0.713,0.675,0.0,363,175,
ウォニョン,LOVE DIVE,withmuu ラキドロ,1.0-2,0.703,0.486,0.0,361,185,
ウォニョン,LOVE DIVE,withmuu ラキドロ,1.0 POLA,0.51,0.497,0.0,358,184,
ウォニョン,LOVE DIVE,Apple Music,,0.895,0.77,0.0,331,184,
ウォニョン,LOVE DIVE,Namil Music,1.0,0.827,0.681,0.0,330,185,
ウォニョン,LOVE DIVE,withmuu,2.0,0.854,0.685,0.0,330,184,
ウォニョン,LOVE DIVE,Music Korea,,0.85,0.604,0.0,330,184,
ウォニョン,LOVE DIVE,Soundwave,2.0,0.765,0.594,0.0,329,184,
ウォニョン,LOVE DIVE,Soundwave ラキドロ,3.0-1,0.823,0.685,0.0,362,185,
ウォニョン,LOVE DIVE,Soundwave ラキドロ,3.0-2,0.822,0.642,0.0,364,184,
ウォニョン,LOVE DIVE,Soundwave ラキドロ,3.0 POLA,0.404,0.402,0.0,365,184,
ウォニョン,LOVE DIVE,Beatroad,,0.865,0.632,0.0,329,184,
ウォニョン,LOVE DIVE,Ktown4U,2.0,0.808,0.729,0.0,330,185,
ウォニョン,LOVE DIVE,Namil Music,2.0,0.879,0.771,0.0,330,185,
ウォニョン,LOVE DIVE,withmuu,3.0,0.858,0.622,0.0,330,184,
ウォニョン,LOVE DIVE,MokketShop,,0.664,0.636,0.0,330,176,
ウォニョン,LOVE DIVE,Soundwave,4.0,0.853,0.683,0.0,330,185,
ウォニョン,LOVE DIVE,Daum Cafe,,0.888,0.57,0.0,330,184,
ウォニョン,LUCID DREAM,本体封入,初回生産限定盤 I,0.838,0.775,0.0,161,185,
ウォニョン,LUCID DREAM,本体封入,初回生産限定盤 V,0.818,0.543,0.0,161,185,
ウォニョン,LUCID DREAM,本体封入,初回生産限定盤 E,0.981,0.796,0.0,161,184,
ウォニョン,LUCID DREAM,本体封入,メンバーソロジャケット盤,0.947,0.707,0.0,161,185,
ウォニョン,LUCID DREAM,本体封入,期間生産限定盤,0.671,0.584,0.0,161,184,
ウォニョン,LUCID DREAM,本体封入,会場限定盤,0.948,0.7,0.0,161,185,
ウォニョン,LUCID DREAM,A!SMART,A,0.609,0.591,0.0,160,184,
ウォニョン,LUCID DREAM,タワレコ,B,0.806,0.726,0.0,160,185,
ウォニョン,LUCID DREAM,HMV,C,0.908,0.78,0.0,160,185,
ウォニョン,LUCID DREAM,Sony Music Shop,1.0 clear pc,0.525,0.469,0.0,159,150,
ウォニョン,LUCID DREAM,タワレコ,Shibuya（限定抽選）,0.962,0.698,0.0,159,184,
ウォニョン,LUCID DREAM,東京ドーム公演開催記念,期間限定特典,0.835,0.586,0.0,160,184,
ウォニョン,LUCID DREAM,Sony Music Shop,2.0 ラキドロ,0.797,0.671,0.0,161,184,
ウォニョン,LUCID DREAM,全国ラキドロ,,0.595,0.578,0.0,163,184,
ウォニョン,LUCID DREAM,タワレコ,online ラキドロ,0.889,0.679,0.0,161,184,
ウォニョン,LUCID DREAM,オフラインイベント,4.11 TOKYO,0.931,0.78,0.0,160,184,
ウォニョン,LUCID DREAM,オフラインイベント,4.12 OSAKA,0.864,0.57,0.0,161,184,
ウォニョン,LUCID DREAM,SWIA OSAKA exclusive,4.18,0.645,0.41,0.0,161,184,
ウォニョン,LUCID DREAM,オフラインイベント,4.29 TOKYO,0.806,0.603,0.0,161,185,
ウォニョン,LUCID DREAM,SWIA TOKYO exclusive,6.24-1,0.663,0.658,0.0,160,184,
ウォニョン,LUCID DREAM,SWIA TOKYO exclusive,6.24-2,0.864,0.591,0.0,161,184,
ウォニョン,LUCID DREAM,オフラインイベント,7.5 TOKYO,0.865,0.603,0.0,159,184,
ウォニョン,LUCID DREAM,オフラインイベント,8.30 OSAKA,0.788,0.623,0.0,161,185,
ウォニョン,LUCID DREAM,オフラインイベント,8.31 TOKYO,0.877,0.549,0.0,159,184,
ウォニョン,Magazine｜雑誌特典,S Cawaii! 主婦の友 特典B トレカ,,0.927,0.639,0.0,331,185,
ウォニョン,Magazine｜雑誌特典,ViVi セブンネット特典,,0.502,0.499,0.0,341,185,
ウォニョン,I've MINE,本体封入,Either Way (Pink ver.),0.922,0.461,0.0,221,185,
ウォニョン,I've MINE,本体封入,Off The Record (Red ver.),0.921,0.491,0.0,223,185,
ウォニョン,I've MINE,本体封入,Baddie (Gray ver.),0.884,0.58,0.0,221,184,
ウォニョン,I've MINE,本体封入,PLVE ver.,0.893,0.564,0.0,220,184,
ウォニョン,I've MINE,本体封入,LOVED IVE (White ver.),0.863,0.647,0.0,220,175,
ウォニョン,I've MINE,本体封入,Digipack ver.,0.92,0.735,0.0,220,185,
ウォニョン,I've MINE,Broadcast,LOVED IVE,0.935,0.675,0.0,331,184,
ウォニョン,I've MINE,Broadcast,Baddie,0.869,0.608,0.0,331,185,
ウォニョン,I've MINE,Starship Square,Digipack 6set,0.819,0.629,0.0,331,184,
ウォニョン,I've MINE,Starship Square,Digipack 6+3set,0.734,0.57,0.0,315,185,
ウォニョン,I've MINE,Starship Square,PB 3+1set,0.804,0.512,0.0,315,184,
ウォニョン,I've MINE,Starship Square,PB LOVED IVE,0.632,0.412,0.0,221,185,
ウォニョン,I've MINE,Starship Square,PB EW+OTR+BADDIE 1,0.918,0.597,0.0,215,185,
ウォニョン,I've MINE,Starship Square,PB EW+OTR+BADDIE 2,0.902,0.52,0.0,215,184,
ウォニョン,I've MINE,Ktown4U,1.0,0.806,0.474,0.0,331,184,
ウォニョン,I've MINE,Namil Music,1.0,0.492,0.442,0.0,108,184,
ウォニョン,I've MINE,Soundwave,1.0,0.799,0.555,0.0,331,185,
ウォニョン,I've MINE,Kakao Gift,,0.679,0.505,0.0,331,185,
ウォニョン,I've MINE,withmuu,1.0,0.87,0.567,0.0,331,184,
ウォニョン,I've MINE,IDOUSTAGE,1.0,0.896,0.733,0.0,331,184,
ウォニョン,I've MINE,KMStation,1.0,0.743,0.562,0.0,331,184,
ウォニョン,I've MINE,mymusictaste,1.0,0.826,0.601,0.0,331,184,
ウォニョン,I've MINE,Tower Records,1.0,0.721,0.503,0.0,215,185,
ウォニョン,I've MINE,Tower Records,Shibuya,0.68,0.574,0.0,215,185,
ウォニョン,I've MINE,Apple Music,1.0,0.912,0.835,0.0,331,185,
ウォニョン,I've MINE,Namil Music,2.0,0.932,0.602,0.0,331,185,
ウォニョン,I've MINE,Ktown4U,2.0,0.93,0.509,0.0,331,184,
ウォニョン,I've MINE,Beatroad,,0.923,0.672,0.0,331,184,
ウォニョン,I've MINE,Soundwave ラキドロ,2.0-1,0.916,0.672,0.0,215,184,
ウォニョン,I've MINE,Soundwave ラキドロ,2.0-2,0.709,0.659,0.0,185,184,
ウォニョン,I've MINE,withmuu ラキドロ,2.0-1,0.811,0.374,0.0,215,184,
ウォニョン,I've MINE,withmuu ラキドロ,2.0-2,0.8,0.673,0.0,185,184,
ウォニョン,I've MINE,withmuu,3.0,0.68,0.601,0.0,331,171,
ウォニョン,I've MINE,KMStation,2.0,0.871,0.655,0.0,331,185,
ウォニョン,I've MINE,Soundwave,3.0,0.899,0.627,0.0,331,185,
ウォニョン,I've MINE,Taiwan,,0.758,0.716,0.0,331,184,
ウォニョン,I've MINE,Soundwave ラキドロ,4.0-1,0.84,0.67,0.0,215,184,
ウォニョン,I've MINE,Soundwave ラキドロ,4.0-2,0.598,0.568,0.0,215,176,
ウォニョン,I've MINE,Makestar,1.0,0.798,0.511,0.0,125,184,
ウォニョン,I've MINE,Apple Music,2.0,0.678,0.383,0.0,331,184,
ウォニョン,I've MINE,US Exclusive,,0.56,0.445,0.0,331,184,
ウォニョン,I've MINE,IDOUSTAGE,2.0,0.86,0.575,0.0,331,184,
ウォニョン,I've MINE,KMStation,3.0,0.878,0.502,0.0,331,185,
ウォニョン,I've MINE,withmuu,4.0,0.869,0.434,0.0,331,185,
ウォニョン,I've MINE,MusicArt,,0.748,0.495,0.0,331,185,
ウォニョン,I've MINE,HOTTRACKS,,0.868,0.429,0.0,331,174,
ウォニョン,I've MINE,mymusictaste,2.0,0.926,0.788,0.0,331,184,
ウォニョン,I've MINE,Soundwave,5.0,0.938,0.648,0.551,128,185,差し替え
ウォニョン,I've MINE,Namil Music,3.0,0.77,0.755,0.0,331,185,
ウォニョン,I've MINE,Japan Yokohama Live,15th Day1,0.866,0.563,0.0,221,184,
ウォニョン,I've MINE,Japan Yokohama Live,16th Day2,0.739,0.677,0.0,331,184,
ウォニョン,I've MINE,Hi-Touch,18th・19th,0.81,0.573,0.0,331,184,
ウォニョン,I've MINE,Tower Records,2.0,0.944,0.556,0.0,331,184,
ウォニョン,I've MINE,Soundwave,6.0,0.865,0.688,0.0,331,184,
ウォニョン,I've MINE,withmuu,5.0,0.878,0.658,0.0,331,184,
ウォニョン,I've MINE,withmuu ラキドロ,6.0-1,0.924,0.589,0.0,331,185,
ウォニョン,I've MINE,withmuu ラキドロ,6.0-2,0.961,0.67,0.0,221,184,
ウォニョン,I've MINE,withmuu ラキドロ,6.0-3,0.962,0.507,0.0,185,162,
ウォニョン,I've MINE,Makestar,2.0,0.623,0.619,0.0,331,184,
ウォニョン,I've MINE,Yizhiyu,1.0,0.855,0.692,0.0,331,185,
ウォニョン,I've MINE,Soundwave,7.0 Busan,0.673,0.586,0.0,324,184,
ウォニョン,I've MINE,Soundwave,8.0 Daegu,0.55,0.526,0.0,331,184,
ウォニョン,I've MINE,Soundwave,9.0 Gwangju,0.726,0.606,0.0,331,176,
ウォニョン,I've MINE,Soundwave,10.0 Daejeon,0.903,0.537,0.0,330,184,
ウォニョン,I've MINE,Soundwave,11.0 Xmas,0.795,0.646,0.0,331,185,
ウォニョン,I've MINE,KMStation,4.0,0.892,0.774,0.0,331,184,
ウォニョン,I've MINE,Soundwave,12.0 Thailand,0.822,0.658,0.0,331,185,
ウォニョン,I've MINE,mymusictaste,3.0,0.641,0.635,0.0,331,184,
ウォニョン,I've MINE,Yizhiyu,2.0,0.93,0.744,0.0,331,184,
ウォニョン,ELEVEN -Japanese ver.-,お見送り会 CD購入特典,,0.668,0.648,0.0,330,184,
ウォニョン,ALIVE,本体封入,Album A（I ver.）,0.847,0.714,0.0,207,185,
ウォニョン,ALIVE,本体封入,Album B（II ver.）,0.878,0.693,0.0,205,185,
ウォニョン,ALIVE,本体封入,Normal ED（III ver.）,0.944,0.632,0.0,207,184,
ウォニョン,ALIVE,本体封入,Solo（IV ver.）,0.928,0.87,0.0,207,184,
ウォニョン,ALIVE,本体封入,Limited ED（V ver.）,0.603,0.484,0.0,205,184,
ウォニョン,ALIVE,本体封入,Clear Photocard,0.651,0.584,0.0,205,167,
ウォニョン,ALIVE,Sony Music Shop,オンライン ラキドロ,0.94,0.701,0.0,207,184,
ウォニョン,ALIVE,Tower Records,Selca Photocard #B,0.619,0.596,0.0,207,185,
ウォニョン,ALIVE,HMV・LAWSON,Selca Photocard #C,0.681,0.653,0.0,205,185,
ウォニョン,ALIVE,オフラインイベント,8/16 OSAKA,0.702,0.679,0.0,207,185,
ウォニョン,ALIVE,オフラインイベント,8/19 TOKYO,0.685,0.655,0.0,205,185,
ウォニョン,ALIVE,Japan CD Shop ラキドロ,,0.943,0.481,0.0,205,184,
ウォニョン,ALIVE,Tower Records Shibuya,限定抽選 A賞,0.835,0.591,0.0,203,184,
ウォニョン,ALIVE,Sony Music Shop,期間限定特典,0.87,0.727,0.0,205,185,
ウォニョン,Be Alright,本体封入,初回生産限定盤 I,0.698,0.675,0.0,159,184,
ウォニョン,Be Alright,本体封入,初回生産限定盤 V,0.842,0.595,0.0,159,183,
ウォニョン,Be Alright,本体封入,初回生産限定盤 E,0.867,0.745,0.0,157,184,
ウォニョン,Be Alright,本体封入,ソロジャケット盤,0.806,0.75,0.0,158,184,
ウォニョン,Be Alright,IVE SCOUT,愛知・福岡 1日目,0.804,0.717,0.0,159,184,
ウォニョン,Be Alright,IVE SCOUT,愛知・福岡 2日目,0.591,0.573,0.0,158,184,
ウォニョン,Be Alright,IVE SCOUT,神戸・横浜 1日目,0.738,0.735,0.0,159,185,
ウォニョン,Be Alright,IVE SCOUT,神戸・横浜 2日目,0.909,0.578,0.0,159,184,
ウォニョン,Be Alright,A!SMART,A,0.848,0.676,0.0,158,184,
ウォニョン,Be Alright,Tower Records,B,0.797,0.633,0.0,160,184,
ウォニョン,Be Alright,HMV,C,0.877,0.601,0.0,158,184,
ウォニョン,Be Alright,Sony Music,クリアフォトカード,0.44,0.425,0.0,158,185,
ウォニョン,Be Alright,Sony Music ラキドロ,,0.82,0.527,0.0,158,185,
ウォニョン,Be Alright,Tower Records Shibuya,限定フォトカード（抽選）,0.718,0.582,0.0,157,184,
ウォニョン,Be Alright,全店ラキドロ,,0.779,0.695,0.0,157,184,
ウォニョン,Music Show & Broadcast｜音楽番組・公開放送,2024 KBS 歌謡大祝祭,,0.634,0.566,0.0,235,183,
ウォニョン,Collab & Event｜コラボ・イベント,ForEVER IVE（エバーランド）,MD MINIVE HUG BAG,0.913,0.669,0.0,197,185,
ウォニョン,Collab & Event｜コラボ・イベント,ForEVER IVE（エバーランド）,Special Gift 70K,0.551,0.539,0.0,196,184,
ウォニョン,Collab & Event｜コラボ・イベント,ForEVER IVE（エバーランド）,PASS,0.713,0.633,0.0,197,184,
ウォニョン,Collab & Event｜コラボ・イベント,ForEVER IVE（エバーランド）,Special Reward,0.847,0.632,0.0,197,185,
ウォニョン,Collab & Event｜コラボ・イベント,ForEVER IVE（エバーランド）,Special Gift 70K 2.0（8.21〜）,0.904,0.596,0.0,196,184,
ウォニョン,Collab & Event｜コラボ・イベント,ForEVER IVE（エバーランド）,PASS 2.0,0.828,0.438,0.0,192,185,
ウォニョン,Collab & Event｜コラボ・イベント,ForEVER IVE（エバーランド）,Special Reward 2.0,0.906,0.597,0.0,191,184,
ウォニョン,Collab & Event｜コラボ・イベント,Dive into MINIVE,MD MINIVE MINI HANDY FAN,0.924,0.83,0.0,199,184,
ウォニョン,Collab & Event｜コラボ・イベント,Dive into MINIVE,Special Gift 70K,0.712,0.552,0.0,199,184,
ウォニョン,Collab & Event｜コラボ・イベント,PUMA,1.0 TEVERIS NITRO,0.702,0.698,0.0,140,175,
ウォニョン,Collab & Event｜コラボ・イベント,PUMA,2.0 PALERMO（China）,0.544,0.537,0.0,146,184,
ウォニョン,Collab & Event｜コラボ・イベント,PUMA,3.0 PALERMO,0.732,0.598,0.0,144,184,
ウォニョン,Collab & Event｜コラボ・イベント,PUMA,4.0 WAVEMULE,0.545,0.545,0.0,142,184,
ウォニョン,Collab & Event｜コラボ・イベント,光東 とうもろこしのひげ茶,1.0,0.775,0.709,0.0,134,185,
ウォニョン,Collab & Event｜コラボ・イベント,光東 とうもろこしのひげ茶,2.0,0.79,0.706,0.0,132,183,
ウォニョン,Collab & Event｜コラボ・イベント,光東 とうもろこしのひげ茶,3.0,0.85,0.738,0.349,133,184,
ウォニョン,Collab & Event｜コラボ・イベント,Papa John's,1.0,0.756,0.677,0.0,135,184,
ウォニョン,Collab & Event｜コラボ・イベント,Papa John's,2.0,0.755,0.697,0.0,131,184,
ウォニョン,Collab & Event｜コラボ・イベント,Papa John's,3.0,0.614,0.602,0.0,134,183,
ウォニョン,Collab & Event｜コラボ・イベント,Papa John's,4.0 クリア,0.764,0.716,0.0,133,184,
ウォニョン,Collab & Event｜コラボ・イベント,Papa John's,5.0,0.549,0.545,0.0,125,184,
ウォニョン,Collab & Event｜コラボ・イベント,Papa John's,6.0 レンチキュラー,0.648,0.591,0.0,131,185,
ウォニョン,Collab & Event｜コラボ・イベント,AMUSE スティックウエハース,Normal A,0.708,0.634,0.0,148,162,
ウォニョン,Collab & Event｜コラボ・イベント,AMUSE スティックウエハース,Normal B,0.935,0.528,0.567,147,184,差し替え
ウォニョン,Collab & Event｜コラボ・イベント,AMUSE スティックウエハース,Normal C,0.916,0.537,0.159,143,184,
ウォニョン,Collab & Event｜コラボ・イベント,AMUSE スティックウエハース,Rare solo,0.625,0.58,0.0,147,163,
ウォニョン,Collab & Event｜コラボ・イベント,AMUSE ウエハース2,N-04,0.688,0.459,0.0,165,184,
ウォニョン,Collab & Event｜コラボ・イベント,AMUSE ウエハース2,N-10,0.611,0.595,0.0,165,184,
ウォニョン,Collab & Event｜コラボ・イベント,AMUSE ウエハース2,N-16,0.894,0.686,0.0,165,185,
ウォニョン,Collab & Event｜コラボ・イベント,AMUSE ウエハース2,R-22,0.659,0.518,0.0,165,185,
ウォニョン,4th FAN CONCERT 'DIVE into IVE',Random Photocard Pack,1,0.751,0.618,0.0,143,184,
ウォニョン,4th FAN CONCERT 'DIVE into IVE',Random Photocard Pack,2,0.861,0.522,0.421,144,184,
ウォニョン,4th FAN CONCERT 'DIVE into IVE',Random Photocard Pack,3,0.881,0.628,0.035,144,184,
ウォニョン,4th FAN CONCERT 'DIVE into IVE',Random Photocard Pack,4,0.923,0.77,0.483,144,184,
ウォニョン,4th FAN CONCERT 'DIVE into IVE',Random Photocard Pack,5,0.862,0.722,-0.023,144,184,
ウォニョン,4th FAN CONCERT 'DIVE into IVE',Random Photocard Pack,6,0.826,0.641,0.0,144,184,
ウォニョン,4th FAN CONCERT 'DIVE into IVE',MD,Photo Kit,0.883,0.715,0.266,144,185,
ウォニョン,4th FAN CONCERT 'DIVE into IVE',MD,Acrylic Stand Set,0.796,0.651,0.0,144,185,
ウォニョン,4th FAN CONCERT 'DIVE into IVE',MD,Collect Book,0.867,0.738,0.457,144,185,
ウォニョン,4th FAN CONCERT 'DIVE into IVE',MD,Locket Pendant Necklace,0.845,0.748,0.0,144,184,
ウォニョン,4th FAN CONCERT 'DIVE into IVE',MD,T-shirt,0.874,0.66,0.195,144,184,
ウォニョン,4th FAN CONCERT 'DIVE into IVE',MD,Designed by the members,0.805,0.694,0.0,143,185,
ウォニョン,4th FAN CONCERT 'DIVE into IVE',MD,70K Benefit,0.88,0.738,0.619,144,185,差し替え
ウォニョン,Pepsi × IVE 'BLUE & BLACK',IVE × PEPSI 2023,1.0 A,0.479,0.466,0.0,106,184,
ウォニョン,Pepsi × IVE 'BLUE & BLACK',IVE × PEPSI 2023,1.0 B,0.576,0.517,0.0,100,185,
ウォニョン,Pepsi × IVE 'BLUE & BLACK',IVE × PEPSI 2023,2.0 クリア,0.583,0.578,0.0,104,184,
ウォニョン,Pepsi × IVE 'BLUE & BLACK',IVE × PEPSI 2023,3.0,0.671,0.647,0.0,99,185,
ウォニョン,Pepsi × IVE 'BLUE & BLACK',IVE × PEPSI 2023,4.0,0.64,0.563,0.0,94,185,
ウォニョン,Pepsi × IVE 'BLUE & BLACK',IVE × PEPSI 2024,5.0 A,0.51,0.507,0.0,106,183,
ウォニョン,Pepsi × IVE 'BLUE & BLACK',IVE × PEPSI 2024,5.0 B,0.527,0.406,0.0,107,185,
ウォニョン,Pepsi × IVE 'BLUE & BLACK',IVE × PEPSI 2024,6.0 A,0.409,0.395,0.0,105,184,
ウォニョン,Pepsi × IVE 'BLUE & BLACK',IVE × PEPSI 2024,6.0 B,0.475,0.468,0.0,103,185,
ウォニョン,Pepsi × IVE 'BLUE & BLACK',IVE × PEPSI 2024,6.0 C,0.507,0.483,0.0,101,151,
ウォニョン,Pepsi × IVE 'BLUE & BLACK',IVE × PEPSI 2024,7.0 A,0.508,0.5,0.0,105,185,
ウォニョン,Pepsi × IVE 'BLUE & BLACK',IVE × PEPSI 2024,7.0 B,0.693,0.671,0.0,105,184,
ウォニョン,3rd FAN CONCERT 'IVE SCOUT',Random Photocard Pack,1,0.826,0.803,0.0,134,185,
ウォニョン,3rd FAN CONCERT 'IVE SCOUT',Random Photocard Pack,2,0.706,0.61,0.0,135,185,
ウォニョン,3rd FAN CONCERT 'IVE SCOUT',Random Photocard Pack,3,0.829,0.735,0.0,137,185,
ウォニョン,3rd FAN CONCERT 'IVE SCOUT',Random Photocard Pack,4,0.861,0.589,-0.19,136,185,
ウォニョン,3rd FAN CONCERT 'IVE SCOUT',DIVE ZONE FC ブース特典,Day 1 IVE SCOUT ver.,0.86,0.616,0.0,332,184,
ウォニョン,2025 SEASON'S GREETINGS [Colorful Days with IVE],本体封入,フォトカードセット,0.822,0.703,0.0,169,184,
ウォニョン,2025 SEASON'S GREETINGS [Colorful Days with IVE],Starship Square,,0.842,0.702,0.0,169,184,
ウォニョン,2025 SEASON'S GREETINGS [Colorful Days with IVE],Soundwave,,0.929,0.618,0.0,169,184,
ウォニョン,2025 SEASON'S GREETINGS [Colorful Days with IVE],Ktown4U,,0.728,0.602,0.0,169,184,
ウォニョン,2026 SEASON'S GREETINGS [ATELIER IVE],本体封入,フォトカードセット,0.848,0.813,0.0,199,184,
ウォニョン,2026 SEASON'S GREETINGS [ATELIER IVE],Starship Square,,0.927,0.54,0.0,197,185,
ウォニョン,2026 SEASON'S GREETINGS [ATELIER IVE],withmuu,,0.866,0.785,0.0,197,184,
ウォニョン,2026 SEASON'S GREETINGS [ATELIER IVE],MINIVE シーグリ Starship Square,,0.946,0.841,0.0,199,185,
ウォニョン,2nd WORLD TOUR 'SHOW WHAT I AM',DIVE JAPAN オンラインくじ C賞（京セラドーム）,①,0.869,0.514,0.0,157,184,
ウォニョン,2nd WORLD TOUR 'SHOW WHAT I AM',DIVE JAPAN オンラインくじ C賞（京セラドーム）,②,0.838,0.679,0.0,157,185,
ウォニョン,2nd WORLD TOUR 'SHOW WHAT I AM',DIVE JAPAN オンラインくじ C賞（京セラドーム）,③,0.676,0.627,0.0,157,184,
ウォニョン,1st WORLD TOUR 'SHOW WHAT I HAVE',DVD・Blu-ray・Kit,DVD,0.8,0.696,0.0,123,177,
ウォニョン,1st WORLD TOUR 'SHOW WHAT I HAVE',DVD・Blu-ray・Kit,Blu-ray,0.798,0.678,0.0,123,176,
ウォニョン,1st WORLD TOUR 'SHOW WHAT I HAVE',DVD・Blu-ray・Kit,Kit,0.807,0.639,0.0,120,174,
ウォニョン,1st WORLD TOUR 'SHOW WHAT I HAVE',DVD・Blu-ray・Kit,Starship Square 特典,0.901,0.678,0.231,121,183,
ウォニョン,1st WORLD TOUR 'SHOW WHAT I HAVE',DVD・Blu-ray・Kit,Apple Music 特典,0.737,0.694,0.0,124,167,
ウォニョン,1st WORLD TOUR 'SHOW WHAT I HAVE',DVD・Blu-ray・Kit,Ktown4U 特典,0.878,0.641,-0.373,123,176,
ウォニョン,1st WORLD TOUR 'SHOW WHAT I HAVE',in CINEMA,Acryl Photocard Stand,0.88,0.696,0.43,98,185,
ウォニョン,1st WORLD TOUR 'SHOW WHAT I HAVE',in CINEMA,Photocard Pouch,0.714,0.676,0.0,98,176,
ウォニョン,1st WORLD TOUR 'SHOW WHAT I HAVE',in CINEMA,Photo Set,0.938,0.692,0.5,98,184,
ウォニョン,1st WORLD TOUR 'SHOW WHAT I HAVE',in CINEMA,Quick Snap,0.785,0.698,0.0,98,184,
ウォニョン,1st WORLD TOUR 'SHOW WHAT I HAVE',in CINEMA,Tumbler,0.928,0.743,0.138,98,184,
ウォニョン,1st WORLD TOUR 'SHOW WHAT I HAVE',in CINEMA,Light Stick Bag,0.689,0.661,0.0,98,175,
ウォニョン,1st WORLD TOUR 'SHOW WHAT I HAVE',in CINEMA,70K Benefit（self photocard）,0.822,0.664,0.0,98,184,
ウォニョン,1st WORLD TOUR 'SHOW WHAT I HAVE',in CINEMA,70K Benefit（NFT photocard）,0.515,0.507,0.0,98,163,
ウォニョン,1st WORLD TOUR 'SHOW WHAT I HAVE',in CINEMA,2nd Week 入場特典,0.6,0.593,0.0,98,185,
ウォニョン,Pepsi × IVE 'BLUE & BLACK',Round 1,A,0.601,0.567,0.0,518,185,
ウォニョン,Pepsi × IVE 'BLUE & BLACK',Round 1,B,0.498,0.469,0.0,517,162,
ウォニョン,Pepsi × IVE 'BLUE & BLACK',Round 2,A,0.718,0.634,0.0,518,185,
ウォニョン,Pepsi × IVE 'BLUE & BLACK',Round 2,B,0.373,0.324,0.0,518,151,
ウォニョン,REVIVE+,本体封入,BANGERS,0.809,0.616,0.0,122,183,
ウォニョン,REVIVE+,本体封入,CHALLENGERS,0.854,0.824,0.0,120,184,
ウォニョン,REVIVE+,本体封入,SPOILERS,0.759,0.573,0.0,120,164,
ウォニョン,REVIVE+,本体封入,LOVED IVE,0.652,0.621,0.0,120,163,
ウォニョン,REVIVE+,本体封入,Digipack,0.871,0.739,0.016,123,184,
ウォニョン,REVIVE+,本体封入,PETIT-IVE,0.893,0.71,0.376,120,184,
ウォニョン,REVIVE+,MD,,0.795,0.551,0.0,121,185,
ウォニョン,REVIVE+,Starship Square,3TYPE,0.936,0.696,0.348,120,184,
ウォニョン,REVIVE+,Starship Square,LOVED IVE,0.903,0.54,0.621,120,184,差し替え
ウォニョン,REVIVE+,Starship Square,Digipack,0.954,0.76,0.391,120,184,
ウォニョン,REVIVE+,京东,1.0,0.868,0.809,0.186,122,185,
ウォニョン,REVIVE+,withmuu,1.0,0.869,0.607,0.179,121,184,
ウォニョン,REVIVE+,Apple Music,1.0,0.849,0.807,0.0,121,184,
ウォニョン,REVIVE+,Music Korea,1.0,0.79,0.682,0.0,121,184,
ウォニョン,REVIVE+,Kakao Talk,,0.816,0.611,0.0,121,184,
ウォニョン,REVIVE+,US Exclusive,,0.894,0.787,0.362,122,184,
ウォニョン,REVIVE+,Target,,0.891,0.77,0.322,121,184,
ウォニョン,REVIVE+,B&N,,0.857,0.51,0.224,120,184,
ウォニョン,REVIVE+,Ktown4U,1.0,0.838,0.771,0.0,120,185,
ウォニョン,REVIVE+,Tower Records,A,0.916,0.712,0.411,121,185,
ウォニョン,REVIVE+,Tower Records,Shibuya,0.902,0.731,-0.013,120,185,
ウォニョン,REVIVE+,Sony Music,B,0.585,0.535,0.0,120,183,
ウォニョン,REVIVE+,A!SMART,C,0.927,0.646,0.383,120,184,
ウォニョン,REVIVE+,Soundwave,1.0,0.922,0.751,0.578,120,185,差し替え
ウォニョン,REVIVE+,Makestar,1.0,0.902,0.685,-0.217,120,184,
ウォニョン,REVIVE+,MusicArt,1.0,0.362,0.359,0.0,121,175,
ウォニョン,REVIVE+,ARTBOX,,0.88,0.576,0.277,120,184,
ウォニョン,REVIVE+,Broadcast,BANG BANG,0.915,0.762,0.607,120,184,差し替え
ウォニョン,REVIVE+,withmuu,2.0 Killing Voice,0.938,0.777,0.488,120,184,
ウォニョン,REVIVE+,withmuu ラキドロ,3.0,0.911,0.857,0.542,121,185,
ウォニョン,REVIVE+,withmuu ラキドロ,3.0 POLA,0.551,0.536,0.0,120,184,
ウォニョン,REVIVE+,OLIVE YOUNG ラキドロ,,0.94,0.805,0.247,120,185,
ウォニョン,REVIVE+,Music Korea,2.0,0.768,0.746,0.0,121,184,
ウォニョン,REVIVE+,HOTTRACKS,,0.724,0.665,0.0,120,184,
ウォニョン,REVIVE+,Showcase,,0.948,0.502,0.668,122,185,差し替え
ウォニョン,REVIVE+,Makestar,2.0,0.875,0.612,-0.205,121,185,
ウォニョン,REVIVE+,Apple Music,2.0,0.863,0.675,0.008,121,176,
ウォニョン,REVIVE+,Broadcast,BLACK HOLE,0.858,0.644,0.075,120,185,
ウォニョン,REVIVE+,withmuu,4.0,0.819,0.457,0.0,120,184,
ウォニョン,REVIVE+,NY Music,1.0,0.884,0.647,0.281,122,185,
ウォニョン,REVIVE+,QQ音乐 ラキドロ,,0.877,0.568,0.388,120,184,
ウォニョン,REVIVE+,Beatroad,1.0,0.899,0.6,0.41,120,184,
ウォニョン,REVIVE+,Apple Music,3.0,0.85,0.499,0.194,121,184,
ウォニョン,REVIVE+,withmuu ラキドロ,5.0-1,0.944,0.781,0.389,121,185,
ウォニョン,REVIVE+,withmuu ラキドロ,5.0-2,0.933,0.676,0.551,121,184,差し替え
ウォニョン,REVIVE+,Soundwave ラキドロ,2.0,0.961,0.677,0.729,120,184,差し替え
ウォニョン,REVIVE+,Soundwave ラキドロ,2.0 POLA,0.666,0.631,0.0,105,184,
ウォニョン,REVIVE+,MusicArt ラキドロ,2.0,0.944,0.776,0.681,119,184,差し替え
ウォニョン,REVIVE+,MusicArt ラキドロ,2.0 POLA,0.539,0.526,0.0,109,185,
ウォニョン,REVIVE+,オフラインイベント,4.11 TOKYO,0.872,0.553,-0.181,121,184,
ウォニョン,REVIVE+,オフラインイベント,4.12 OSAKA,0.879,0.497,0.139,120,185,
ウォニョン,REVIVE+,KMStation,1.0,0.691,0.679,0.0,120,184,
ウォニョン,REVIVE+,SWIA OSAKA exclusive,4.18,0.785,0.609,0.0,120,184,
ウォニョン,REVIVE+,SWIA OSAKA exclusive,4.19,0.892,0.536,0.539,120,185,
ウォニョン,REVIVE+,オフラインイベント,4.29 TOKYO,0.905,0.79,0.226,120,184,
ウォニョン,REVIVE+,withmuu ラキドロ,6.0,0.806,0.632,0.0,120,184,
ウォニョン,REVIVE+,withmuu ラキドロ,6.0 POLA,0.885,0.397,0.461,117,184,
ウォニョン,REVIVE+,withmuu,7.0,0.701,0.663,0.0,120,184,
ウォニョン,REVIVE+,KMStation,2.0,0.841,0.714,0.0,122,184,
ウォニョン,REVIVE+,Makestar,3.0,0.889,0.723,0.412,120,185,
ウォニョン,REVIVE+,Ktown4U,2.0,0.696,0.658,0.0,120,184,
ウォニョン,REVIVE+,京东,2.0,0.846,0.639,0.0,118,184,
ウォニョン,REVIVE+,Music Korea,3.0,0.865,0.761,0.368,121,184,
ウォニョン,REVIVE+,Ktown4U,3.0,0.749,0.691,0.0,121,184,
ウォニョン,REVIVE+,withmuu,8.0,0.734,0.713,0.0,120,184,
ウォニョン,REVIVE+,withmuu ラキドロ,9.0,0.453,0.413,0.0,119,184,
ウォニョン,REVIVE+,withmuu ラキドロ,9.0 POLA,0.78,0.747,0.0,114,184,
ウォニョン,REVIVE+,withmuu,10.0,0.937,0.758,0.611,120,185,差し替え
ウォニョン,REVIVE+,Ktown4U ラキドロ,4.0,0.889,0.647,0.544,120,184,
ウォニョン,REVIVE+,Ktown4U ラキドロ,4.0 POLA,0.83,0.622,0.0,119,184,
ウォニョン,REVIVE+,Soundwave ラキドロ,3.0,0.93,0.584,0.536,120,184,
ウォニョン,REVIVE+,Soundwave ラキドロ,3.0 POLA,0.665,0.639,0.0,106,150,
ウォニョン,REVIVE+,Yetimall,1.0,0.987,0.863,0.94,120,184,差し替え
ウォニョン,REVIVE+,Yetimall,2.0,0.971,0.671,0.811,120,184,差し替え
ウォニョン,REVIVE+,Makestar ラキドロ,4.0,0.786,0.649,0.0,120,184,
ウォニョン,REVIVE+,Makestar ラキドロ,4.0 POLA,0.603,0.472,0.0,120,161,
ウォニョン,REVIVE+,KMONSTAR,1.0,0.979,0.649,0.683,120,184,差し替え
ウォニョン,REVIVE+,NY Music ラキドロ,2.0,0.925,0.704,0.727,120,184,差し替え
ウォニョン,REVIVE+,NY Music ラキドロ,2.0 POLA,0.943,0.592,0.872,103,156,差し替え
ウォニョン,IVE SECRET,本体封入,Shh!,0.843,0.58,0.0,378,184,
ウォニョン,IVE SECRET,本体封入,Gasp!,0.858,0.735,0.0,378,185,
ウォニョン,IVE SECRET,本体封入,Psst!,0.838,0.701,0.0,375,184,
ウォニョン,IVE SECRET,本体封入,LOVED IVE,0.929,0.705,0.0,377,184,
ウォニョン,IVE SECRET,本体封入,Instant Photo Shh!,0.493,0.461,0.0,90,184,
ウォニョン,IVE SECRET,本体封入,Instant Photo Gasp!,0.438,0.415,0.0,91,183,
ウォニョン,IVE SECRET,本体封入,Instant Photo Psst!,0.594,0.591,0.0,93,184,
ウォニョン,IVE SECRET,本体封入,Digipack,0.757,0.516,0.0,378,184,
ウォニョン,IVE SECRET,本体封入,Evil Cupid,0.861,0.552,0.0,375,184,
ウォニョン,IVE SECRET,Starship Square,3TYPE 1,0.675,0.491,0.0,378,185,
ウォニョン,IVE SECRET,Starship Square,3TYPE 2,0.778,0.623,0.0,378,184,
ウォニョン,IVE SECRET,Starship Square,4TYPE,0.725,0.585,0.0,375,184,
ウォニョン,IVE SECRET,Starship Square,3+6 (A),0.841,0.631,0.0,377,184,
ウォニョン,IVE SECRET,Starship Square,3+6 (B),0.786,0.642,0.0,375,185,
ウォニョン,IVE SECRET,Starship Square,LOVED IVE,0.613,0.514,0.0,375,185,
ウォニョン,IVE SECRET,Starship Square,Digipack,0.709,0.583,0.0,378,184,
ウォニョン,IVE SECRET,Soundwave,1.0,0.865,0.808,0.0,378,174,
ウォニョン,IVE SECRET,withmuu,1.0,0.875,0.693,0.0,378,184,
ウォニョン,IVE SECRET,Apple Music,1.0,0.797,0.712,0.0,378,185,
ウォニョン,IVE SECRET,Makestar,1.0,0.928,0.592,0.0,378,184,
ウォニョン,IVE SECRET,京东,,0.82,0.7,0.0,77,184,
ウォニョン,IVE SECRET,Tower Records,A,0.768,0.754,0.0,377,184,
ウォニョン,IVE SECRET,Tower Records,Shibuya,0.8,0.558,0.0,378,184,
ウォニョン,IVE SECRET,Sony Music,B,0.884,0.596,0.443,79,185,
ウォニョン,IVE SECRET,A!SMART,C,0.855,0.349,0.484,77,184,
ウォニョン,IVE SECRET,US Exclusive,,0.782,0.743,0.0,77,184,
ウォニョン,IVE SECRET,Target,,0.546,0.467,0.0,78,165,
ウォニョン,IVE SECRET,Barnes & Noble,,0.888,0.627,0.669,78,184,差し替え
ウォニョン,IVE SECRET,Music Korea,,0.917,0.499,0.624,77,185,差し替え
ウォニョン,IVE SECRET,Soundwave ラキドロ,2.0,0.85,0.68,0.0,377,185,
ウォニョン,IVE SECRET,Soundwave ラキドロ,2.0 POLA,0.548,0.458,0.0,76,184,
ウォニョン,IVE SECRET,withmuu ラキドロ,2.0,0.678,0.602,0.0,378,164,
ウォニョン,IVE SECRET,withmuu ラキドロ,2.0 POLA,0.93,0.57,0.465,78,184,
ウォニョン,IVE SECRET,OLIVE YOUNG ラキドロ,,0.606,0.541,0.0,375,185,
ウォニョン,IVE SECRET,Beatroad ラキドロ,1.0,0.697,0.653,0.0,377,184,
ウォニョン,IVE SECRET,Beatroad ラキドロ,1.0 POLA,0.965,0.482,0.506,77,185,
ウォニョン,IVE SECRET,Apple Music,2.0,0.664,0.603,0.0,78,184,
ウォニョン,IVE SECRET,Makestar,2.0,0.872,0.726,-0.011,78,184,
ウォニョン,IVE SECRET,Ktown4U,STUDIO CHOOM,0.944,0.737,0.605,77,184,差し替え
ウォニョン,IVE SECRET,Broadcast,,0.887,0.748,0.0,378,184,
ウォニョン,IVE SECRET,StarRiver,,0.777,0.749,0.0,78,184,
ウォニョン,IVE SECRET,hellolive,1.0,0.709,0.44,0.0,78,184,
ウォニョン,IVE SECRET,withmuu,3.0,0.934,0.633,0.655,78,185,差し替え
ウォニョン,IVE SECRET,MusicArt,,0.669,0.634,0.0,77,184,
ウォニョン,IVE SECRET,HOTTRACKS,,0.622,0.588,0.0,378,159,
ウォニョン,IVE SECRET,Soundwave,3.0,0.906,0.761,0.548,79,184,
ウォニョン,IVE SECRET,Makestar,3.0,0.661,0.588,0.0,78,164,
ウォニョン,IVE SECRET,オフラインイベント,9.23 TOKYO,0.738,0.56,0.0,77,185,
ウォニョン,IVE SECRET,オフラインイベント,9.24 OSAKA,0.721,0.719,0.0,77,184,
ウォニョン,IVE SECRET,オフラインイベント,10.12 TOKYO,0.74,0.535,0.0,77,184,
ウォニョン,IVE SECRET,オフラインイベント,10.13 OSAKA,0.721,0.515,0.0,76,184,
ウォニョン,IVE SECRET,Apple Music,3.0,0.568,0.284,0.0,78,175,
ウォニョン,IVE SECRET,Soundwave,4.0,0.856,0.559,0.32,78,184,
ウォニョン,IVE SECRET,withmuu ラキドロ,4.0,0.868,0.394,0.455,77,185,
ウォニョン,IVE SECRET,withmuu ラキドロ,4.0 POLA,0.456,0.407,0.0,66,163,
ウォニョン,IVE SECRET,withmuu,5.0,0.529,0.377,0.0,78,184,
ウォニョン,IVE SECRET,Beatroad,2.0,0.534,0.515,0.0,78,156,
ウォニョン,IVE SECRET,withmuu ラキドロ,6.0 Special HI-BYE-1,0.766,0.596,0.0,78,184,
ウォニョン,IVE SECRET,withmuu ラキドロ,6.0 Special HI-BYE-2,0.672,0.571,0.0,77,184,
ウォニョン,IVE SECRET,Makestar ラキドロ,4.0,0.836,0.519,0.0,77,184,
ウォニョン,IVE SECRET,Soundwave,5.0,0.888,0.733,0.247,77,185,
ウォニョン,IVE SECRET,オフラインイベント,11.23 TOKYO,0.625,0.429,0.0,76,184,
ウォニョン,IVE SECRET,オフラインイベント,11.24 OSAKA,0.846,0.615,0.0,77,185,
ウォニョン,IVE SECRET,Apple Music,4.0,0.793,0.738,0.0,77,185,
ウォニョン,IVE SECRET,KMONSTAR,1.0,0.691,0.663,0.0,77,185,
ウォニョン,IVE SECRET,withmuu,7.0,0.767,0.506,0.0,78,174,
ウォニョン,IVE SECRET,hellolive,2.0,0.925,0.606,0.391,78,185,
ウォニョン,IVE SECRET,NY Music,,0.589,0.578,0.0,76,184,
ウォニョン,IVE SECRET,KMONSTAR,2.0,0.84,0.702,0.0,77,184,
ウォニョン,IVE SECRET,withmuu ラキドロ,8.0-1,0.599,0.581,0.0,77,184,
ウォニョン,IVE SECRET,withmuu ラキドロ,8.0-2,0.902,0.743,0.625,77,184,差し替え
ウォニョン,IVE SECRET,withmuu ラキドロ,8.0 POLA,0.583,0.562,0.0,73,184,
ウォニョン,IVE SECRET,IDOLSHOP,,0.718,0.579,0.0,77,184,
ウォニョン,IVE SECRET,Yetimall ラキドロ,-1,0.661,0.659,0.0,78,185,
ウォニョン,IVE SECRET,Yetimall ラキドロ,-2,0.854,0.626,0.198,78,184,
ウォニョン,IVE SECRET,Yetimall ラキドロ,POLA,0.501,0.499,0.0,75,170,
ウォニョン,IVE SECRET,Makestar,5.0,0.891,0.544,0.385,77,185,
ウォニョン,IVE SECRET,Apple Music ラキドロ,5.0-1,0.864,0.711,0.204,78,185,
ウォニョン,IVE SECRET,Apple Music ラキドロ,5.0-2,0.879,0.654,0.565,78,185,差し替え
ウォニョン,IVE SECRET,Apple Music ラキドロ,5.0 POLA,0.538,0.519,0.0,76,184,
ウォニョン,IVE SECRET,withmuu ラキドロ,9.0-1,0.708,0.636,0.0,67,176,
ウォニョン,IVE SECRET,withmuu ラキドロ,9.0-2,0.628,0.593,0.0,66,185,
ウォニョン,IVE SECRET,Soundwave ラキドロ,6.0,0.684,0.528,0.0,68,184,
ウォニョン,2022 SEASON'S GREETINGS [A RAY OF SUNSHINE],本体封入,,0.91,0.721,0.0,348,185,
ウォニョン,2022 SEASON'S GREETINGS [A RAY OF SUNSHINE],Starship Square,,0.824,0.705,0.0,347,184,
ウォニョン,2022 SEASON'S GREETINGS [A RAY OF SUNSHINE],Synnara,,0.731,0.67,0.0,348,185,
ウォニョン,2022 SEASON'S GREETINGS [A RAY OF SUNSHINE],Soundwave,,0.846,0.678,0.0,347,184,
ウォニョン,2022 SEASON'S GREETINGS [A RAY OF SUNSHINE],Sound Contents,,0.625,0.611,0.0,348,185,
ウォニョン,"2023 SEASON'S GREETINGS [Ready, Get Set, IVE!]",本体封入,,0.853,0.705,0.0,348,184,
ウォニョン,"2023 SEASON'S GREETINGS [Ready, Get Set, IVE!]",Soundwave,,0.777,0.6,0.0,348,185,
ウォニョン,"2023 SEASON'S GREETINGS [Ready, Get Set, IVE!]",Starship Square,,0.833,0.568,0.0,348,183,
ウォニョン,"2023 SEASON'S GREETINGS [Ready, Get Set, IVE!]",Ktown4U,,0.725,0.718,0.0,348,165,
ウォニョン,"2023 SEASON'S GREETINGS [Ready, Get Set, IVE!]",Synnara,,0.841,0.75,0.0,348,185,
ウォニョン,2024 SEASON'S GREETINGS [A Fairy's Wish],本体封入,フォトカードセット,0.862,0.666,0.0,348,184,
ウォニョン,2024 SEASON'S GREETINGS [A Fairy's Wish],Soundwave,,0.649,0.62,0.0,347,185,
ウォニョン,2024 SEASON'S GREETINGS [A Fairy's Wish],Starship Square,,0.777,0.749,0.0,347,185,
ウォニョン,2024 SEASON'S GREETINGS [A Fairy's Wish],Ktown4U,,0.785,0.727,0.0,348,185,
ウォニョン,2024 SEASON'S GREETINGS [A Fairy's Wish],Apple Music,,0.708,0.704,0.0,347,185,
ウォニョン,IVE SWITCH,本体封入,ON,0.898,0.774,0.0,329,184,
ウォニョン,IVE SWITCH,本体封入,OFF,0.938,0.684,0.0,329,184,
ウォニョン,IVE SWITCH,本体封入,SPIN-OFF,0.738,0.718,0.0,329,162,
ウォニョン,IVE SWITCH,本体封入,LOVED IVE,0.932,0.776,0.0,329,185,
ウォニョン,IVE SWITCH,本体封入,Digipack,0.674,0.668,0.0,329,184,
ウォニョン,IVE SWITCH,本体封入,PLVE,0.672,0.633,0.0,329,184,
ウォニョン,IVE SWITCH,本体封入,Lenticular,0.643,0.527,0.0,329,185,
ウォニョン,IVE SWITCH,Starship Square,1,0.642,0.619,0.0,329,184,
ウォニョン,IVE SWITCH,Starship Square,2,0.769,0.603,0.0,224,184,
ウォニョン,IVE SWITCH,Starship Square,LOVED IVE,0.863,0.625,0.0,329,184,
ウォニョン,IVE SWITCH,Starship Square,Digipack,0.93,0.713,0.0,329,184,
ウォニョン,IVE SWITCH,Starship Square,Set 1,0.887,0.694,0.0,329,185,
ウォニョン,IVE SWITCH,Starship Square,Set 2,0.734,0.649,0.0,325,153,
ウォニョン,IVE SWITCH,Starship Square,Set 3,0.9,0.607,0.0,329,185,
ウォニョン,IVE SWITCH,A!SMART,,0.869,0.684,0.0,329,185,
ウォニョン,IVE SWITCH,Apple Music,,0.562,0.525,0.0,329,184,
ウォニョン,IVE SWITCH,KakaoTalk,,0.688,0.612,0.0,329,184,
ウォニョン,IVE SWITCH,Makestar,,0.698,0.626,0.0,227,185,
ウォニョン,IVE SWITCH,Music Korea,,0.753,0.631,0.0,329,184,
ウォニョン,IVE SWITCH,mymusictaste,,0.842,0.665,0.0,329,185,
ウォニョン,IVE SWITCH,Sony Music,,0.696,0.538,0.0,333,184,
ウォニョン,IVE SWITCH,Soundwave,,0.666,0.566,0.0,329,184,
ウォニョン,IVE SWITCH,StarRiver,,0.529,0.527,0.0,329,183,
ウォニョン,IVE SWITCH,Tower Records,,0.858,0.749,0.0,329,184,
ウォニョン,IVE SWITCH,withmuu,,0.699,0.633,0.0,329,165,
ウォニョン,IVE SWITCH,Soundwave ラキドロ,1.0-1,0.792,0.741,0.0,329,184,
ウォニョン,IVE SWITCH,Soundwave ラキドロ,1.0-2,0.849,0.645,0.0,329,185,
ウォニョン,IVE SWITCH,Soundwave ラキドロ,2.0-1,0.966,0.618,0.0,329,185,
ウォニョン,IVE SWITCH,Soundwave ラキドロ,2.0-2,0.793,0.477,0.0,329,184,
ウォニョン,IVE SWITCH,Soundwave ラキドロ,4.0-1,0.941,0.774,0.0,329,185,
ウォニョン,IVE SWITCH,Soundwave ラキドロ,4.0-2,0.967,0.816,0.0,329,184,
ウォニョン,IVE SWITCH,Soundwave ラキドロ,5.0-1,0.987,0.604,0.0,329,184,
ウォニョン,IVE SWITCH,Soundwave ラキドロ,5.0-2,0.973,0.697,0.0,329,184,
ウォニョン,IVE SWITCH,Music Korea ラキドロ,1,0.969,0.585,0.0,329,184,
ウォニョン,IVE SWITCH,Music Korea ラキドロ,2,0.9,0.617,0.0,329,184,
ウォニョン,IVE SWITCH,Makestar ラキドロ,1,0.808,0.611,0.0,333,184,
ウォニョン,IVE SWITCH,Makestar ラキドロ,2,0.957,0.684,0.0,329,185,
ウォニョン,IVE SWITCH,withmuu ラキドロ,1.0-1,0.758,0.645,0.0,329,176,
ウォニョン,IVE SWITCH,withmuu ラキドロ,1.0-2,0.897,0.662,0.0,329,185,
ウォニョン,IVE SWITCH,withmuu ラキドロ,2.0-1,0.853,0.713,0.0,329,185,
ウォニョン,IVE SWITCH,withmuu ラキドロ,2.0-2,0.899,0.601,0.0,329,184,
ウォニョン,IVE SWITCH,withmuu ラキドロ,3.0-1,0.917,0.698,0.0,329,185,
ウォニョン,IVE SWITCH,withmuu ラキドロ,3.0-2,0.79,0.762,0.0,329,168,
ウォニョン,IVE SWITCH,Apple Music ファンサイン,1.0,0.619,0.611,0.0,329,184,
ウォニョン,IVE SWITCH,Apple Music ファンサイン,2.0,0.673,0.666,0.0,329,184,
ウォニョン,IVE SWITCH,Apple Music ファンサイン,3.0,0.926,0.67,0.0,329,185,
ウォニョン,IVE SWITCH,Soundwave ファンサイン,1.0,0.824,0.694,0.0,329,184,
ウォニョン,IVE SWITCH,Soundwave ファンサイン,2.0,0.877,0.609,0.0,329,184,
ウォニョン,IVE SWITCH,Soundwave ファンサイン,Hong Kong,0.877,0.585,0.0,329,185,
ウォニョン,IVE SWITCH,Soundwave ファンサイン,Manila,0.809,0.755,0.0,329,174,
ウォニョン,IVE SWITCH,Soundwave ファンサイン,Jakarta,0.913,0.764,0.0,329,184,
ウォニョン,IVE SWITCH,mymusictaste ファンサイン,,0.777,0.703,0.0,329,185,
ウォニョン,IVE SWITCH,Tower Records ファンサイン,,0.774,0.67,0.0,329,185,
ウォニョン,IVE SWITCH,Makestar ファンサイン,1.0,0.912,0.544,0.0,329,184,
ウォニョン,IVE SWITCH,Makestar ファンサイン,2.0,0.676,0.605,0.0,329,184,
ウォニョン,IVE SWITCH,withmuu ファンサイン,1.0,0.742,0.68,0.0,329,184,
ウォニョン,IVE SWITCH,withmuu ファンサイン,2.0,0.888,0.609,0.0,329,184,
ウォニョン,IVE SWITCH,Yizhiyu ファンサイン,1.0,0.914,0.679,0.0,329,185,
ウォニョン,IVE SWITCH,Yizhiyu ファンサイン,2.0,0.658,0.638,0.0,329,167,
ウォニョン,IVE SWITCH,Yizhiyu ファンサイン,3.0,0.918,0.651,0.0,329,184,
ウォニョン,IVE SWITCH,Yizhiyu ファンサイン,4.0,0.975,0.679,0.0,329,184,
ウォニョン,IVE SWITCH,StarRiver ファンサイン,1.0,0.95,0.699,0.0,329,159,
ウォニョン,IVE SWITCH,StarRiver ファンサイン,2.0,0.903,0.641,0.0,329,175,
ウォニョン,IVE SWITCH,Japan ファンサイン,Tokyo,0.782,0.575,0.0,329,184,
ウォニョン,IVE SWITCH,Japan ファンサイン,Osaka,0.927,0.569,0.0,329,185,
ウォニョン,IVE SWITCH,LINE FRIENDS トレカ,1,0.787,0.719,0.0,333,176,
ウォニョン,IVE SWITCH,LINE FRIENDS トレカ,2,0.799,0.694,0.0,329,166,
ウォニョン,IVE SWITCH,LINE FRIENDS 特典,1,0.868,0.609,0.0,329,184,
ウォニョン,IVE SWITCH,LINE FRIENDS 特典,2,0.874,0.467,0.0,332,185,
ウォニョン,IVE SWITCH,OSAKA イベント,,0.905,0.763,0.0,329,184,
ウォニョン,IVE SWITCH,Broadcast,1週目,0.782,0.571,0.0,329,185,
ウォニョン,IVE SWITCH,Broadcast,2週目,0.561,0.509,0.0,329,184,
ウォニョン,1st WORLD TOUR 'SHOW WHAT I HAVE',MD,Photo Kit,0.947,0.765,0.0,348,184,
ウォニョン,1st WORLD TOUR 'SHOW WHAT I HAVE',MD,Photocard Binder,0.787,0.574,0.0,348,184,
ウォニョン,1st WORLD TOUR 'SHOW WHAT I HAVE',MD,Photocard Holder,0.772,0.52,0.0,347,170,
ウォニョン,1st WORLD TOUR 'SHOW WHAT I HAVE',MD,Cross Bag,0.757,0.684,0.0,348,184,
ウォニョン,1st WORLD TOUR 'SHOW WHAT I HAVE',MD,Necklace,0.915,0.822,0.0,348,184,
ウォニョン,1st WORLD TOUR 'SHOW WHAT I HAVE',Random Photocard,1,0.959,0.614,0.0,231,184,
ウォニョン,1st WORLD TOUR 'SHOW WHAT I HAVE',Random Photocard,2,0.713,0.681,0.0,233,165,
ウォニョン,1st WORLD TOUR 'SHOW WHAT I HAVE',Random Photocard,3,0.654,0.625,0.0,233,184,
ウォニョン,1st WORLD TOUR 'SHOW WHAT I HAVE',Random Photocard,4,0.914,0.701,0.0,231,184,
ウォニョン,1st WORLD TOUR 'SHOW WHAT I HAVE',Japan Random Photocard,1,0.895,0.561,0.0,250,184,
ウォニョン,1st WORLD TOUR 'SHOW WHAT I HAVE',Japan Random Photocard,2,0.795,0.578,0.0,250,162,
ウォニョン,1st WORLD TOUR 'SHOW WHAT I HAVE',2nd DIVE FC Class DIVE,1,0.917,0.682,0.0,213,184,
ウォニョン,1st WORLD TOUR 'SHOW WHAT I HAVE',2nd DIVE FC Class DIVE,2,0.41,0.376,0.0,165,167,
ウォニョン,1st WORLD TOUR 'SHOW WHAT I HAVE',SuperStar STARSHIP,1,0.565,0.541,0.0,213,184,
ウォニョン,1st WORLD TOUR 'SHOW WHAT I HAVE',SuperStar STARSHIP,2,0.679,0.648,0.0,213,156,
ウォニョン,1st WORLD TOUR 'SHOW WHAT I HAVE',SuperStar STARSHIP,3,0.737,0.462,0.0,213,185,
ウォニョン,1st WORLD TOUR 'SHOW WHAT I HAVE',SuperStar STARSHIP,4,0.35,0.336,0.0,213,185,
ウォニョン,WAVE,本体封入,初回AB盤 photocard I,0.913,0.752,0.0,415,184,
ウォニョン,WAVE,本体封入,初回C盤 photocard II,0.921,0.726,0.0,415,184,
ウォニョン,WAVE,本体封入,通常盤 photocard III,0.699,0.681,0.0,165,184,
ウォニョン,WAVE,本体封入,DIVE盤 photocard IV,0.813,0.625,0.0,417,184,
ウォニョン,WAVE,Sony Music ラキドロ,,0.93,0.714,0.0,416,184,
ウォニョン,WAVE,全国CDショップ ラキドロ,,0.939,0.783,0.0,417,185,
ウォニョン,WAVE,タワレコ,抽選会特典,0.939,0.764,0.0,417,185,
ウォニョン,WAVE,Soundwave,ランダム,0.848,0.641,0.0,418,185,
ウォニョン,WAVE,ハイタッチ会,A,0.9,0.865,0.0,245,184,
ウォニョン,WAVE,ハイタッチ会,B,0.888,0.663,0.0,244,184,
ウォニョン,WAVE,タワレコ,ランダム,0.903,0.68,0.0,415,184,
ウォニョン,WAVE,HMV,ランダム,0.953,0.655,0.0,417,184,
ウォニョン,Wonyoung Solo｜ウォニョン個人,Kirsh,21AW 1,0.507,0.499,0.0,165,185,
ウォニョン,Wonyoung Solo｜ウォニョン個人,Kirsh,21AW 2,0.551,0.549,0.0,165,184,
ウォニョン,Wonyoung Solo｜ウォニョン個人,Kirsh,21AW 3,0.478,0.475,0.0,165,184,
ウォニョン,Wonyoung Solo｜ウォニョン個人,Kirsh,21AW 4,0.6,0.53,0.0,166,184,
ウォニョン,Wonyoung Solo｜ウォニョン個人,Kirsh,21AW 5,0.464,0.455,0.0,165,184,
ウォニョン,Wonyoung Solo｜ウォニョン個人,Kirsh,22SS 1,0.667,0.653,0.0,165,184,
ウォニョン,Wonyoung Solo｜ウォニョン個人,Kirsh,22SS 2,0.64,0.6,0.0,165,185,
ウォニョン,Wonyoung Solo｜ウォニョン個人,Kirsh,22SS 3,0.646,0.627,0.0,166,184,
ウォニョン,Wonyoung Solo｜ウォニョン個人,Kirsh,22AW,0.578,0.527,0.0,165,184,
ウォニョン,Wonyoung Solo｜ウォニョン個人,Kirsh,21AW Black Friday 1,0.477,0.429,0.0,165,185,
ウォニョン,Wonyoung Solo｜ウォニョン個人,Kirsh,21AW Black Friday 2,0.621,0.577,0.0,165,185,
ウォニョン,Wonyoung Solo｜ウォニョン個人,Kirsh,21AW Black Friday 3,0.583,0.478,0.0,165,184,
ウォニョン,Wonyoung Solo｜ウォニョン個人,Kirsh,21AW Black Friday 4,0.658,0.655,0.0,165,184,
ウォニョン,Wonyoung Solo｜ウォニョン個人,Kirsh,21AW Black Friday 5,0.504,0.462,0.0,165,184,
ウォニョン,Wonyoung Solo｜ウォニョン個人,Kirsh,21AW Black Friday 6,0.459,0.455,0.0,165,184,
ウォニョン,Wonyoung Solo｜ウォニョン個人,Kirsh,21AW Black Friday 7,0.638,0.531,0.0,166,185,
ウォニョン,Wonyoung Solo｜ウォニョン個人,Kirsh,21AW Black Friday 8,0.53,0.514,0.0,165,185,
ウォニョン,Wonyoung Solo｜ウォニョン個人,Kirsh,21AW Black Friday 9,0.614,0.55,0.0,165,184,
ウォニョン,Wonyoung Solo｜ウォニョン個人,Hapa Kristin,One & Only Brown 1,0.489,0.428,0.0,165,185,
ウォニョン,Wonyoung Solo｜ウォニョン個人,Hapa Kristin,One & Only Brown 2,0.613,0.585,0.0,166,176,
ウォニョン,Wonyoung Solo｜ウォニョン個人,Hapa Kristin,One & Only Brown 3,0.566,0.562,0.0,165,185,
ウォニョン,Wonyoung Solo｜ウォニョン個人,Hapa Kristin,One & Only Gray 1,0.553,0.547,0.0,165,183,
ウォニョン,Wonyoung Solo｜ウォニョン個人,Hapa Kristin,One & Only Gray 2,0.605,0.521,0.0,165,175,
ウォニョン,Wonyoung Solo｜ウォニョン個人,Hapa Kristin,One & Only Gray 3,0.709,0.612,0.0,166,163,
ウォニョン,Wonyoung Solo｜ウォニョン個人,Hapa Kristin,Secretive Beige 1,0.691,0.681,0.0,165,185,
ウォニョン,Wonyoung Solo｜ウォニョン個人,Hapa Kristin,Secretive Beige 2,0.582,0.559,0.0,165,184,
ウォニョン,Wonyoung Solo｜ウォニョン個人,Hapa Kristin,Secretive Beige 3,0.753,0.632,0.0,165,176,
ウォニョン,Wonyoung Solo｜ウォニョン個人,Hapa Kristin,Secretive Olive 1,0.601,0.578,0.0,166,185,
ウォニョン,Wonyoung Solo｜ウォニョン個人,Hapa Kristin,Secretive Olive 2,0.573,0.528,0.0,165,185,
ウォニョン,Wonyoung Solo｜ウォニョン個人,Hapa Kristin,Secretive Olive 3,0.455,0.44,0.0,165,185,
ウォニョン,Wonyoung Solo｜ウォニョン個人,Hapa Kristin,2.0 A to Z,0.631,0.607,0.0,165,184,
ウォニョン,Wonyoung Solo｜ウォニョン個人,Hapa Kristin,2.0 Dewy,0.661,0.66,0.0,166,184,
ウォニョン,Wonyoung Solo｜ウォニョン個人,Hapa Kristin,2.0 Sugar High,0.795,0.736,0.0,165,185,
ウォニョン,Wonyoung Solo｜ウォニョン個人,Hapa Kristin,3.0 A set 1,0.624,0.613,0.0,165,172,
ウォニョン,Wonyoung Solo｜ウォニョン個人,Hapa Kristin,3.0 A set 2,0.671,0.604,0.0,165,175,
ウォニョン,Wonyoung Solo｜ウォニョン個人,Hapa Kristin,3.0 A set 3,0.392,0.388,0.0,166,185,
ウォニョン,Wonyoung Solo｜ウォニョン個人,Hapa Kristin,3.0 B set 1,0.565,0.529,0.0,165,185,
ウォニョン,Wonyoung Solo｜ウォニョン個人,Hapa Kristin,3.0 B set 2,0.761,0.733,0.0,165,185,
ウォニョン,Wonyoung Solo｜ウォニョン個人,Hapa Kristin,3.0 B set 3,0.706,0.695,0.0,165,183,
ウォニョン,Wonyoung Solo｜ウォニョン個人,Hapa Kristin,4.0 1,0.613,0.61,0.0,166,185,
ウォニョン,Wonyoung Solo｜ウォニョン個人,Hapa Kristin,4.0 2,0.457,0.384,0.0,165,175,
ウォニョン,Wonyoung Solo｜ウォニョン個人,Hapa Kristin,4.0 3,0.438,0.419,0.0,165,175,
ウォニョン,Wonyoung Solo｜ウォニョン個人,Hapa Kristin,4.0 4,0.438,0.374,0.0,165,175,
ウォニョン,Wonyoung Solo｜ウォニョン個人,innisfree,set A 1,0.523,0.5,0.0,165,185,
ウォニョン,Wonyoung Solo｜ウォニョン個人,innisfree,set A 2,0.509,0.487,0.0,165,184,
ウォニョン,Wonyoung Solo｜ウォニョン個人,innisfree,set B 1,0.55,0.539,0.0,165,184,
ウォニョン,Wonyoung Solo｜ウォニョン個人,innisfree,set B 2,0.577,0.558,0.0,165,185,
ウォニョン,Wonyoung Solo｜ウォニョン個人,innisfree,Music Bank,0.401,0.369,0.0,166,184,
ウォニョン,Wonyoung Solo｜ウォニョン個人,SK Telecom,1,0.5,0.494,0.0,165,163,
ウォニョン,Wonyoung Solo｜ウォニョン個人,SK Telecom,2,0.424,0.418,0.0,165,155,
ウォニョン,Wonyoung Solo｜ウォニョン個人,SK Telecom,3,0.58,0.468,0.0,165,184,
ウォニョン,Wonyoung Solo｜ウォニョン個人,GOSPHERES,23SS 1,0.706,0.582,0.0,166,185,
ウォニョン,Wonyoung Solo｜ウォニョン個人,GOSPHERES,23SS 2,0.639,0.62,0.0,165,184,
ウォニョン,Wonyoung Solo｜ウォニョン個人,GOSPHERES,23SS 3,0.561,0.557,0.0,165,175,
ウォニョン,Wonyoung Solo｜ウォニョン個人,EIDER,1,0.528,0.469,0.0,165,185,
ウォニョン,Wonyoung Solo｜ウォニョン個人,EIDER,2,0.593,0.576,0.0,166,185,
ウォニョン,Wonyoung Solo｜ウォニョン個人,EIDER,3,0.487,0.468,0.0,166,184,
ウォニョン,Wonyoung Solo｜ウォニョン個人,EIDER,4,0.642,0.582,0.0,165,184,
ウォニョン,Wonyoung Solo｜ウォニョン個人,AMUSE,1.0 Foundation 1,0.643,0.639,0.0,165,184,
ウォニョン,Wonyoung Solo｜ウォニョン個人,AMUSE,1.0 Foundation 2,0.645,0.64,0.0,166,184,
ウォニョン,Wonyoung Solo｜ウォニョン個人,AMUSE,1.0 Lip Tint,0.632,0.574,0.0,165,185,
ウォニョン,Wonyoung Solo｜ウォニョン個人,AMUSE,1.0 Tokyo Cherry,0.745,0.657,0.0,165,184,
ウォニョン,Wonyoung Solo｜ウォニョン個人,AMUSE,2.0 Cushion 1,0.664,0.643,0.0,165,184,
ウォニョン,Wonyoung Solo｜ウォニョン個人,AMUSE,2.0 Cushion 2,0.529,0.467,0.0,166,184,
ウォニョン,Wonyoung Solo｜ウォニョン個人,AMUSE,2.0 Lip Tint,0.748,0.695,0.0,165,185,
ウォニョン,Wonyoung Solo｜ウォニョン個人,Music Bank MC 生放送入場限定,220513,0.673,0.635,0.0,247,184,
ウォニョン,Wonyoung Solo｜ウォニョン個人,Music Bank MC 生放送入場限定,220520,0.584,0.53,0.0,247,184,
ウォニョン,Wonyoung Solo｜ウォニョン個人,Music Bank MC 生放送入場限定,220527,0.536,0.505,0.0,246,185,
ウォニョン,Wonyoung Solo｜ウォニョン個人,Music Bank MC 生放送入場限定,220603,0.574,0.567,0.0,247,184,
ウォニョン,Wonyoung Solo｜ウォニョン個人,Music Bank MC 生放送入場限定,220610,0.675,0.658,0.0,246,184,
ウォニョン,Wonyoung Solo｜ウォニョン個人,Music Bank MC 生放送入場限定,220617,0.323,0.294,0.0,234,166,
ウォニョン,Wonyoung Solo｜ウォニョン個人,Music Bank MC 生放送入場限定,220624,0.518,0.407,0.0,240,185,
ウォニョン,Wonyoung Solo｜ウォニョン個人,Music Bank MC 生放送入場限定,220701,0.543,0.541,0.0,247,184,
ウォニョン,Wonyoung Solo｜ウォニョン個人,Music Bank MC 生放送入場限定,220708,0.461,0.452,0.0,240,185,
ウォニョン,Wonyoung Solo｜ウォニョン個人,Music Bank MC 生放送入場限定,220715,0.62,0.53,0.0,246,185,
ウォニョン,Wonyoung Solo｜ウォニョン個人,Music Bank MC 生放送入場限定,220722,0.41,0.38,0.0,240,184,
ウォニョン,Wonyoung Solo｜ウォニョン個人,Music Bank MC 生放送入場限定,220729,0.469,0.464,0.0,247,184,
ウォニョン,Wonyoung Solo｜ウォニョン個人,Music Bank MC 生放送入場限定,220812,0.534,0.517,0.0,247,185,
ウォニョン,Wonyoung Solo｜ウォニョン個人,Music Bank MC 生放送入場限定,220819,0.531,0.507,0.0,247,185,
ウォニョン,Wonyoung Solo｜ウォニョン個人,Music Bank MC 生放送入場限定,220923,0.615,0.543,0.0,246,185,
ウォニョン,Wonyoung Solo｜ウォニョン個人,Music Bank MC 生放送入場限定,220930,0.666,0.621,0.0,246,185,
ウォニョン,Wonyoung Solo｜ウォニョン個人,Music Bank MC 生放送入場限定,221007,0.441,0.409,0.0,247,184,
ウォニョン,Wonyoung Solo｜ウォニョン個人,Music Bank MC 生放送入場限定,221021,0.505,0.497,0.0,246,185,
ウォニョン,Wonyoung Solo｜ウォニョン個人,Music Bank MC 生放送入場限定,221028,0.683,0.646,0.0,247,183,
ウォニョン,Wonyoung Solo｜ウォニョン個人,Music Bank MC 生放送入場限定,221118,0.526,0.496,0.0,247,184,
ウォニョン,Wonyoung Solo｜ウォニョン個人,Music Bank MC 生放送入場限定,221125,0.466,0.455,0.0,246,184,
ウォニョン,Wonyoung Solo｜ウォニョン個人,Music Bank MC 生放送入場限定,221209,0.511,0.412,0.0,240,185,
ウォニョン,Wonyoung Solo｜ウォニョン個人,Music Bank MC 生放送入場限定,230113,0.533,0.423,0.0,247,184,
ウォニョン,Wonyoung Solo｜ウォニョン個人,Music Bank MC 生放送入場限定,名刺,0.62,0.579,0.0,51,185,
ウォニョン,After LIKE,本体封入,ver.1,0.835,0.576,0.0,374,184,
ウォニョン,After LIKE,本体封入,ver.2,0.844,0.703,0.0,374,185,
ウォニョン,After LIKE,本体封入,ver.3,0.889,0.881,0.0,376,185,
ウォニョン,After LIKE,本体封入,Jewel ver.,0.921,0.661,0.0,376,184,
ウォニョン,After LIKE,Fansign,ATL ver.,0.865,0.548,0.0,330,184,
ウォニョン,After LIKE,Daum Cafe,,0.88,0.862,0.0,330,185,
ウォニョン,After LIKE,Broadcast,After ver.,0.746,0.71,0.0,216,185,
ウォニョン,After LIKE,Broadcast,Like ver.,0.733,0.518,0.0,216,185,
ウォニョン,After LIKE,Jewel ver. POB,6set,0.901,0.629,0.0,367,184,
ウォニョン,After LIKE,Jewel ver. POB,6+3set,0.922,0.69,0.0,367,184,
ウォニョン,After LIKE,Starship Square,CHU~♥ 1,0.864,0.565,0.0,365,184,
ウォニョン,After LIKE,Starship Square,CHU~♥ 2,0.892,0.686,0.0,367,176,
ウォニョン,After LIKE,Bandina,,0.914,0.738,0.0,367,184,
ウォニョン,After LIKE,mymusictaste,,0.707,0.626,0.0,367,184,
ウォニョン,After LIKE,withmuu,1.0,0.903,0.712,0.0,367,185,
ウォニョン,After LIKE,Soundwave,1.0,0.862,0.72,0.0,367,184,
ウォニョン,After LIKE,Naver Shopping Live,,0.637,0.562,0.0,367,164,
ウォニョン,After LIKE,Tower Records,1,0.876,0.865,0.0,367,184,
ウォニョン,After LIKE,Beatroad,,0.892,0.589,0.0,367,184,
ウォニョン,After LIKE,Apple Music,,0.846,0.762,0.0,367,185,
ウォニョン,After LIKE,Namil Music,,0.892,0.632,0.0,367,184,
ウォニョン,After LIKE,MokketShop,,0.876,0.727,0.0,367,184,
ウォニョン,After LIKE,Music Korea,,0.931,0.751,0.0,367,185,
ウォニョン,After LIKE,Soundwave,3.0,0.905,0.789,0.0,367,176,
ウォニョン,After LIKE,StarRiver,,0.944,0.685,0.0,367,184,
ウォニョン,After LIKE,withmuu,3.0,0.91,0.744,0.0,367,185,
ウォニョン,After LIKE,Soundwave,4.0,0.866,0.657,0.0,367,184,
ウォニョン,After LIKE,Soundwave ラキドロ,2.0-1,0.924,0.69,0.0,367,184,
ウォニョン,After LIKE,Soundwave ラキドロ,2.0-2,0.935,0.584,0.0,369,185,
ウォニョン,After LIKE,Soundwave ラキドロ,2.0-3,0.935,0.686,0.0,367,185,
ウォニョン,After LIKE,withmuu ラキドロ,2.0-1,0.904,0.707,0.0,367,185,
ウォニョン,After LIKE,withmuu ラキドロ,2.0-2,0.888,0.65,0.0,367,185,
ウォニョン,REVIVE+,KMStation,3.0,0.6,0.57,0.0,324,184,
ウォニョン,REVIVE+,KMStation,4.0,0.567,0.544,0.0,275,184,
ウォニョン,LUCID DREAM,オフラインイベント,9.20 スペシャルイベント,0.558,0.536,0.0,305,183,
リズ,2nd FANMEETING 'MAGAZINE IVE',Random Photocard Pack,1,0.757,0.575,0.0,204,184,
リズ,2nd FANMEETING 'MAGAZINE IVE',Random Photocard Pack,2,0.736,0.556,0.0,203,185,
リズ,2nd FANMEETING 'MAGAZINE IVE',Random Photocard Pack,3,0.706,0.551,0.0,205,185,
リズ,2nd FANMEETING 'MAGAZINE IVE',Random Photocard Pack,4,0.731,0.603,0.0,202,185,
リズ,2nd FANMEETING 'MAGAZINE IVE',MD,Photo Kit,0.565,0.54,0.0,203,174,
リズ,2nd FANMEETING 'MAGAZINE IVE',MD,Polaroid,0.511,0.495,0.0,205,157,
リズ,2nd FANMEETING 'MAGAZINE IVE',MD,Photocard Holder,0.735,0.601,0.0,203,184,
リズ,2nd FANMEETING 'MAGAZINE IVE',MD,Acrylic Turning Stand,0.774,0.556,0.0,204,174,
リズ,2nd FANMEETING 'MAGAZINE IVE',MD,Cushion,0.539,0.449,0.0,203,184,
リズ,2nd FANMEETING 'MAGAZINE IVE',Special Photocard,Day 1,0.546,0.436,0.0,205,185,
リズ,2nd FANMEETING 'MAGAZINE IVE',Special Photocard,Day 2,0.453,0.419,0.0,205,176,
リズ,2nd FANMEETING 'MAGAZINE IVE',SuperStar STARSHIP,1,0.595,0.542,0.0,194,184,
リズ,2nd FANMEETING 'MAGAZINE IVE',SuperStar STARSHIP,2,0.725,0.612,0.0,193,176,
リズ,2nd FANMEETING 'MAGAZINE IVE',SuperStar STARSHIP,3,0.808,0.704,0.0,190,184,
リズ,2nd FANMEETING 'MAGAZINE IVE',SuperStar STARSHIP,4,0.536,0.49,0.0,192,184,
リズ,3rd FAN CONCERT 'IVE SCOUT',Random Photocard Pack Japan,1,0.813,0.725,0.0,206,176,
リズ,3rd FAN CONCERT 'IVE SCOUT',Random Photocard Pack Japan,2,0.875,0.74,0.0,204,184,
リズ,3rd FAN CONCERT 'IVE SCOUT',MD,Photo Kit,0.758,0.592,0.0,206,184,
リズ,3rd FAN CONCERT 'IVE SCOUT',MD,Acrylic Stand,0.89,0.506,0.0,204,185,
リズ,3rd FAN CONCERT 'IVE SCOUT',MD,Bandana,0.916,0.627,0.0,206,184,
リズ,3rd FAN CONCERT 'IVE SCOUT',MD,Whistle Necklace,0.828,0.606,0.0,204,185,
リズ,3rd FAN CONCERT 'IVE SCOUT',MD,Stainless Mug,0.807,0.491,0.0,206,184,
リズ,3rd FAN CONCERT 'IVE SCOUT',MD,Cereal Bowl + Spoon Set,0.655,0.419,0.0,202,172,
リズ,3rd FAN CONCERT 'IVE SCOUT',DIVE JAPAN,Clear Files,0.871,0.48,0.0,200,184,
リズ,3rd FAN CONCERT 'IVE SCOUT',Lotte Cinema Live Viewing,,0.84,0.712,0.0,204,183,
リズ,3rd FAN CONCERT 'IVE SCOUT',DIVE ZONE FC ブース特典,Day 2,0.774,0.469,0.0,204,164,
リズ,3rd FAN CONCERT 'IVE SCOUT',VIP Perks Japan,,0.741,0.536,0.0,206,184,
リズ,3rd FAN CONCERT 'IVE SCOUT',SuperStar STARSHIP,1,0.759,0.617,0.0,190,175,
リズ,3rd FAN CONCERT 'IVE SCOUT',SuperStar STARSHIP,2,0.837,0.72,0.0,193,184,
リズ,2nd WORLD TOUR 'SHOW WHAT I AM',Random Photocard Pack Korea,1,0.743,0.716,0.0,206,176,
リズ,2nd WORLD TOUR 'SHOW WHAT I AM',Random Photocard Pack Korea,2,0.824,0.601,0.0,204,184,
リズ,2nd WORLD TOUR 'SHOW WHAT I AM',Random Photocard Pack Korea,3,0.902,0.625,0.0,206,185,
リズ,2nd WORLD TOUR 'SHOW WHAT I AM',Random Photocard Pack Korea,4,0.932,0.738,0.0,204,184,
リズ,2nd WORLD TOUR 'SHOW WHAT I AM',Random Photocard Pack Korea,5,0.791,0.722,0.0,206,184,
リズ,2nd WORLD TOUR 'SHOW WHAT I AM',Random Photocard Pack Korea,6,0.797,0.495,0.0,204,185,
リズ,2nd WORLD TOUR 'SHOW WHAT I AM',Random Photocard Pack Japan,1,0.82,0.604,0.0,190,175,
リズ,2nd WORLD TOUR 'SHOW WHAT I AM',Random Photocard Pack Japan,2,0.664,0.432,0.0,177,184,
リズ,2nd WORLD TOUR 'SHOW WHAT I AM',MD,Chain Strap,0.863,0.518,0.0,206,185,
リズ,2nd WORLD TOUR 'SHOW WHAT I AM',MD,Smart Tok,0.941,0.678,0.0,204,185,
リズ,2nd WORLD TOUR 'SHOW WHAT I AM',MD,Acrylic Stand,0.922,0.635,0.0,206,184,
リズ,2nd WORLD TOUR 'SHOW WHAT I AM',MD,Ring,0.805,0.578,0.0,204,184,
リズ,2nd WORLD TOUR 'SHOW WHAT I AM',MD,70K Benefit,0.791,0.665,0.0,206,184,
リズ,2nd WORLD TOUR 'SHOW WHAT I AM',DIVE ZONE FC ブース特典,Day 1,0.877,0.742,0.0,204,183,
リズ,2nd WORLD TOUR 'SHOW WHAT I AM',DIVE ZONE FC ブース特典,Day 2,0.562,0.494,0.0,206,184,
リズ,2nd WORLD TOUR 'SHOW WHAT I AM',DIVE ZONE FC ブース特典,Day 3,0.856,0.532,0.0,204,185,
リズ,2nd WORLD TOUR 'SHOW WHAT I AM',VIP Perks Japan,,0.925,0.571,0.0,206,185,
リズ,2nd WORLD TOUR 'SHOW WHAT I AM',SuperStar STARSHIP,1,0.665,0.525,0.0,193,173,
リズ,2nd WORLD TOUR 'SHOW WHAT I AM',SuperStar STARSHIP,2,0.84,0.523,0.0,195,184,
リズ,4th FAN CONCERT 'DIVE into IVE',SuperStar STARSHIP,1,0.716,0.562,0.0,200,173,
リズ,4th FAN CONCERT 'DIVE into IVE',SuperStar STARSHIP,2,0.764,0.437,0.0,200,184,
リズ,Collab & Event｜コラボ・イベント,MINIVE POP-UP 'MINIVE PARK',Poca Binder,0.888,0.296,0.0,202,184,
リズ,Collab & Event｜コラボ・イベント,MINIVE POP-UP 'MINIVE PARK',Face Cushion,0.904,0.555,0.0,205,175,
リズ,Collab & Event｜コラボ・イベント,MINIVE POP-UP 'MINIVE PARK',Mega Cushion,0.811,0.638,0.0,203,184,
リズ,Collab & Event｜コラボ・イベント,MINIVE POP-UP 'MINIVE PARK',Pouch,0.797,0.671,0.0,204,171,
リズ,Collab & Event｜コラボ・イベント,MINIVE POP-UP 'MINIVE PARK',50K Benefit 1st week,0.861,0.592,0.0,203,184,
リズ,Collab & Event｜コラボ・イベント,MINIVE POP-UP 'MINIVE PARK',50K Benefit 2nd week,0.62,0.619,0.0,205,184,
リズ,Collab & Event｜コラボ・イベント,SuperStar STARSHIP,KCON LA,0.84,0.604,0.0,193,184,
リズ,Collab & Event｜コラボ・イベント,SuperStar STARSHIP,LONDON,0.775,0.566,0.0,203,185,
リズ,1st FAN CONCERT 'The Prom Queens',DVD・Blu-ray・Kit,DVD,0.868,0.624,0.0,202,174,
リズ,1st FAN CONCERT 'The Prom Queens',DVD・Blu-ray・Kit,Blu-ray,0.82,0.796,0.0,205,185,
リズ,1st FAN CONCERT 'The Prom Queens',DVD・Blu-ray・Kit,Kit,0.593,0.55,0.0,205,184,
リズ,1st FAN CONCERT 'The Prom Queens',DVD・Blu-ray・Kit,Kit POLA,0.619,0.554,0.0,175,158,
リズ,1st FAN CONCERT 'The Prom Queens',DVD・Blu-ray・Kit,Apple Music 特典,0.881,0.639,0.0,206,184,
リズ,1st FAN CONCERT 'The Prom Queens',DVD・Blu-ray・Kit,特典（店舗不明）,0.924,0.701,0.0,205,184,
リズ,Collab & Event｜コラボ・イベント,1st PHOTOBOOK 'A Dreamy Day',Pool Party ver.,0.928,0.624,0.0,204,185,
リズ,Collab & Event｜コラボ・イベント,1st PHOTOBOOK 'A Dreamy Day',Summer Beach Story ver.,0.904,0.578,0.0,203,185,
リズ,Collab & Event｜コラボ・イベント,1st PHOTOBOOK 'A Dreamy Day',Polaroid,0.67,0.652,0.0,163,184,
リズ,Collab & Event｜コラボ・イベント,1st PHOTOBOOK 'A Dreamy Day',Starship Square,0.969,0.761,0.0,202,184,
リズ,Collab & Event｜コラボ・イベント,1st PHOTOBOOK 'A Dreamy Day',withmuu,0.899,0.641,0.0,206,184,
リズ,Collab & Event｜コラボ・イベント,MINIVE Christmas,,0.515,0.498,0.0,202,159,
リズ,DIVE Official Fanclub｜ファンクラブ,DIVE 3期 'IVE SCOUT',,0.789,0.533,0.0,206,185,
リズ,DIVE Official Fanclub｜ファンクラブ,DIVE 3期 'IVE SCOUT',DIVE JAPAN,0.634,0.53,0.0,202,185,
リズ,DIVE Official Fanclub｜ファンクラブ,DIVE JAPAN Phone Tab,,0.88,0.747,0.0,205,184,
リズ,DIVE Official Fanclub｜ファンクラブ,DIVE JAPAN Phone Tab,FC 特典,0.843,0.603,0.0,203,184,
リズ,1st WORLD TOUR 'SHOW WHAT I HAVE',Thailand Random Photocard,1,0.62,0.47,0.0,203,184,
リズ,1st WORLD TOUR 'SHOW WHAT I HAVE',Thailand Random Photocard,2,0.524,0.487,0.0,205,162,
リズ,1st WORLD TOUR 'SHOW WHAT I HAVE',MD,Trading Card Stand（東京ドーム）1,0.833,0.625,0.0,202,176,
リズ,1st WORLD TOUR 'SHOW WHAT I HAVE',MD,Trading Card Stand（東京ドーム）2,0.529,0.449,0.0,206,182,
リズ,1st WORLD TOUR 'SHOW WHAT I HAVE',DIVE JAPAN,Label Drink,0.675,0.636,0.0,202,185,
リズ,IVE SWITCH,LINE FRIENDS トレカ,3,0.909,0.499,0.0,205,185,
リズ,IVE SWITCH,LINE FRIENDS トレカ,4,0.843,0.667,0.0,203,165,
リズ,IVE SWITCH,LINE FRIENDS キーリング,,0.719,0.453,0.0,204,184,
リズ,IVE SWITCH,LINE FRIENDS 特典,3,0.523,0.483,0.0,205,185,
リズ,Magazine｜雑誌特典,"DICON 'I have a dream, I have a fantasy'",Lucky Card Set 1,0.932,0.518,0.0,203,185,
リズ,Magazine｜雑誌特典,"DICON 'I have a dream, I have a fantasy'",Lucky Card Set 2,0.811,0.511,0.0,204,185,
リズ,Magazine｜雑誌特典,"DICON 'I have a dream, I have a fantasy'",Type A 1,0.465,0.418,0.0,203,184,
リズ,Magazine｜雑誌特典,"DICON 'I have a dream, I have a fantasy'",Type A 2,0.884,0.684,0.0,205,184,
リズ,Magazine｜雑誌特典,"DICON 'I have a dream, I have a fantasy'",Type A 3,0.82,0.692,0.0,205,184,
リズ,Magazine｜雑誌特典,"DICON 'I have a dream, I have a fantasy'",Double Sided,0.676,0.435,0.0,202,184,
リズ,Magazine｜雑誌特典,"DICON 'I have a dream, I have a fantasy'",Type B 1,0.88,0.509,0.0,205,185,
リズ,Magazine｜雑誌特典,"DICON 'I have a dream, I have a fantasy'",Type B 2,0.791,0.507,0.0,205,184,
リズ,Magazine｜雑誌特典,"DICON 'I have a dream, I have a fantasy'",Type B 3,0.899,0.474,0.0,202,184,
リズ,Magazine｜雑誌特典,"DICON 'I have a dream, I have a fantasy'",Kakao 特典 1,0.746,0.456,0.0,205,184,
リズ,Magazine｜雑誌特典,"DICON 'I have a dream, I have a fantasy'",Kakao 特典 2,0.865,0.465,0.0,205,185,
リズ,1st WORLD TOUR 'SHOW WHAT I HAVE',Encore（アンコール）,Random Photocard 1,0.9,0.554,0.0,205,184,
リズ,1st WORLD TOUR 'SHOW WHAT I HAVE',Encore（アンコール）,Random Photocard 2,0.787,0.557,0.0,202,176,
リズ,1st WORLD TOUR 'SHOW WHAT I HAVE',Encore（アンコール）,Wing Hair Pin Set,0.723,0.327,0.0,206,174,
リズ,1st WORLD TOUR 'SHOW WHAT I HAVE',Encore（アンコール）,Compact Mirror,0.672,0.649,0.0,202,160,
リズ,1st WORLD TOUR 'SHOW WHAT I HAVE',Encore（アンコール）,Photocard Holder Keyring,0.654,0.53,0.0,205,164,
リズ,1st WORLD TOUR 'SHOW WHAT I HAVE',Encore（アンコール）,DIVE ZONE Day 1,0.641,0.599,0.0,203,166,
リズ,1st WORLD TOUR 'SHOW WHAT I HAVE',Encore（アンコール）,DIVE ZONE Day 2,0.565,0.511,0.0,204,185,
リズ,1st WORLD TOUR 'SHOW WHAT I HAVE',Encore（アンコール）,SuperStar STARSHIP 1,0.837,0.584,0.0,197,184,
リズ,1st WORLD TOUR 'SHOW WHAT I HAVE',Encore（アンコール）,SuperStar STARSHIP 2,0.64,0.348,0.0,198,169,
リズ,Pepsi × IVE 'BLUE & BLACK',IVE × PEPSI 2025,1,0.477,0.476,0.0,205,171,
リズ,Pepsi × IVE 'BLUE & BLACK',IVE × PEPSI 2025,2,0.454,0.454,0.0,205,184,
リズ,1st WORLD TOUR 'SHOW WHAT I HAVE',Encore Blu-ray・Kit,Blu-ray,0.605,0.592,0.0,205,176,
リズ,1st WORLD TOUR 'SHOW WHAT I HAVE',Encore Blu-ray・Kit,Kit,0.658,0.568,0.0,205,176,
リズ,1st WORLD TOUR 'SHOW WHAT I HAVE',Encore Blu-ray・Kit,Apple Music 特典,0.663,0.544,0.0,202,184,
リズ,1st WORLD TOUR 'SHOW WHAT I HAVE',Encore Blu-ray・Kit,Ktown4U 特典,0.73,0.629,0.0,205,185,
リズ,1st WORLD TOUR 'SHOW WHAT I HAVE',Encore Blu-ray・Kit,Starship Square 特典,0.572,0.538,0.0,205,185,
リズ,DIVE Official Fanclub｜ファンクラブ,DIVE 4期 'DIVE into IVE',,0.923,0.51,0.0,205,184,
リズ,DIVE Official Fanclub｜ファンクラブ,DIVE 4期 'DIVE into IVE',DIVE JAPAN,0.907,0.652,0.0,205,184,
リズ,Collab & Event｜コラボ・イベント,Papa John's,7.0,0.377,0.364,0.0,206,184,
リズ,Collab & Event｜コラボ・イベント,MINIVE POP-UP 'MINIVE SCHOOL',Fluffy Plush,0.308,0.305,0.0,204,184,
リズ,Collab & Event｜コラボ・イベント,MINIVE POP-UP 'MINIVE SCHOOL',Hug Bag,0.646,0.495,0.0,203,163,
リズ,Collab & Event｜コラボ・イベント,MINIVE POP-UP 'MINIVE SCHOOL',70K Benefit,0.871,0.667,0.0,204,184,
リズ,Collab & Event｜コラボ・イベント,MINIVE POP-UP 'MINIVE SCHOOL',Shanghai MD 特典,0.871,0.534,0.0,206,184,
リズ,Collab & Event｜コラボ・イベント,MINIVE POP-UP 'MINIVE SCHOOL',Taipei & Kaohsiung MD 特典,0.718,0.504,0.0,204,184,
リズ,Collab & Event｜コラボ・イベント,公式ペンライト,ver.2,0.725,0.631,0.0,204,185,
リズ,Collab & Event｜コラボ・イベント,SuperStar POP-UP 'STAR+ING: Christmas Bear',Best,0.681,0.555,0.0,196,170,
リズ,Collab & Event｜コラボ・イベント,SuperStar POP-UP 'STAR+ING: Christmas Bear',Christmas,0.878,0.643,0.0,192,184,
リズ,Collab & Event｜コラボ・イベント,SuperStar POP-UP 'STAR+ING: Christmas Bear',Winter,0.848,0.344,0.0,195,185,
リズ,Collab & Event｜コラボ・イベント,SuperStar POP-UP 'STAR+ING: Christmas Bear',STAR+ING Tokyo,0.499,0.443,0.0,195,184,
リズ,Liz Solo｜リズ個人,powercircles 'Colorful Summer'（2025.6）,Set A 1,0.454,0.433,0.0,206,184,
リズ,Liz Solo｜リズ個人,powercircles 'Colorful Summer'（2025.6）,Set A 2,0.456,0.419,0.0,202,184,
リズ,Liz Solo｜リズ個人,powercircles 'Colorful Summer'（2025.6）,Set A POLA,0.402,0.35,0.0,203,183,
リズ,Liz Solo｜リズ個人,powercircles 'Colorful Summer'（2025.6）,Set B 1,0.432,0.368,0.0,200,185,
リズ,Liz Solo｜リズ個人,powercircles 'Colorful Summer'（2025.6）,Set B 2,0.615,0.523,0.0,206,184,
リズ,Liz Solo｜リズ個人,powercircles 'Colorful Summer'（2025.6）,Set B POLA,0.631,0.606,0.0,204,182,
リズ,Liz Solo｜リズ個人,powercircles 'Colorful Summer'（2025.6）,Set C 1,0.493,0.442,0.0,206,185,
リズ,Liz Solo｜リズ個人,powercircles 'Colorful Summer'（2025.6）,Set C 2,0.745,0.745,0.0,204,156,
リズ,Liz Solo｜リズ個人,powercircles 'Colorful Summer'（2025.6）,Set C POLA,0.55,0.518,0.0,203,156,
リズ,Liz Solo｜リズ個人,powercircles 'Colorful Summer'（2025.6）,Set D POLA 1,0.459,0.451,0.0,203,158,
リズ,Liz Solo｜リズ個人,powercircles 'Colorful Summer'（2025.6）,Set D POLA 2,0.454,0.44,0.0,203,156,
リズ,Liz Solo｜リズ個人,powercircles 'Colorful Summer'（2025.6）,Set D POLA 3,0.554,0.516,0.0,204,158,
リズ,Liz Solo｜リズ個人,WAVES 漫潮 'Princess Thief'（2025.10）,Set A 1,0.702,0.688,0.0,204,184,
リズ,Liz Solo｜リズ個人,WAVES 漫潮 'Princess Thief'（2025.10）,Set A 2,0.657,0.653,0.0,206,184,
リズ,Liz Solo｜リズ個人,WAVES 漫潮 'Princess Thief'（2025.10）,Set A POLA,0.503,0.487,0.0,203,184,
リズ,Liz Solo｜リズ個人,WAVES 漫潮 'Princess Thief'（2025.10）,Set B 1,0.517,0.513,0.0,206,169,
リズ,Liz Solo｜リズ個人,WAVES 漫潮 'Princess Thief'（2025.10）,Set B 2,0.631,0.602,0.0,204,184,
リズ,Liz Solo｜リズ個人,WAVES 漫潮 'Princess Thief'（2025.10）,Set B POLA,0.478,0.466,0.0,204,158,
リズ,Liz Solo｜リズ個人,WAVES 漫潮 'Princess Thief'（2025.10）,Set C 1,0.549,0.537,0.0,204,184,
リズ,Liz Solo｜リズ個人,WAVES 漫潮 'Princess Thief'（2025.10）,Set C 2,0.594,0.579,0.0,206,184,
リズ,Liz Solo｜リズ個人,WAVES 漫潮 'Princess Thief'（2025.10）,Set C POLA,0.456,0.446,0.0,203,182,
リズ,Liz Solo｜リズ個人,WAVES 漫潮 'Princess Thief'（2025.10）,Set D POLA 1,0.489,0.451,0.0,191,184,
リズ,Liz Solo｜リズ個人,WAVES 漫潮 'Princess Thief'（2025.10）,Set D POLA 2,0.617,0.615,0.0,203,184,
リズ,Liz Solo｜リズ個人,WAVES 漫潮 'Princess Thief'（2025.10）,Set D POLA 3,0.646,0.575,0.0,203,184,
リズ,Liz Solo｜リズ個人,8seconds,1,0.542,0.505,0.0,206,185,
リズ,Liz Solo｜リズ個人,8seconds,2,0.613,0.604,0.0,204,185,
リズ,Liz Solo｜リズ個人,8seconds,3,0.601,0.599,0.0,206,184,
リズ,Liz Solo｜リズ個人,s.nature,1,0.765,0.717,0.0,204,176,
リズ,Liz Solo｜リズ個人,s.nature,2,0.735,0.66,0.0,206,185,
リズ,Liz Solo｜リズ個人,s.nature,3,0.709,0.705,0.0,204,184,
リズ,Liz Solo｜リズ個人,s.nature,4,0.778,0.774,0.0,206,185,
リズ,Liz Solo｜リズ個人,TONYMOLY,1,0.712,0.7,0.0,204,183,
リズ,Liz Solo｜リズ個人,TONYMOLY,2,0.605,0.601,0.0,206,171,
リズ,Liz Solo｜リズ個人,TONYMOLY,3,0.634,0.622,0.0,204,184,
リズ,Music Show & Broadcast｜音楽番組・公開放送,MBC 音楽中心 公開放送,,0.824,0.658,0.0,341,176,
リズ,Music Show & Broadcast｜音楽番組・公開放送,SBS 歌謡大祭典 公開放送,,0.931,0.641,0.0,331,184,
リズ,Collab & Event｜コラボ・イベント,UNI-KON,,0.895,0.491,0.0,331,184,
リズ,Collab & Event｜コラボ・イベント,V Coloring イベント特典,,0.768,0.736,0.0,348,175,
リズ,ELEVEN,本体封入,ver.1,0.965,0.65,0.0,393,184,
リズ,ELEVEN,本体封入,ver.2,0.751,0.639,0.0,393,157,
リズ,ELEVEN,POB,ID Card,0.782,0.617,0.0,89,184,
リズ,ELEVEN,POB,Message Card,0.328,0.317,0.0,163,184,
リズ,ELEVEN,Starship Square,1,0.567,0.558,0.0,391,183,
リズ,ELEVEN,Starship Square,2,0.605,0.566,0.0,211,156,
リズ,ELEVEN,Ktown4U,,0.829,0.572,0.0,330,175,
リズ,ELEVEN,Soundwave,1.0,0.518,0.411,0.0,330,156,
リズ,ELEVEN,Yizhiyu,1.0,0.702,0.64,0.0,145,160,
リズ,ELEVEN,Yizhiyu,2.0,0.703,0.673,0.0,331,176,
リズ,ELEVEN,Tower Records,,0.644,0.625,0.0,165,164,
リズ,ELEVEN,Shopee,,0.857,0.716,0.0,330,175,
リズ,ELEVEN,mymusictaste,,0.785,0.532,0.0,330,184,
リズ,ELEVEN,Soundwave ラキドロ,2.0-1,0.782,0.549,0.0,393,176,
リズ,ELEVEN,Soundwave ラキドロ,2.0-2,0.899,0.705,0.0,393,176,
リズ,ELEVEN,Soundwave ラキドロ,2.0 POLA,0.934,0.668,0.0,144,156,
リズ,ELEVEN,Withdrama ラキドロ,2.0-1,0.721,0.448,0.0,165,183,
リズ,ELEVEN,Withdrama ラキドロ,2.0-2,0.747,0.562,0.0,393,157,
リズ,ELEVEN,Withdrama ラキドロ,2.0 POLA,0.86,0.641,0.0,150,158,
リズ,ELEVEN,EVERLINE,1.0,0.715,0.578,0.0,331,159,
リズ,ELEVEN,Makestar,1.0,0.669,0.61,0.0,332,156,
リズ,ELEVEN,Withdrama,3.0,0.731,0.53,0.0,331,176,
リズ,ELEVEN,Wonderwall,,0.712,0.401,0.0,331,176,
リズ,ELEVEN,Soundwave,3.0,0.501,0.484,0.0,330,156,
リズ,ELEVEN,EVERLINE,2.0,0.624,0.427,0.0,331,176,
リズ,ELEVEN,JoeunMusic,,0.913,0.719,0.0,330,184,
リズ,ELEVEN,Makestar,2.0,0.459,0.444,0.0,331,184,
リズ,ELEVEN,Daum Cafe,,0.702,0.558,0.0,332,165,
リズ,IVE EMPATHY,本体封入,Me ver.,0.927,0.761,0.0,376,184,
リズ,IVE EMPATHY,本体封入,You ver.,0.732,0.529,0.0,89,176,
リズ,IVE EMPATHY,本体封入,And us ver.,0.509,0.466,0.0,377,164,
リズ,IVE EMPATHY,本体封入,LOVED IVE ver.,0.768,0.516,0.0,376,176,
リズ,IVE EMPATHY,本体封入,PLVE,0.825,0.693,0.0,376,156,
リズ,IVE EMPATHY,本体封入,Digipack,0.569,0.511,0.0,89,156,
リズ,IVE EMPATHY,MD,,0.74,0.435,0.0,379,173,
リズ,IVE EMPATHY,Broadcast,1.0,0.566,0.545,0.0,88,160,
リズ,IVE EMPATHY,Broadcast,2.0,0.775,0.354,0.0,376,184,
リズ,IVE EMPATHY,Starship Square,3TYPE 1,0.831,0.796,0.0,376,175,
リズ,IVE EMPATHY,Starship Square,3TYPE 2,0.491,0.468,0.0,379,175,
リズ,IVE EMPATHY,Starship Square,4TYPE,0.836,0.738,0.0,376,170,
リズ,IVE EMPATHY,Starship Square,3+6 (A),0.577,0.564,0.0,84,154,
リズ,IVE EMPATHY,Starship Square,3+6 (B),0.843,0.463,0.0,379,183,
リズ,IVE EMPATHY,Starship Square,LOVED IVE,0.49,0.449,0.0,85,166,
リズ,IVE EMPATHY,Starship Square,Digipack,0.8,0.599,0.0,86,184,
リズ,IVE EMPATHY,Soundwave,1.0,0.739,0.608,0.0,376,176,
リズ,IVE EMPATHY,withmuu,1.0,0.85,0.743,0.0,376,162,
リズ,IVE EMPATHY,Apple Music,1.0,0.859,0.568,0.0,376,184,
リズ,IVE EMPATHY,Makestar,1.0,0.761,0.436,0.0,376,182,
リズ,IVE EMPATHY,mymusictaste,1.0,0.615,0.536,0.0,378,176,
リズ,IVE EMPATHY,withmuu,2.0 Live Studio Choom,0.917,0.586,0.0,379,162,
リズ,IVE EMPATHY,Tower Records,A,0.775,0.613,0.0,376,184,
リズ,IVE EMPATHY,Tower Records,Shibuya,0.649,0.518,0.0,87,184,
リズ,IVE EMPATHY,Sony Music,1.0 B,0.737,0.593,0.0,376,184,
リズ,IVE EMPATHY,A!SMART,C,0.86,0.575,0.0,376,184,
リズ,IVE EMPATHY,Apple Music,2.0,0.832,0.486,0.0,376,175,
リズ,IVE EMPATHY,withmuu ラキドロ,3.0,0.69,0.665,0.0,87,184,
リズ,IVE EMPATHY,withmuu ラキドロ,3.0 POLA,0.721,0.409,0.0,333,153,
リズ,IVE EMPATHY,Soundwave ラキドロ,2.0,0.762,0.634,0.0,86,174,
リズ,IVE EMPATHY,Soundwave ラキドロ,2.0 POLA,0.761,0.661,0.0,334,162,
リズ,IVE EMPATHY,Makestar,2.0,0.598,0.572,0.0,377,163,
リズ,IVE EMPATHY,MusicArt,,0.706,0.383,0.0,376,183,
リズ,IVE EMPATHY,HOTTRACKS,,0.539,0.484,0.0,373,174,
リズ,IVE EMPATHY,Ktown4U,,0.863,0.502,0.585,88,184,差し替え
リズ,IVE EMPATHY,withmuu,4.0,0.419,0.382,0.0,376,156,
リズ,IVE EMPATHY,Soundwave,3.0,0.497,0.496,0.0,379,184,
リズ,IVE EMPATHY,Makestar,3.0,0.57,0.549,0.0,376,158,
リズ,IVE EMPATHY,withmuu ラキドロ,5.0,0.686,0.487,0.0,378,154,
リズ,IVE EMPATHY,withmuu ラキドロ,5.0 POLA,0.532,0.499,0.0,333,185,
リズ,IVE EMPATHY,US Exclusive,,0.746,0.544,0.0,376,176,
リズ,IVE EMPATHY,Soundwave ラキドロ,4.0,0.473,0.471,0.0,376,171,
リズ,IVE EMPATHY,Soundwave ラキドロ,4.0 POLA,0.551,0.525,0.0,76,184,
リズ,IVE EMPATHY,Soundwave,5.0,0.678,0.411,0.0,377,184,
リズ,IVE EMPATHY,IDOUSTAGE ラキドロ,1.0,0.776,0.683,0.0,376,184,
リズ,IVE EMPATHY,IDOUSTAGE ラキドロ,1.0 POLA,0.872,0.661,0.0,328,171,
リズ,IVE EMPATHY,Apple Music,3.0,0.764,0.576,0.0,376,176,
リズ,IVE EMPATHY,withmuu,6.0,0.706,0.535,0.0,86,184,
リズ,IVE EMPATHY,mymusictaste,2.0,0.849,0.506,0.0,87,184,
リズ,IVE EMPATHY,Soundwave,6.0,0.755,0.565,0.0,376,184,
リズ,IVE EMPATHY,Apple Music,4.0,0.867,0.534,0.0,376,184,
リズ,IVE EMPATHY,オフラインイベント,TOKYO,0.821,0.475,0.0,376,184,
リズ,IVE EMPATHY,オフラインイベント,OSAKA,0.87,0.595,-0.227,87,184,
リズ,IVE EMPATHY,Sony Music,2.0,0.632,0.571,0.0,376,184,
リズ,IVE EMPATHY,Soundwave,7.0,0.343,0.335,0.0,87,164,
リズ,IVE EMPATHY,K-MONSTAR,Taiwan,0.768,0.65,0.0,88,173,
リズ,IVE EMPATHY,K-MONSTAR,Taiwan POLA,0.644,0.6,0.0,78,184,
リズ,IVE EMPATHY,Soundwave ラキドロ,8.0 IVE SCOUT-1,0.633,0.52,0.0,88,184,
リズ,IVE EMPATHY,Soundwave ラキドロ,8.0 IVE SCOUT-2,0.845,0.566,0.0,379,184,
リズ,IVE EMPATHY,IDOUSTAGE,2.0,0.874,0.636,0.129,86,184,
リズ,IVE EMPATHY,Makestar,4.0 Shanghai,0.534,0.471,0.0,88,175,
リズ,IVE EMPATHY,Makestar,4.0 Shanghai カフェ店長 ver.,0.567,0.471,0.0,89,184,
リズ,DIVE Official Fanclub｜ファンクラブ,DIVE 1期 会員キット,,0.858,0.587,0.0,331,185,
リズ,DIVE Official Fanclub｜ファンクラブ,IVE JAPAN FC 早期入会特典,,0.557,0.444,0.0,331,156,
リズ,DIVE Official Fanclub｜ファンクラブ,DIVE 2期 'MAGAZINE IVE',,0.91,0.761,0.0,331,185,
リズ,1st FAN CONCERT 'The Prom Queens',MD,Photocard Deco Set,0.587,0.549,0.0,348,184,
リズ,1st FAN CONCERT 'The Prom Queens',MD,Photocard Binder,0.798,0.506,0.0,228,175,
リズ,1st FAN CONCERT 'The Prom Queens',MD,PVC Card Holder,0.858,0.599,0.0,229,184,
リズ,1st FAN CONCERT 'The Prom Queens',Random Photocard Pack (KOREA),1,0.715,0.686,0.0,228,176,
リズ,1st FAN CONCERT 'The Prom Queens',Random Photocard Pack (KOREA),2,0.817,0.669,0.0,228,184,
リズ,1st FAN CONCERT 'The Prom Queens',Random Photocard Pack (KOREA),3,0.723,0.514,0.0,228,177,
リズ,1st FAN CONCERT 'The Prom Queens',Random Photocard Pack (KOREA),4,0.638,0.532,0.0,165,183,
リズ,1st FAN CONCERT 'The Prom Queens',Random Photocard Pack (KOREA),5,0.81,0.687,0.0,228,183,
リズ,1st FAN CONCERT 'The Prom Queens',Random Trading Card (JAPAN),1,0.469,0.408,0.0,228,176,
リズ,1st FAN CONCERT 'The Prom Queens',Random Trading Card (JAPAN),2,0.784,0.445,0.0,229,184,
リズ,1st FAN CONCERT 'The Prom Queens',1st DIVE FC Class DIVE,1,0.835,0.72,0.0,348,183,
リズ,1st FAN CONCERT 'The Prom Queens',1st DIVE FC Class DIVE,2,0.967,0.563,0.0,243,183,
リズ,1st FAN CONCERT 'The Prom Queens',SuperStar STARSHIP,1,0.666,0.55,0.0,347,184,
リズ,1st FAN CONCERT 'The Prom Queens',SuperStar STARSHIP,2,0.712,0.46,0.0,348,184,
リズ,1st FAN CONCERT 'The Prom Queens',SuperStar STARSHIP,3,0.829,0.589,0.0,229,164,
リズ,I've IVE,本体封入,I ver.,0.918,0.491,0.0,343,184,
リズ,I've IVE,本体封入,V ver.,0.938,0.563,0.0,342,184,
リズ,I've IVE,本体封入,E ver.,0.938,0.592,0.0,342,185,
リズ,I've IVE,本体封入,Jewel Case,0.902,0.583,0.0,342,185,
リズ,I've IVE,本体封入,Special Edition,0.939,0.571,0.0,342,185,
リズ,I've IVE,Ktown4U,,0.911,0.659,0.0,331,184,
リズ,I've IVE,Starship Square Album,1,0.834,0.566,0.0,342,184,
リズ,I've IVE,Starship Square Album,2,0.948,0.689,0.0,343,184,
リズ,I've IVE,Starship Square Jewel Case,,0.879,0.567,0.0,331,184,
リズ,I've IVE,Starship Square Set,,0.879,0.561,0.0,348,184,
リズ,I've IVE,Starship Square Special,,0.936,0.499,0.0,342,185,
リズ,I've IVE,Mokket,,0.848,0.68,0.0,331,184,
リズ,I've IVE,Soundwave,,0.817,0.562,0.0,331,185,
リズ,I've IVE,Soundwave ラキドロ,1,0.715,0.709,0.0,340,165,
リズ,I've IVE,Soundwave ラキドロ,2,0.85,0.614,0.0,341,183,
リズ,I've IVE,Soundwave ラキドロ,3,0.952,0.512,0.0,338,183,
リズ,I've IVE,Soundwave FC,,0.666,0.588,0.0,331,174,
リズ,I've IVE,Soundwave FC2,,0.838,0.483,0.0,331,181,
リズ,I've IVE,MusicArt,,0.843,0.639,0.0,331,170,
リズ,I've IVE,withmuu ラキドロ,1,0.884,0.501,0.0,343,185,
リズ,I've IVE,withmuu ラキドロ,2,0.864,0.618,0.0,342,184,
リズ,I've IVE,withmuu ラキドロ,3,0.838,0.774,0.0,298,182,
リズ,I've IVE,withmuu FC,,0.851,0.642,0.0,331,185,
リズ,I've IVE,mymusictaste,,0.827,0.64,0.0,331,185,
リズ,I've IVE,Tower Records,1,0.517,0.508,0.0,308,185,
リズ,I've IVE,Tower Records,2,0.694,0.61,0.0,342,165,
リズ,I've IVE,Namil Music,,0.609,0.605,0.0,331,185,
リズ,I've IVE,StarRiver,,0.67,0.641,0.0,331,177,
リズ,I've IVE,StarRiver FC,,0.762,0.585,0.0,342,184,
リズ,I've IVE,HOTTRACKS,,0.838,0.684,0.0,331,184,
リズ,I've IVE,Makestar,,0.778,0.749,0.0,331,175,
リズ,I've IVE,Apple Music,,0.776,0.594,0.0,331,182,
リズ,I've IVE,Beatroad,,0.813,0.635,0.0,331,176,
リズ,I've IVE,Broadcast,2,0.853,0.746,0.0,331,184,
リズ,I've IVE,Fancall,,0.508,0.48,0.0,331,184,
リズ,ELEVEN -Japanese ver.-,本体封入,I盤 type-A,0.875,0.681,0.0,331,184,
リズ,ELEVEN -Japanese ver.-,本体封入,V盤 type-B,0.867,0.592,0.0,331,184,
リズ,ELEVEN -Japanese ver.-,本体封入,E盤 type-C,0.917,0.68,0.0,331,185,
リズ,ELEVEN -Japanese ver.-,本体封入,FC盤,0.865,0.84,0.0,331,184,
リズ,ELEVEN -Japanese ver.-,タワレコ,IDトレカ,0.809,0.558,0.0,318,184,
リズ,ELEVEN -Japanese ver.-,タワレコ,ラキドロ,0.938,0.726,0.0,331,184,
リズ,ELEVEN -Japanese ver.-,Soundwave,,0.899,0.731,0.0,331,184,
リズ,LOVE DIVE,本体封入,ver.1,0.779,0.442,0.0,384,154,
リズ,LOVE DIVE,本体封入,ver.2,0.816,0.495,0.0,386,175,
リズ,LOVE DIVE,本体封入,ver.3,0.827,0.459,0.0,388,175,
リズ,LOVE DIVE,本体封入,Heart Hologram Card,0.579,0.502,0.0,129,185,
リズ,LOVE DIVE,本体封入,Jewel ver.,0.958,0.538,0.0,386,176,
リズ,LOVE DIVE,Jewel ver. POB,6set Heart,0.675,0.471,0.0,330,174,
リズ,LOVE DIVE,Jewel ver. POB,9set MV,0.824,0.635,0.0,331,176,
リズ,LOVE DIVE,Starship Square,1,0.732,0.546,0.0,362,184,
リズ,LOVE DIVE,Starship Square,2,0.628,0.375,0.0,360,176,
リズ,LOVE DIVE,Ktown4U,1.0,0.92,0.63,0.0,331,184,
リズ,LOVE DIVE,Tower Records,1,0.92,0.564,0.0,362,185,
リズ,LOVE DIVE,Tower Records,2 POLA,0.598,0.584,0.0,359,185,
リズ,LOVE DIVE,mymusictaste,,0.866,0.429,0.0,331,183,
リズ,LOVE DIVE,Soundwave,1.0,0.859,0.628,0.0,331,183,
リズ,LOVE DIVE,withmuu ラキドロ,1.0-1,0.661,0.464,0.0,363,176,
リズ,LOVE DIVE,withmuu ラキドロ,1.0-2,0.575,0.31,0.0,361,185,
リズ,LOVE DIVE,withmuu ラキドロ,1.0 POLA,0.86,0.571,0.0,164,184,
リズ,LOVE DIVE,Apple Music,,0.844,0.643,0.0,331,184,
リズ,LOVE DIVE,Namil Music,1.0,0.55,0.547,0.0,331,176,
リズ,LOVE DIVE,withmuu,2.0,0.807,0.458,0.0,331,184,
リズ,LOVE DIVE,Music Korea,,0.747,0.418,0.0,331,184,
リズ,LOVE DIVE,Soundwave,2.0,0.831,0.663,0.0,331,184,
リズ,LOVE DIVE,Soundwave ラキドロ,3.0-1,0.71,0.466,0.0,362,184,
リズ,LOVE DIVE,Soundwave ラキドロ,3.0-2,0.681,0.472,0.0,362,184,
リズ,LOVE DIVE,Soundwave ラキドロ,3.0 POLA,0.568,0.53,0.0,365,185,
リズ,LOVE DIVE,Beatroad,,0.765,0.453,0.0,331,184,
リズ,LOVE DIVE,Ktown4U,2.0,0.759,0.485,0.0,331,184,
リズ,LOVE DIVE,Namil Music,2.0,0.779,0.455,0.0,331,185,
リズ,LOVE DIVE,withmuu,3.0,0.866,0.639,0.0,331,184,
リズ,LOVE DIVE,MokketShop,,0.663,0.541,0.0,331,176,
リズ,LOVE DIVE,Soundwave,4.0,0.822,0.453,0.0,330,185,
リズ,LOVE DIVE,Daum Cafe,,0.933,0.664,0.0,331,184,
リズ,LUCID DREAM,本体封入,初回生産限定盤 I,0.802,0.757,0.0,161,185,
リズ,LUCID DREAM,本体封入,初回生産限定盤 V,0.76,0.647,0.0,161,185,
リズ,LUCID DREAM,本体封入,初回生産限定盤 E,0.858,0.81,0.0,161,169,
リズ,LUCID DREAM,本体封入,メンバーソロジャケット盤,0.971,0.635,0.0,161,185,
リズ,LUCID DREAM,本体封入,期間生産限定盤,0.739,0.687,0.0,161,185,
リズ,LUCID DREAM,本体封入,会場限定盤,0.938,0.745,0.0,161,184,
リズ,LUCID DREAM,A!SMART,A,0.598,0.591,0.0,162,185,
リズ,LUCID DREAM,タワレコ,B,0.882,0.742,0.0,160,185,
リズ,LUCID DREAM,HMV,C,0.859,0.507,0.0,159,185,
リズ,LUCID DREAM,Sony Music Shop,1.0 clear pc,0.626,0.57,0.0,159,185,
リズ,LUCID DREAM,タワレコ,Shibuya（限定抽選）,0.963,0.611,0.0,163,184,
リズ,LUCID DREAM,東京ドーム公演開催記念,期間限定特典,0.774,0.61,0.0,161,184,
リズ,LUCID DREAM,Sony Music Shop,2.0 ラキドロ,0.936,0.67,0.0,161,184,
リズ,LUCID DREAM,全国ラキドロ,,0.803,0.587,0.0,164,184,
リズ,LUCID DREAM,タワレコ,online ラキドロ,0.835,0.63,0.0,159,184,
リズ,LUCID DREAM,オフラインイベント,4.11 TOKYO,0.527,0.519,0.0,159,162,
リズ,LUCID DREAM,オフラインイベント,4.12 OSAKA,0.591,0.582,0.0,159,182,
リズ,LUCID DREAM,SWIA OSAKA exclusive,4.18,0.673,0.609,0.0,161,184,
リズ,LUCID DREAM,オフラインイベント,4.29 TOKYO,0.848,0.615,0.0,161,185,
リズ,LUCID DREAM,SWIA TOKYO exclusive,6.24-1,0.915,0.768,0.0,160,184,
リズ,LUCID DREAM,SWIA TOKYO exclusive,6.24-2,0.785,0.694,0.0,161,184,
リズ,LUCID DREAM,オフラインイベント,7.5 TOKYO,0.788,0.688,0.0,159,184,
リズ,LUCID DREAM,オフラインイベント,8.30 OSAKA,0.682,0.542,0.0,160,185,
リズ,LUCID DREAM,オフラインイベント,8.31 TOKYO,0.764,0.724,0.0,159,185,
リズ,Magazine｜雑誌特典,S Cawaii! 主婦の友 特典B トレカ,,0.818,0.694,0.0,330,185,
リズ,Magazine｜雑誌特典,ViVi セブンネット特典,,0.581,0.58,0.0,341,184,
リズ,I've MINE,本体封入,Either Way (Pink ver.),0.876,0.422,0.0,221,185,
リズ,I've MINE,本体封入,Off The Record (Red ver.),0.938,0.503,0.0,223,184,
リズ,I've MINE,本体封入,Baddie (Gray ver.),0.648,0.546,0.0,221,184,
リズ,I've MINE,本体封入,PLVE ver.,0.922,0.488,0.0,222,184,
リズ,I've MINE,本体封入,LOVED IVE (White ver.),0.742,0.573,0.0,220,162,
リズ,I've MINE,本体封入,Digipack ver.,0.954,0.597,0.0,220,185,
リズ,I've MINE,Broadcast,LOVED IVE,0.916,0.553,0.0,217,184,
リズ,I've MINE,Broadcast,Baddie,0.808,0.499,0.0,331,185,
リズ,I've MINE,Starship Square,Digipack 6set,0.851,0.579,0.0,331,184,
リズ,I've MINE,Starship Square,Digipack 6+3set,0.579,0.372,0.0,315,185,
リズ,I've MINE,Starship Square,PB 3+1set,0.835,0.461,0.0,315,184,
リズ,I've MINE,Starship Square,PB LOVED IVE,0.582,0.568,0.0,221,164,
リズ,I've MINE,Starship Square,PB EW+OTR+BADDIE 1,0.637,0.424,0.0,215,177,
リズ,I've MINE,Starship Square,PB EW+OTR+BADDIE 2,0.93,0.53,0.0,214,183,
リズ,I've MINE,Ktown4U,1.0,0.62,0.61,0.0,331,163,
リズ,I've MINE,Namil Music,1.0,0.418,0.381,0.0,108,184,
リズ,I've MINE,Soundwave,1.0,0.918,0.607,0.0,331,184,
リズ,I've MINE,Kakao Gift,,0.814,0.624,0.0,331,184,
リズ,I've MINE,withmuu,1.0,0.765,0.403,0.0,331,184,
リズ,I've MINE,IDOUSTAGE,1.0,0.613,0.569,0.0,331,154,
リズ,I've MINE,KMStation,1.0,0.84,0.619,0.0,331,184,
リズ,I've MINE,mymusictaste,1.0,0.899,0.624,0.0,331,184,
リズ,I've MINE,Tower Records,1.0,0.372,0.327,0.0,217,184,
リズ,I've MINE,Tower Records,Shibuya,0.756,0.553,0.0,215,185,
リズ,I've MINE,Apple Music,1.0,0.719,0.584,0.0,331,173,
リズ,I've MINE,Namil Music,2.0,0.783,0.628,0.0,331,162,
リズ,I've MINE,Ktown4U,2.0,0.909,0.455,0.0,331,184,
リズ,I've MINE,Beatroad,,0.803,0.705,0.0,331,184,
リズ,I've MINE,Soundwave ラキドロ,2.0-1,0.913,0.432,0.0,217,184,
リズ,I've MINE,Soundwave ラキドロ,2.0-2,0.582,0.544,0.0,184,183,
リズ,I've MINE,withmuu ラキドロ,2.0-1,0.857,0.421,0.0,217,184,
リズ,I've MINE,withmuu ラキドロ,2.0-2,0.603,0.524,0.0,183,184,
リズ,I've MINE,withmuu,3.0,0.803,0.645,0.0,331,166,
リズ,I've MINE,KMStation,2.0,0.573,0.516,0.0,331,185,
リズ,I've MINE,Soundwave,3.0,0.679,0.471,0.0,331,184,
リズ,I've MINE,Taiwan,,0.706,0.468,0.0,331,183,
リズ,I've MINE,Soundwave ラキドロ,4.0-1,0.828,0.554,0.0,212,184,
リズ,I've MINE,Soundwave ラキドロ,4.0-2,0.868,0.578,0.0,215,162,
リズ,I've MINE,Makestar,1.0,0.444,0.437,0.0,125,184,
リズ,I've MINE,Apple Music,2.0,0.838,0.697,0.0,331,184,
リズ,I've MINE,US Exclusive,,0.485,0.409,0.0,331,185,
リズ,I've MINE,IDOUSTAGE,2.0,0.778,0.401,0.0,331,184,
リズ,I've MINE,KMStation,3.0,0.898,0.592,0.0,331,185,
リズ,I've MINE,withmuu,4.0,0.82,0.712,0.0,331,158,
リズ,I've MINE,MusicArt,,0.574,0.367,0.0,331,184,
リズ,I've MINE,HOTTRACKS,,0.868,0.647,0.0,331,156,
リズ,I've MINE,mymusictaste,2.0,0.862,0.7,0.0,331,184,
リズ,I've MINE,Soundwave,5.0,0.726,0.657,0.0,216,185,
リズ,I've MINE,Namil Music,3.0,0.588,0.535,0.0,331,163,
リズ,I've MINE,Japan Yokohama Live,15th Day1,0.615,0.555,0.0,221,183,
リズ,I've MINE,Japan Yokohama Live,16th Day2,0.627,0.539,0.0,331,184,
リズ,I've MINE,Hi-Touch,18th・19th,0.643,0.547,0.0,331,173,
リズ,I've MINE,Tower Records,2.0,0.896,0.567,0.0,331,185,
リズ,I've MINE,Soundwave,6.0,0.878,0.61,0.0,331,184,
リズ,I've MINE,withmuu,5.0,0.677,0.507,0.0,331,176,
リズ,I've MINE,withmuu ラキドロ,6.0-1,0.959,0.728,0.0,331,185,
リズ,I've MINE,withmuu ラキドロ,6.0-2,0.952,0.629,0.0,215,184,
リズ,I've MINE,withmuu ラキドロ,6.0-3,0.634,0.605,0.0,185,184,
リズ,I've MINE,Makestar,2.0,0.654,0.449,0.0,331,174,
リズ,I've MINE,Yizhiyu,1.0,0.792,0.553,0.0,331,184,
リズ,I've MINE,Soundwave,7.0 Busan,0.597,0.431,0.0,331,154,
リズ,I've MINE,Soundwave,8.0 Daegu,0.629,0.607,0.0,331,184,
リズ,I've MINE,Soundwave,9.0 Gwangju,0.838,0.503,0.0,331,176,
リズ,I've MINE,Soundwave,10.0 Daejeon,0.682,0.469,0.0,331,184,
リズ,I've MINE,Soundwave,11.0 Xmas,0.786,0.577,0.0,331,184,
リズ,I've MINE,KMStation,4.0,0.746,0.668,0.0,331,184,
リズ,I've MINE,Soundwave,12.0 Thailand,0.869,0.604,0.0,331,184,
リズ,I've MINE,mymusictaste,3.0,0.729,0.687,0.0,331,184,
リズ,I've MINE,Yizhiyu,2.0,0.745,0.441,0.0,331,184,
リズ,ELEVEN -Japanese ver.-,お見送り会 CD購入特典,,0.944,0.475,0.0,331,184,
リズ,ALIVE,本体封入,Album A（I ver.）,0.743,0.613,0.0,207,184,
リズ,ALIVE,本体封入,Album B（II ver.）,0.856,0.554,0.0,207,184,
リズ,ALIVE,本体封入,Normal ED（III ver.）,0.869,0.561,0.0,207,185,
リズ,ALIVE,本体封入,Solo（IV ver.）,0.811,0.626,0.0,207,185,
リズ,ALIVE,本体封入,Limited ED（V ver.）,0.923,0.529,0.0,207,184,
リズ,ALIVE,本体封入,Clear Photocard,0.837,0.524,0.0,205,184,
リズ,ALIVE,Sony Music Shop,オンライン ラキドロ,0.736,0.553,0.0,207,184,
リズ,ALIVE,Tower Records,Selca Photocard #B,0.717,0.717,0.0,205,184,
リズ,ALIVE,HMV・LAWSON,Selca Photocard #C,0.846,0.622,0.0,207,184,
リズ,ALIVE,オフラインイベント,8/16 OSAKA,0.725,0.411,0.0,207,184,
リズ,ALIVE,オフラインイベント,8/19 TOKYO,0.686,0.454,0.0,207,183,
リズ,ALIVE,Japan CD Shop ラキドロ,,0.901,0.424,0.0,207,184,
リズ,ALIVE,Tower Records Shibuya,限定抽選 A賞,0.821,0.669,0.0,197,184,
リズ,ALIVE,Sony Music Shop,期間限定特典,0.819,0.623,0.0,204,184,
リズ,Be Alright,本体封入,初回生産限定盤 I,0.92,0.382,0.0,157,184,
リズ,Be Alright,本体封入,初回生産限定盤 V,0.878,0.412,0.0,159,185,
リズ,Be Alright,本体封入,初回生産限定盤 E,0.899,0.745,0.0,157,184,
リズ,Be Alright,本体封入,ソロジャケット盤,0.613,0.477,0.0,160,185,
リズ,Be Alright,IVE SCOUT,愛知・福岡 1日目,0.904,0.655,0.0,160,184,
リズ,Be Alright,IVE SCOUT,愛知・福岡 2日目,0.568,0.568,0.0,159,173,
リズ,Be Alright,IVE SCOUT,神戸・横浜 1日目,0.737,0.66,0.0,158,184,
リズ,Be Alright,IVE SCOUT,神戸・横浜 2日目,0.857,0.532,0.0,157,184,
リズ,Be Alright,A!SMART,A,0.423,0.415,0.0,159,184,
リズ,Be Alright,Tower Records,B,0.47,0.451,0.0,158,184,
リズ,Be Alright,HMV,C,0.792,0.637,0.0,160,185,
リズ,Be Alright,Sony Music,クリアフォトカード,0.602,0.549,0.0,158,184,
リズ,Be Alright,Sony Music ラキドロ,,0.807,0.455,0.0,160,183,
リズ,Be Alright,Tower Records Shibuya,限定フォトカード（抽選）,0.932,0.504,0.0,159,184,
リズ,Be Alright,全店ラキドロ,,0.613,0.549,0.0,159,184,
リズ,Music Show & Broadcast｜音楽番組・公開放送,2024 KBS 歌謡大祝祭,,0.538,0.435,0.0,235,168,
リズ,Collab & Event｜コラボ・イベント,ForEVER IVE（エバーランド）,MD MINIVE HUG BAG,0.897,0.684,0.0,196,185,
リズ,Collab & Event｜コラボ・イベント,ForEVER IVE（エバーランド）,Special Gift 70K,0.897,0.501,0.0,196,184,
リズ,Collab & Event｜コラボ・イベント,ForEVER IVE（エバーランド）,PASS,0.889,0.522,0.0,196,184,
リズ,Collab & Event｜コラボ・イベント,ForEVER IVE（エバーランド）,Special Reward,0.711,0.619,0.0,196,185,
リズ,Collab & Event｜コラボ・イベント,ForEVER IVE（エバーランド）,Special Gift 70K 2.0（8.21〜）,0.745,0.691,0.0,197,184,
リズ,Collab & Event｜コラボ・イベント,ForEVER IVE（エバーランド）,PASS 2.0,0.855,0.71,0.0,191,184,
リズ,Collab & Event｜コラボ・イベント,ForEVER IVE（エバーランド）,Special Reward 2.0,0.829,0.502,0.0,191,176,
リズ,Collab & Event｜コラボ・イベント,Dive into MINIVE,MD MINIVE MINI HANDY FAN,0.769,0.565,0.0,199,185,
リズ,Collab & Event｜コラボ・イベント,Dive into MINIVE,Special Gift 70K,0.953,0.563,0.0,199,185,
リズ,Collab & Event｜コラボ・イベント,PUMA,1.0 TEVERIS NITRO,0.626,0.526,0.0,138,184,
リズ,Collab & Event｜コラボ・イベント,PUMA,2.0 PALERMO（China）,0.483,0.458,0.0,144,185,
リズ,Collab & Event｜コラボ・イベント,PUMA,3.0 PALERMO,0.572,0.511,0.0,145,184,
リズ,Collab & Event｜コラボ・イベント,PUMA,4.0 WAVEMULE,0.282,0.273,0.0,143,184,
リズ,Collab & Event｜コラボ・イベント,光東 とうもろこしのひげ茶,1.0,0.816,0.589,0.0,134,185,
リズ,Collab & Event｜コラボ・イベント,光東 とうもろこしのひげ茶,2.0,0.867,0.638,0.129,132,184,
リズ,Collab & Event｜コラボ・イベント,光東 とうもろこしのひげ茶,3.0,0.728,0.462,0.0,133,182,
リズ,Collab & Event｜コラボ・イベント,Papa John's,1.0,0.634,0.615,0.0,134,183,
リズ,Collab & Event｜コラボ・イベント,Papa John's,2.0,0.58,0.577,0.0,130,185,
リズ,Collab & Event｜コラボ・イベント,Papa John's,3.0,0.494,0.487,0.0,129,184,
リズ,Collab & Event｜コラボ・イベント,Papa John's,4.0 クリア,0.537,0.46,0.0,134,184,
リズ,Collab & Event｜コラボ・イベント,Papa John's,5.0,0.603,0.569,0.0,123,184,
リズ,Collab & Event｜コラボ・イベント,Papa John's,6.0 レンチキュラー,0.587,0.478,0.0,129,163,
リズ,Collab & Event｜コラボ・イベント,AMUSE スティックウエハース,Normal A,0.605,0.594,0.0,147,153,
リズ,Collab & Event｜コラボ・イベント,AMUSE スティックウエハース,Normal B,0.763,0.582,0.0,145,184,
リズ,Collab & Event｜コラボ・イベント,AMUSE スティックウエハース,Normal C,0.908,0.477,0.0,148,184,
リズ,Collab & Event｜コラボ・イベント,AMUSE スティックウエハース,Rare solo,0.967,0.428,0.634,146,185,差し替え
リズ,Collab & Event｜コラボ・イベント,AMUSE ウエハース2,N-05,0.796,0.522,0.0,165,184,
リズ,Collab & Event｜コラボ・イベント,AMUSE ウエハース2,N-11,0.896,0.558,0.0,166,184,
リズ,Collab & Event｜コラボ・イベント,AMUSE ウエハース2,N-17,0.894,0.695,0.0,166,184,
リズ,Collab & Event｜コラボ・イベント,AMUSE ウエハース2,R-23,0.506,0.335,0.0,166,184,
リズ,4th FAN CONCERT 'DIVE into IVE',Random Photocard Pack,1,0.862,0.628,0.171,144,184,
リズ,4th FAN CONCERT 'DIVE into IVE',Random Photocard Pack,2,0.804,0.508,0.0,145,184,
リズ,4th FAN CONCERT 'DIVE into IVE',Random Photocard Pack,3,0.944,0.85,0.661,144,184,差し替え
リズ,4th FAN CONCERT 'DIVE into IVE',Random Photocard Pack,4,0.947,0.791,0.559,144,184,差し替え
リズ,4th FAN CONCERT 'DIVE into IVE',Random Photocard Pack,5,0.9,0.806,0.303,146,185,
リズ,4th FAN CONCERT 'DIVE into IVE',Random Photocard Pack,6,0.877,0.803,0.482,144,184,
リズ,4th FAN CONCERT 'DIVE into IVE',MD,Photo Kit,0.88,0.631,0.374,144,184,
リズ,4th FAN CONCERT 'DIVE into IVE',MD,Acrylic Stand Set,0.87,0.568,0.122,144,185,
リズ,4th FAN CONCERT 'DIVE into IVE',MD,Collect Book,0.79,0.776,0.0,144,184,
リズ,4th FAN CONCERT 'DIVE into IVE',MD,Locket Pendant Necklace,0.838,0.775,0.0,146,174,
リズ,4th FAN CONCERT 'DIVE into IVE',MD,T-shirt,0.878,0.522,0.369,137,184,
リズ,4th FAN CONCERT 'DIVE into IVE',MD,Designed by the members,0.843,0.826,0.0,144,184,
リズ,4th FAN CONCERT 'DIVE into IVE',MD,70K Benefit,0.892,0.794,0.565,146,185,差し替え
リズ,Pepsi × IVE 'BLUE & BLACK',IVE × PEPSI 2023,1.0 A,0.57,0.525,0.0,105,176,
リズ,Pepsi × IVE 'BLUE & BLACK',IVE × PEPSI 2023,1.0 B,0.555,0.525,0.0,97,163,
リズ,Pepsi × IVE 'BLUE & BLACK',IVE × PEPSI 2023,2.0 クリア,0.531,0.529,0.0,105,156,
リズ,Pepsi × IVE 'BLUE & BLACK',IVE × PEPSI 2023,3.0,0.575,0.523,0.0,96,185,
リズ,Pepsi × IVE 'BLUE & BLACK',IVE × PEPSI 2023,4.0,0.667,0.642,0.0,93,184,
リズ,Pepsi × IVE 'BLUE & BLACK',IVE × PEPSI 2024,5.0 A,0.639,0.593,0.0,106,184,
リズ,Pepsi × IVE 'BLUE & BLACK',IVE × PEPSI 2024,5.0 B,0.403,0.368,0.0,106,185,
リズ,Pepsi × IVE 'BLUE & BLACK',IVE × PEPSI 2024,6.0 A,0.479,0.419,0.0,105,184,
リズ,Pepsi × IVE 'BLUE & BLACK',IVE × PEPSI 2024,6.0 B,0.462,0.451,0.0,105,163,
リズ,Pepsi × IVE 'BLUE & BLACK',IVE × PEPSI 2024,6.0 C,0.553,0.546,0.0,100,151,
リズ,Pepsi × IVE 'BLUE & BLACK',IVE × PEPSI 2024,7.0 A,0.464,0.441,0.0,105,184,
リズ,Pepsi × IVE 'BLUE & BLACK',IVE × PEPSI 2024,7.0 B,0.355,0.347,0.0,105,184,
リズ,3rd FAN CONCERT 'IVE SCOUT',Random Photocard Pack,1,0.864,0.554,0.418,135,184,
リズ,3rd FAN CONCERT 'IVE SCOUT',Random Photocard Pack,2,0.787,0.589,0.0,140,183,
リズ,3rd FAN CONCERT 'IVE SCOUT',Random Photocard Pack,3,0.763,0.576,0.0,141,184,
リズ,3rd FAN CONCERT 'IVE SCOUT',Random Photocard Pack,4,0.899,0.676,0.196,137,185,
リズ,3rd FAN CONCERT 'IVE SCOUT',DIVE ZONE FC ブース特典,Day 1 IVE SCOUT ver.,0.644,0.482,0.0,333,184,
リズ,2025 SEASON'S GREETINGS [Colorful Days with IVE],本体封入,フォトカードセット,0.877,0.491,0.0,168,184,
リズ,2025 SEASON'S GREETINGS [Colorful Days with IVE],Starship Square,,0.911,0.702,0.0,169,184,
リズ,2025 SEASON'S GREETINGS [Colorful Days with IVE],Soundwave,,0.737,0.505,0.0,168,184,
リズ,2025 SEASON'S GREETINGS [Colorful Days with IVE],Ktown4U,,0.921,0.717,0.0,170,184,
リズ,2026 SEASON'S GREETINGS [ATELIER IVE],本体封入,フォトカードセット,0.942,0.818,0.0,197,184,
リズ,2026 SEASON'S GREETINGS [ATELIER IVE],Starship Square,,0.935,0.629,0.0,196,185,
リズ,2026 SEASON'S GREETINGS [ATELIER IVE],withmuu,,0.858,0.846,0.0,196,184,
リズ,2026 SEASON'S GREETINGS [ATELIER IVE],MINIVE シーグリ Starship Square,,0.796,0.73,0.0,198,184,
リズ,2nd WORLD TOUR 'SHOW WHAT I AM',DIVE JAPAN オンラインくじ C賞（京セラドーム）,①,0.736,0.325,0.0,157,184,
リズ,2nd WORLD TOUR 'SHOW WHAT I AM',DIVE JAPAN オンラインくじ C賞（京セラドーム）,②,0.751,0.373,0.0,158,173,
リズ,2nd WORLD TOUR 'SHOW WHAT I AM',DIVE JAPAN オンラインくじ C賞（京セラドーム）,③,0.882,0.66,0.0,157,184,
リズ,1st WORLD TOUR 'SHOW WHAT I HAVE',DVD・Blu-ray・Kit,DVD,0.662,0.51,0.0,121,183,
リズ,1st WORLD TOUR 'SHOW WHAT I HAVE',DVD・Blu-ray・Kit,Blu-ray,0.504,0.414,0.0,122,184,
リズ,1st WORLD TOUR 'SHOW WHAT I HAVE',DVD・Blu-ray・Kit,Kit,0.598,0.534,0.0,120,171,
リズ,1st WORLD TOUR 'SHOW WHAT I HAVE',DVD・Blu-ray・Kit,Starship Square 特典,0.664,0.607,0.0,120,184,
リズ,1st WORLD TOUR 'SHOW WHAT I HAVE',DVD・Blu-ray・Kit,Apple Music 特典,0.648,0.588,0.0,124,165,
リズ,1st WORLD TOUR 'SHOW WHAT I HAVE',DVD・Blu-ray・Kit,Ktown4U 特典,0.649,0.452,0.0,122,173,
リズ,1st WORLD TOUR 'SHOW WHAT I HAVE',in CINEMA,Acryl Photocard Stand,0.888,0.649,0.568,98,185,差し替え
リズ,1st WORLD TOUR 'SHOW WHAT I HAVE',in CINEMA,Photocard Pouch,0.562,0.557,0.0,98,165,
リズ,1st WORLD TOUR 'SHOW WHAT I HAVE',in CINEMA,Photo Set,0.858,0.666,0.367,98,184,
リズ,1st WORLD TOUR 'SHOW WHAT I HAVE',in CINEMA,Quick Snap,0.77,0.5,0.0,98,184,
リズ,1st WORLD TOUR 'SHOW WHAT I HAVE',in CINEMA,Tumbler,0.698,0.651,0.0,98,184,
リズ,1st WORLD TOUR 'SHOW WHAT I HAVE',in CINEMA,Light Stick Bag,0.71,0.619,0.0,98,176,
リズ,1st WORLD TOUR 'SHOW WHAT I HAVE',in CINEMA,70K Benefit（self photocard）,0.756,0.678,0.0,98,185,
リズ,1st WORLD TOUR 'SHOW WHAT I HAVE',in CINEMA,70K Benefit（NFT photocard）,0.837,0.493,0.0,98,185,
リズ,1st WORLD TOUR 'SHOW WHAT I HAVE',in CINEMA,2nd Week 入場特典,0.544,0.53,0.0,98,184,
リズ,REVIVE+,本体封入,BANGERS,0.791,0.592,0.0,120,175,
リズ,REVIVE+,本体封入,CHALLENGERS,0.59,0.589,0.0,122,177,
リズ,REVIVE+,本体封入,SPOILERS,0.828,0.57,0.0,120,184,
リズ,REVIVE+,本体封入,LOVED IVE,0.707,0.655,0.0,120,135,
リズ,REVIVE+,本体封入,Digipack,0.678,0.617,0.0,120,183,
リズ,REVIVE+,本体封入,PETIT-IVE,0.969,0.78,0.172,121,184,
リズ,REVIVE+,MD,,0.862,0.563,0.228,120,184,
リズ,REVIVE+,Starship Square,3TYPE,0.958,0.699,0.712,120,184,差し替え
リズ,REVIVE+,Starship Square,LOVED IVE,0.964,0.735,0.449,121,185,
リズ,REVIVE+,Starship Square,Digipack,0.945,0.64,0.403,122,184,
リズ,REVIVE+,京东,1.0,0.952,0.638,-0.034,120,184,
リズ,REVIVE+,withmuu,1.0,0.926,0.644,0.466,120,175,
リズ,REVIVE+,Apple Music,1.0,0.637,0.512,0.0,121,184,
リズ,REVIVE+,Music Korea,1.0,0.785,0.712,0.0,120,185,
リズ,REVIVE+,Kakao Talk,,0.801,0.793,0.0,120,184,
リズ,REVIVE+,US Exclusive,,0.885,0.595,0.146,121,183,
リズ,REVIVE+,Target,,0.9,0.692,0.724,120,184,差し替え
リズ,REVIVE+,B&N,,0.826,0.593,0.0,120,184,
リズ,REVIVE+,Ktown4U,1.0,0.962,0.606,0.687,120,185,差し替え
リズ,REVIVE+,Tower Records,A,0.924,0.442,0.271,120,185,
リズ,REVIVE+,Tower Records,Shibuya,0.696,0.486,0.0,120,185,
リズ,REVIVE+,Sony Music,B,0.665,0.645,0.0,121,184,
リズ,REVIVE+,A!SMART,C,0.862,0.651,0.232,120,184,
リズ,REVIVE+,Soundwave,1.0,0.956,0.527,0.525,120,185,
リズ,REVIVE+,Makestar,1.0,0.635,0.627,0.0,121,185,
リズ,REVIVE+,MusicArt,1.0,0.628,0.601,0.0,121,184,
リズ,REVIVE+,ARTBOX,,0.858,0.59,0.271,120,184,
リズ,REVIVE+,Broadcast,BANG BANG,0.6,0.58,0.0,120,184,
リズ,REVIVE+,withmuu,2.0 Killing Voice,0.71,0.653,0.0,120,184,
リズ,REVIVE+,withmuu ラキドロ,3.0,0.551,0.521,0.0,120,185,
リズ,REVIVE+,withmuu ラキドロ,3.0 POLA,0.654,0.606,0.0,120,172,
リズ,REVIVE+,OLIVE YOUNG ラキドロ,,0.666,0.634,0.0,121,184,
リズ,REVIVE+,Music Korea,2.0,0.892,0.716,0.07,121,184,
リズ,REVIVE+,HOTTRACKS,,0.643,0.582,0.0,122,185,
リズ,REVIVE+,Showcase,,0.902,0.498,0.471,120,185,
リズ,REVIVE+,Makestar,2.0,0.906,0.723,0.562,120,185,差し替え
リズ,REVIVE+,Apple Music,2.0,0.932,0.618,0.768,120,184,差し替え
リズ,REVIVE+,Broadcast,BLACK HOLE,0.882,0.558,0.262,120,173,
リズ,REVIVE+,withmuu,4.0,0.832,0.473,0.0,120,183,
リズ,REVIVE+,NY Music,1.0,0.873,0.608,-0.024,120,185,
リズ,REVIVE+,QQ音乐 ラキドロ,,0.678,0.629,0.0,120,184,
リズ,REVIVE+,Beatroad,1.0,0.838,0.669,0.0,120,184,
リズ,REVIVE+,Apple Music,3.0,0.647,0.507,0.0,121,184,
リズ,REVIVE+,withmuu ラキドロ,5.0-1,0.923,0.55,0.304,121,185,
リズ,REVIVE+,withmuu ラキドロ,5.0-2,0.88,0.672,0.177,120,185,
リズ,REVIVE+,Soundwave ラキドロ,2.0,0.912,0.664,0.581,118,184,差し替え
リズ,REVIVE+,Soundwave ラキドロ,2.0 POLA,0.608,0.559,0.0,102,184,
リズ,REVIVE+,MusicArt ラキドロ,2.0,0.906,0.546,0.403,121,184,
リズ,REVIVE+,MusicArt ラキドロ,2.0 POLA,0.789,0.677,0.0,103,156,
リズ,REVIVE+,オフラインイベント,4.11 TOKYO,0.666,0.634,0.0,120,185,
リズ,REVIVE+,オフラインイベント,4.12 OSAKA,0.718,0.658,0.0,120,185,
リズ,REVIVE+,KMStation,1.0,0.804,0.612,0.0,120,184,
リズ,REVIVE+,SWIA OSAKA exclusive,4.18,0.942,0.649,0.735,120,184,差し替え
リズ,REVIVE+,SWIA OSAKA exclusive,4.19,0.941,0.855,0.456,120,185,
リズ,REVIVE+,オフラインイベント,4.29 TOKYO,0.57,0.565,0.0,120,184,
リズ,REVIVE+,withmuu ラキドロ,6.0,0.833,0.682,0.0,119,184,
リズ,REVIVE+,withmuu ラキドロ,6.0 POLA,0.807,0.537,0.0,117,184,
リズ,REVIVE+,withmuu,7.0,0.75,0.618,0.0,121,185,
リズ,REVIVE+,KMStation,2.0,0.729,0.668,0.0,119,185,
リズ,REVIVE+,Makestar,3.0,0.875,0.796,0.006,121,175,
リズ,REVIVE+,Ktown4U,2.0,0.56,0.552,0.0,120,185,
リズ,REVIVE+,京东,2.0,0.795,0.773,0.0,120,185,
リズ,REVIVE+,Music Korea,3.0,0.814,0.726,0.0,120,184,
リズ,REVIVE+,Ktown4U,3.0,0.786,0.524,0.0,120,184,
リズ,REVIVE+,withmuu,8.0,0.935,0.789,0.57,122,185,差し替え
リズ,REVIVE+,withmuu ラキドロ,9.0,0.82,0.565,0.0,119,185,
リズ,REVIVE+,withmuu ラキドロ,9.0 POLA,0.703,0.613,0.0,116,160,
リズ,REVIVE+,withmuu,10.0,0.913,0.658,0.553,120,184,差し替え
リズ,REVIVE+,Ktown4U ラキドロ,4.0,0.933,0.631,0.566,121,185,差し替え
リズ,REVIVE+,Ktown4U ラキドロ,4.0 POLA,0.804,0.532,0.0,119,167,
リズ,REVIVE+,Soundwave ラキドロ,3.0,0.882,0.616,0.396,119,184,
リズ,REVIVE+,Soundwave ラキドロ,3.0 POLA,0.697,0.497,0.0,119,184,
リズ,REVIVE+,Yetimall,1.0,0.994,0.601,0.897,120,184,差し替え
リズ,REVIVE+,Yetimall,2.0,0.957,0.712,0.633,120,185,差し替え
リズ,REVIVE+,Makestar ラキドロ,4.0,0.896,0.597,0.452,120,184,
リズ,REVIVE+,Makestar ラキドロ,4.0 POLA,0.94,0.428,0.512,120,183,
リズ,REVIVE+,KMONSTAR,1.0,0.992,0.671,0.911,120,184,差し替え
リズ,REVIVE+,NY Music ラキドロ,2.0,0.982,0.714,0.795,119,184,差し替え
リズ,REVIVE+,NY Music ラキドロ,2.0 POLA,0.606,0.558,0.0,102,133,
リズ,IVE SECRET,本体封入,Shh!,0.823,0.476,0.0,378,185,
リズ,IVE SECRET,本体封入,Gasp!,0.874,0.58,0.0,378,185,
リズ,IVE SECRET,本体封入,Psst!,0.762,0.648,0.0,375,184,
リズ,IVE SECRET,本体封入,LOVED IVE,0.903,0.711,0.0,377,184,
リズ,IVE SECRET,本体封入,Instant Photo Shh!,0.429,0.42,0.0,90,184,
リズ,IVE SECRET,本体封入,Instant Photo Gasp!,0.481,0.48,0.0,91,184,
リズ,IVE SECRET,本体封入,Instant Photo Psst!,0.604,0.542,0.0,93,156,
リズ,IVE SECRET,本体封入,Digipack,0.884,0.481,0.0,378,183,
リズ,IVE SECRET,本体封入,Evil Cupid,0.952,0.659,0.0,375,185,
リズ,IVE SECRET,Starship Square,3TYPE 1,0.8,0.443,0.0,378,184,
リズ,IVE SECRET,Starship Square,3TYPE 2,0.842,0.572,0.0,378,184,
リズ,IVE SECRET,Starship Square,4TYPE,0.747,0.557,0.0,375,184,
リズ,IVE SECRET,Starship Square,3+6 (A),0.845,0.636,0.0,377,184,
リズ,IVE SECRET,Starship Square,3+6 (B),0.935,0.62,0.0,375,185,
リズ,IVE SECRET,Starship Square,LOVED IVE,0.836,0.672,0.0,375,185,
リズ,IVE SECRET,Starship Square,Digipack,0.903,0.658,0.0,378,184,
リズ,IVE SECRET,Soundwave,1.0,0.821,0.78,0.0,378,183,
リズ,IVE SECRET,withmuu,1.0,0.867,0.366,0.0,378,184,
リズ,IVE SECRET,Apple Music,1.0,0.71,0.621,0.0,378,185,
リズ,IVE SECRET,Makestar,1.0,0.789,0.446,0.0,378,184,
リズ,IVE SECRET,京东,,0.717,0.56,0.0,77,184,
リズ,IVE SECRET,Tower Records,A,0.903,0.712,0.0,377,185,
リズ,IVE SECRET,Tower Records,Shibuya,0.776,0.709,0.0,378,184,
リズ,IVE SECRET,Sony Music,B,0.83,0.621,0.0,79,185,
リズ,IVE SECRET,A!SMART,C,0.868,0.694,0.586,77,184,差し替え
リズ,IVE SECRET,US Exclusive,,0.588,0.582,0.0,77,162,
リズ,IVE SECRET,Target,,0.424,0.409,0.0,78,184,
リズ,IVE SECRET,Barnes & Noble,,0.85,0.701,0.0,78,184,
リズ,IVE SECRET,Music Korea,,0.778,0.621,0.0,77,184,
リズ,IVE SECRET,Soundwave ラキドロ,2.0,0.733,0.486,0.0,377,185,
リズ,IVE SECRET,Soundwave ラキドロ,2.0 POLA,0.627,0.596,0.0,76,182,
リズ,IVE SECRET,withmuu ラキドロ,2.0,0.798,0.684,0.0,378,184,
リズ,IVE SECRET,withmuu ラキドロ,2.0 POLA,0.753,0.593,0.0,78,184,
リズ,IVE SECRET,OLIVE YOUNG ラキドロ,,0.587,0.587,0.0,378,158,
リズ,IVE SECRET,Beatroad ラキドロ,1.0,0.889,0.608,0.0,375,184,
リズ,IVE SECRET,Beatroad ラキドロ,1.0 POLA,0.906,0.691,0.402,77,185,
リズ,IVE SECRET,Apple Music,2.0,0.666,0.538,0.0,78,184,
リズ,IVE SECRET,Makestar,2.0,0.843,0.619,0.0,78,185,
リズ,IVE SECRET,Ktown4U,STUDIO CHOOM,0.855,0.552,0.355,77,184,
リズ,IVE SECRET,Broadcast,,0.948,0.636,0.0,378,184,
リズ,IVE SECRET,StarRiver,,0.565,0.549,0.0,78,185,
リズ,IVE SECRET,hellolive,1.0,0.561,0.482,0.0,78,183,
リズ,IVE SECRET,withmuu,3.0,0.613,0.38,0.0,78,185,
リズ,IVE SECRET,MusicArt,,0.464,0.451,0.0,77,156,
リズ,IVE SECRET,HOTTRACKS,,0.676,0.55,0.0,378,184,
リズ,IVE SECRET,Soundwave,3.0,0.88,0.558,0.574,79,184,差し替え
リズ,IVE SECRET,Makestar,3.0,0.864,0.482,0.118,78,184,
リズ,IVE SECRET,オフラインイベント,9.23 TOKYO,0.606,0.517,0.0,77,185,
リズ,IVE SECRET,オフラインイベント,9.24 OSAKA,0.877,0.515,0.5,77,184,
リズ,IVE SECRET,オフラインイベント,10.12 TOKYO,0.818,0.594,0.0,77,184,
リズ,IVE SECRET,オフラインイベント,10.13 OSAKA,0.726,0.694,0.0,76,185,
リズ,IVE SECRET,Apple Music,3.0,0.772,0.443,0.0,78,169,
リズ,IVE SECRET,Soundwave,4.0,0.89,0.667,-0.215,78,184,
リズ,IVE SECRET,withmuu ラキドロ,4.0,0.854,0.584,0.101,77,184,
リズ,IVE SECRET,withmuu ラキドロ,4.0 POLA,0.662,0.603,0.0,66,171,
リズ,IVE SECRET,withmuu,5.0,0.693,0.666,0.0,78,183,
リズ,IVE SECRET,Beatroad,2.0,0.873,0.46,0.715,78,184,差し替え
リズ,IVE SECRET,withmuu ラキドロ,6.0 Special HI-BYE-1,0.528,0.492,0.0,78,184,
リズ,IVE SECRET,withmuu ラキドロ,6.0 Special HI-BYE-2,0.775,0.694,0.0,77,184,
リズ,IVE SECRET,Makestar ラキドロ,4.0,0.571,0.547,0.0,77,185,
リズ,IVE SECRET,Soundwave,5.0,0.79,0.573,0.0,77,185,
リズ,IVE SECRET,オフラインイベント,11.23 TOKYO,0.747,0.582,0.0,76,184,
リズ,IVE SECRET,オフラインイベント,11.24 OSAKA,0.83,0.608,0.0,77,185,
リズ,IVE SECRET,Apple Music,4.0,0.816,0.633,0.0,77,185,
リズ,IVE SECRET,KMONSTAR,1.0,0.868,0.614,0.237,77,184,
リズ,IVE SECRET,withmuu,7.0,0.817,0.657,0.0,78,175,
リズ,IVE SECRET,hellolive,2.0,0.44,0.434,0.0,78,184,
リズ,IVE SECRET,NY Music,,0.724,0.646,0.0,76,184,
リズ,IVE SECRET,KMONSTAR,2.0,0.79,0.736,0.0,77,185,
リズ,IVE SECRET,withmuu ラキドロ,8.0-1,0.8,0.675,0.0,77,171,
リズ,IVE SECRET,withmuu ラキドロ,8.0-2,0.811,0.7,0.0,77,184,
リズ,IVE SECRET,withmuu ラキドロ,8.0 POLA,0.673,0.599,0.0,73,182,
リズ,IVE SECRET,IDOLSHOP,,0.659,0.631,0.0,77,184,
リズ,IVE SECRET,Yetimall ラキドロ,-1,0.662,0.644,0.0,78,185,
リズ,IVE SECRET,Yetimall ラキドロ,-2,0.711,0.698,0.0,78,184,
リズ,IVE SECRET,Yetimall ラキドロ,POLA,0.547,0.514,0.0,75,183,
リズ,IVE SECRET,Makestar,5.0,0.582,0.58,0.0,77,185,
リズ,IVE SECRET,Apple Music ラキドロ,5.0-1,0.763,0.759,0.0,78,184,
リズ,IVE SECRET,Apple Music ラキドロ,5.0-2,0.845,0.683,0.0,78,185,
リズ,IVE SECRET,Apple Music ラキドロ,5.0 POLA,0.675,0.622,0.0,76,184,
リズ,IVE SECRET,withmuu ラキドロ,9.0-1,0.518,0.458,0.0,67,183,
リズ,IVE SECRET,withmuu ラキドロ,9.0-2,0.386,0.364,0.0,66,183,
リズ,IVE SECRET,Soundwave ラキドロ,6.0,0.662,0.59,0.0,68,185,
リズ,2022 SEASON'S GREETINGS [A RAY OF SUNSHINE],本体封入,,0.785,0.487,0.0,347,184,
リズ,2022 SEASON'S GREETINGS [A RAY OF SUNSHINE],Starship Square,,0.748,0.484,0.0,348,184,
リズ,2022 SEASON'S GREETINGS [A RAY OF SUNSHINE],Synnara,,0.49,0.489,0.0,347,162,
リズ,2022 SEASON'S GREETINGS [A RAY OF SUNSHINE],Soundwave,,0.842,0.542,0.0,348,184,
リズ,2022 SEASON'S GREETINGS [A RAY OF SUNSHINE],Sound Contents,,0.702,0.402,0.0,347,185,
リズ,"2023 SEASON'S GREETINGS [Ready, Get Set, IVE!]",本体封入,,0.711,0.511,0.0,348,184,
リズ,"2023 SEASON'S GREETINGS [Ready, Get Set, IVE!]",Soundwave,,0.705,0.585,0.0,348,184,
リズ,"2023 SEASON'S GREETINGS [Ready, Get Set, IVE!]",Starship Square,,0.539,0.535,0.0,348,184,
リズ,"2023 SEASON'S GREETINGS [Ready, Get Set, IVE!]",Ktown4U,,0.819,0.747,0.0,348,184,
リズ,"2023 SEASON'S GREETINGS [Ready, Get Set, IVE!]",Synnara,,0.814,0.647,0.0,348,185,
リズ,2024 SEASON'S GREETINGS [A Fairy's Wish],本体封入,フォトカードセット,0.628,0.412,0.0,348,184,
リズ,2024 SEASON'S GREETINGS [A Fairy's Wish],Soundwave,,0.549,0.474,0.0,347,174,
リズ,2024 SEASON'S GREETINGS [A Fairy's Wish],Starship Square,,0.841,0.401,0.0,347,184,
リズ,2024 SEASON'S GREETINGS [A Fairy's Wish],Ktown4U,,0.844,0.632,0.0,348,184,
リズ,2024 SEASON'S GREETINGS [A Fairy's Wish],Apple Music,,0.836,0.514,0.0,347,184,
リズ,IVE SWITCH,本体封入,ON,0.948,0.659,0.0,329,184,
リズ,IVE SWITCH,本体封入,OFF,0.93,0.625,0.0,329,184,
リズ,IVE SWITCH,本体封入,SPIN-OFF,0.784,0.544,0.0,329,163,
リズ,IVE SWITCH,本体封入,LOVED IVE,0.947,0.693,0.0,307,184,
リズ,IVE SWITCH,本体封入,Digipack,0.693,0.607,0.0,329,184,
リズ,IVE SWITCH,本体封入,PLVE,0.532,0.469,0.0,329,183,
リズ,IVE SWITCH,本体封入,Lenticular,0.536,0.471,0.0,329,185,
リズ,IVE SWITCH,Starship Square,1,0.511,0.499,0.0,329,185,
リズ,IVE SWITCH,Starship Square,2,0.793,0.469,0.0,224,184,
リズ,IVE SWITCH,Starship Square,LOVED IVE,0.918,0.435,0.0,329,184,
リズ,IVE SWITCH,Starship Square,Digipack,0.848,0.64,0.0,329,184,
リズ,IVE SWITCH,Starship Square,Set 1,0.705,0.602,0.0,329,185,
リズ,IVE SWITCH,Starship Square,Set 2,0.764,0.542,0.0,329,153,
リズ,IVE SWITCH,Starship Square,Set 3,0.681,0.649,0.0,329,185,
リズ,IVE SWITCH,A!SMART,,0.66,0.611,0.0,329,175,
リズ,IVE SWITCH,Apple Music,,0.759,0.689,0.0,329,185,
リズ,IVE SWITCH,KakaoTalk,,0.979,0.498,0.0,329,184,
リズ,IVE SWITCH,Makestar,,0.56,0.521,0.0,329,153,
リズ,IVE SWITCH,Music Korea,,0.801,0.609,0.0,329,184,
リズ,IVE SWITCH,mymusictaste,,0.686,0.551,0.0,329,185,
リズ,IVE SWITCH,Sony Music,,0.936,0.765,0.0,333,184,
リズ,IVE SWITCH,Soundwave,,0.915,0.61,0.0,329,184,
リズ,IVE SWITCH,StarRiver,,0.686,0.641,0.0,329,176,
リズ,IVE SWITCH,Tower Records,,0.887,0.668,0.0,329,185,
リズ,IVE SWITCH,withmuu,,0.677,0.639,0.0,329,173,
リズ,IVE SWITCH,Soundwave ラキドロ,1.0-1,0.745,0.619,0.0,329,184,
リズ,IVE SWITCH,Soundwave ラキドロ,1.0-2,0.799,0.503,0.0,329,185,
リズ,IVE SWITCH,Soundwave ラキドロ,2.0-1,0.872,0.427,0.0,329,185,
リズ,IVE SWITCH,Soundwave ラキドロ,2.0-2,0.524,0.371,0.0,329,184,
リズ,IVE SWITCH,Soundwave ラキドロ,4.0-1,0.906,0.702,0.0,329,184,
リズ,IVE SWITCH,Soundwave ラキドロ,4.0-2,0.919,0.534,0.0,329,184,
リズ,IVE SWITCH,Soundwave ラキドロ,5.0-1,0.924,0.431,0.0,329,184,
リズ,IVE SWITCH,Soundwave ラキドロ,5.0-2,0.929,0.545,0.0,329,185,
リズ,IVE SWITCH,Music Korea ラキドロ,1,0.879,0.616,0.0,329,184,
リズ,IVE SWITCH,Music Korea ラキドロ,2,0.893,0.594,0.0,329,184,
リズ,IVE SWITCH,Makestar ラキドロ,1,0.555,0.511,0.0,333,184,
リズ,IVE SWITCH,Makestar ラキドロ,2,0.599,0.542,0.0,329,184,
リズ,IVE SWITCH,withmuu ラキドロ,1.0-1,0.759,0.741,0.0,329,185,
リズ,IVE SWITCH,withmuu ラキドロ,1.0-2,0.669,0.652,0.0,329,154,
リズ,IVE SWITCH,withmuu ラキドロ,2.0-1,0.64,0.64,0.0,329,184,
リズ,IVE SWITCH,withmuu ラキドロ,2.0-2,0.747,0.484,0.0,329,184,
リズ,IVE SWITCH,withmuu ラキドロ,3.0-1,0.89,0.617,0.0,329,185,
リズ,IVE SWITCH,withmuu ラキドロ,3.0-2,0.921,0.687,0.0,329,184,
リズ,IVE SWITCH,Apple Music ファンサイン,1.0,0.869,0.661,0.0,329,184,
リズ,IVE SWITCH,Apple Music ファンサイン,2.0,0.681,0.542,0.0,329,184,
リズ,IVE SWITCH,Apple Music ファンサイン,3.0,0.604,0.594,0.0,329,176,
リズ,IVE SWITCH,Soundwave ファンサイン,1.0,0.824,0.615,0.0,329,184,
リズ,IVE SWITCH,Soundwave ファンサイン,2.0,0.866,0.748,0.0,329,185,
リズ,IVE SWITCH,Soundwave ファンサイン,Hong Kong,0.821,0.59,0.0,329,185,
リズ,IVE SWITCH,Soundwave ファンサイン,Manila,0.63,0.601,0.0,329,167,
リズ,IVE SWITCH,Soundwave ファンサイン,Jakarta,0.959,0.569,0.0,329,184,
リズ,IVE SWITCH,mymusictaste ファンサイン,,0.718,0.565,0.0,329,184,
リズ,IVE SWITCH,Tower Records ファンサイン,,0.649,0.592,0.0,329,185,
リズ,IVE SWITCH,Makestar ファンサイン,1.0,0.854,0.732,0.0,329,184,
リズ,IVE SWITCH,Makestar ファンサイン,2.0,0.662,0.413,0.0,329,169,
リズ,IVE SWITCH,withmuu ファンサイン,1.0,0.858,0.52,0.0,329,184,
リズ,IVE SWITCH,withmuu ファンサイン,2.0,0.89,0.57,0.0,329,184,
リズ,IVE SWITCH,Yizhiyu ファンサイン,1.0,0.699,0.521,0.0,329,185,
リズ,IVE SWITCH,Yizhiyu ファンサイン,2.0,0.703,0.547,0.0,329,176,
リズ,IVE SWITCH,Yizhiyu ファンサイン,3.0,0.581,0.508,0.0,329,184,
リズ,IVE SWITCH,Yizhiyu ファンサイン,4.0,0.727,0.582,0.0,329,184,
リズ,IVE SWITCH,StarRiver ファンサイン,1.0,0.686,0.62,0.0,329,164,
リズ,IVE SWITCH,StarRiver ファンサイン,2.0,0.478,0.474,0.0,329,184,
リズ,IVE SWITCH,Japan ファンサイン,Tokyo,0.67,0.624,0.0,329,185,
リズ,IVE SWITCH,Japan ファンサイン,Osaka,0.78,0.6,0.0,329,185,
リズ,IVE SWITCH,LINE FRIENDS トレカ,1,0.789,0.604,0.0,329,175,
リズ,IVE SWITCH,LINE FRIENDS トレカ,2,0.931,0.514,0.0,329,184,
リズ,IVE SWITCH,LINE FRIENDS 特典,1,0.785,0.461,0.0,329,184,
リズ,IVE SWITCH,LINE FRIENDS 特典,2,0.906,0.468,0.0,332,184,
リズ,IVE SWITCH,OSAKA イベント,,0.882,0.672,0.0,224,184,
リズ,IVE SWITCH,Broadcast,1週目,0.785,0.626,0.0,329,185,
リズ,IVE SWITCH,Broadcast,2週目,0.806,0.747,0.0,329,184,
リズ,1st WORLD TOUR 'SHOW WHAT I HAVE',MD,Photo Kit,0.878,0.634,0.0,348,184,
リズ,1st WORLD TOUR 'SHOW WHAT I HAVE',MD,Photocard Binder,0.906,0.851,0.0,348,176,
リズ,1st WORLD TOUR 'SHOW WHAT I HAVE',MD,Photocard Holder,0.655,0.545,0.0,183,184,
リズ,1st WORLD TOUR 'SHOW WHAT I HAVE',MD,Cross Bag,0.776,0.578,0.0,339,184,
リズ,1st WORLD TOUR 'SHOW WHAT I HAVE',MD,Necklace,0.585,0.436,0.0,213,184,
リズ,1st WORLD TOUR 'SHOW WHAT I HAVE',Random Photocard,1,0.758,0.625,0.0,213,184,
リズ,1st WORLD TOUR 'SHOW WHAT I HAVE',Random Photocard,2,0.671,0.457,0.0,212,185,
リズ,1st WORLD TOUR 'SHOW WHAT I HAVE',Random Photocard,3,0.444,0.425,0.0,232,164,
リズ,1st WORLD TOUR 'SHOW WHAT I HAVE',Random Photocard,4,0.818,0.702,0.0,232,184,
リズ,1st WORLD TOUR 'SHOW WHAT I HAVE',Japan Random Photocard,1,0.899,0.632,0.0,251,184,
リズ,1st WORLD TOUR 'SHOW WHAT I HAVE',Japan Random Photocard,2,0.522,0.495,0.0,170,182,
リズ,1st WORLD TOUR 'SHOW WHAT I HAVE',2nd DIVE FC Class DIVE,1,0.858,0.466,0.0,244,184,
リズ,1st WORLD TOUR 'SHOW WHAT I HAVE',2nd DIVE FC Class DIVE,2,0.5,0.386,0.0,212,185,
リズ,1st WORLD TOUR 'SHOW WHAT I HAVE',SuperStar STARSHIP,1,0.76,0.533,0.0,213,184,
リズ,1st WORLD TOUR 'SHOW WHAT I HAVE',SuperStar STARSHIP,2,0.827,0.627,0.0,213,175,
リズ,1st WORLD TOUR 'SHOW WHAT I HAVE',SuperStar STARSHIP,3,0.628,0.501,0.0,213,185,
リズ,1st WORLD TOUR 'SHOW WHAT I HAVE',SuperStar STARSHIP,4,0.503,0.346,0.0,212,184,
リズ,WAVE,本体封入,初回AB盤 photocard I,0.912,0.804,0.0,415,185,
リズ,WAVE,本体封入,初回C盤 photocard II,0.957,0.74,0.0,413,184,
リズ,WAVE,本体封入,通常盤 photocard III,0.802,0.798,0.0,165,185,
リズ,WAVE,本体封入,DIVE盤 photocard IV,0.842,0.61,0.0,417,185,
リズ,WAVE,Sony Music ラキドロ,,0.914,0.682,0.0,414,184,
リズ,WAVE,全国CDショップ ラキドロ,,0.961,0.684,0.0,417,185,
リズ,WAVE,タワレコ,抽選会特典,0.921,0.624,0.0,417,183,
リズ,WAVE,Soundwave,ランダム,0.815,0.784,0.0,418,176,
リズ,WAVE,ハイタッチ会,A,0.912,0.616,0.0,245,185,
リズ,WAVE,ハイタッチ会,B,0.946,0.69,0.0,245,184,
リズ,WAVE,タワレコ,ランダム,0.952,0.754,0.0,415,184,
リズ,WAVE,HMV,ランダム,0.966,0.599,0.0,417,185,
リズ,After LIKE,本体封入,ver.1,0.584,0.55,0.0,374,184,
リズ,After LIKE,本体封入,ver.2,0.936,0.515,0.0,374,183,
リズ,After LIKE,本体封入,ver.3,0.922,0.748,0.0,376,184,
リズ,After LIKE,本体封入,Jewel ver.,0.985,0.572,0.0,376,184,
リズ,After LIKE,Fansign,ATL ver.,0.85,0.602,0.0,331,185,
リズ,After LIKE,Daum Cafe,,0.839,0.704,0.0,331,184,
リズ,After LIKE,Broadcast,After ver.,0.521,0.518,0.0,331,185,
リズ,After LIKE,Broadcast,Like ver.,0.886,0.672,0.0,216,184,
リズ,After LIKE,Jewel ver. POB,6set,0.901,0.665,0.0,367,184,
リズ,After LIKE,Jewel ver. POB,6+3set,0.694,0.62,0.0,221,184,
リズ,After LIKE,Starship Square,CHU~♥ 1,0.882,0.608,0.0,365,184,
リズ,After LIKE,Starship Square,CHU~♥ 2,0.881,0.479,0.0,367,176,
リズ,After LIKE,Ktown4U,,0.848,0.573,0.0,367,184,
リズ,After LIKE,Bandina,,0.918,0.588,0.0,367,184,
リズ,After LIKE,mymusictaste,,0.902,0.728,0.0,367,184,
リズ,After LIKE,withmuu,1.0,0.921,0.623,0.0,364,184,
リズ,After LIKE,Soundwave,1.0,0.801,0.659,0.0,367,184,
リズ,After LIKE,Naver Shopping Live,,0.768,0.688,0.0,367,171,
リズ,After LIKE,Tower Records,1,0.646,0.646,0.0,367,184,
リズ,After LIKE,Beatroad,,0.862,0.566,0.0,365,184,
リズ,After LIKE,Apple Music,,0.642,0.503,0.0,366,185,
リズ,After LIKE,Namil Music,,0.88,0.647,0.0,367,184,
リズ,After LIKE,MokketShop,,0.89,0.696,0.0,365,184,
リズ,After LIKE,TOU,1.0,0.822,0.733,0.0,365,184,
リズ,After LIKE,Music Korea,,0.904,0.674,0.0,367,183,
リズ,After LIKE,Soundwave,3.0,0.876,0.777,0.0,367,162,
リズ,After LIKE,StarRiver,,0.936,0.61,0.0,367,184,
リズ,After LIKE,withmuu,3.0,0.942,0.627,0.0,367,184,
リズ,After LIKE,Soundwave,4.0,0.849,0.665,0.0,367,184,
リズ,After LIKE,Soundwave ラキドロ,2.0-1,0.924,0.732,0.0,367,184,
リズ,After LIKE,Soundwave ラキドロ,2.0-2,0.905,0.689,0.0,366,185,
リズ,After LIKE,Soundwave ラキドロ,2.0-3,0.886,0.58,0.0,367,185,
リズ,After LIKE,withmuu ラキドロ,2.0-1,0.912,0.71,0.0,367,185,
リズ,After LIKE,withmuu ラキドロ,2.0-2,0.945,0.682,0.0,365,184,
リズ,REVIVE+,KMStation,3.0,0.642,0.62,0.0,293,184,
リズ,REVIVE+,KMStation,4.0,0.516,0.492,0.0,290,183,
リズ,LUCID DREAM,オフラインイベント,9.20 スペシャルイベント,0.667,0.652,0.0,310,169,
イソ,Music Show & Broadcast｜音楽番組・公開放送,MBC 音楽中心 公開放送,,0.744,0.618,0.0,348,174,
イソ,Music Show & Broadcast｜音楽番組・公開放送,SBS 歌謡大祭典 公開放送,,0.946,0.679,0.0,329,184,
イソ,Collab & Event｜コラボ・イベント,UNI-KON,,0.88,0.59,0.0,330,184,
イソ,Collab & Event｜コラボ・イベント,V Coloring イベント特典,,0.638,0.603,0.0,347,184,
イソ,ELEVEN,本体封入,ver.1,0.914,0.591,0.0,393,184,
イソ,ELEVEN,本体封入,ver.2,0.842,0.626,0.0,393,174,
イソ,ELEVEN,POB,ID Card,1.0,0.616,0.0,160,160,
イソ,ELEVEN,POB,Message Card,0.41,0.4,0.0,163,172,
イソ,ELEVEN,Starship Square,1,0.787,0.515,0.0,391,177,
イソ,ELEVEN,Starship Square,2,0.714,0.578,0.0,391,181,
イソ,ELEVEN,Ktown4U,,0.789,0.713,0.0,331,174,
イソ,ELEVEN,Soundwave,1.0,0.681,0.523,0.0,331,176,
イソ,ELEVEN,Yizhiyu,1.0,0.62,0.529,0.0,139,167,
イソ,ELEVEN,Yizhiyu,2.0,0.751,0.645,0.0,330,176,
イソ,ELEVEN,Tower Records,,0.893,0.465,0.0,165,184,
イソ,ELEVEN,Shopee,,0.695,0.498,0.0,331,164,
イソ,ELEVEN,mymusictaste,,0.837,0.492,0.0,330,184,
イソ,ELEVEN,Soundwave ラキドロ,2.0-1,0.907,0.78,0.0,393,176,
イソ,ELEVEN,Soundwave ラキドロ,2.0-2,0.946,0.656,0.0,393,183,
イソ,ELEVEN,Soundwave ラキドロ,2.0 POLA,0.808,0.584,0.0,148,155,
イソ,ELEVEN,Withdrama ラキドロ,2.0-1,0.808,0.655,0.0,393,184,
イソ,ELEVEN,Withdrama ラキドロ,2.0-2,0.642,0.631,0.0,391,184,
イソ,ELEVEN,Withdrama ラキドロ,2.0 POLA,0.636,0.586,0.0,165,174,
イソ,ELEVEN,EVERLINE,1.0,0.873,0.667,0.0,331,185,
イソ,ELEVEN,Makestar,1.0,0.859,0.785,0.0,331,173,
イソ,ELEVEN,Withdrama,3.0,0.816,0.445,0.0,331,182,
イソ,ELEVEN,Wonderwall,,0.631,0.527,0.0,331,156,
イソ,ELEVEN,Soundwave,3.0,0.761,0.517,0.0,331,166,
イソ,ELEVEN,EVERLINE,2.0,0.793,0.745,0.0,331,159,
イソ,ELEVEN,JoeunMusic,,0.873,0.635,0.0,331,184,
イソ,ELEVEN,Makestar,2.0,0.688,0.684,0.0,331,182,
イソ,ELEVEN,Daum Cafe,,0.909,0.702,0.0,331,185,
イソ,IVE EMPATHY,本体封入,Me ver.,0.748,0.632,0.0,89,184,
イソ,IVE EMPATHY,本体封入,You ver.,0.662,0.661,0.0,89,164,
イソ,IVE EMPATHY,本体封入,And us ver.,0.739,0.579,0.0,89,166,
イソ,IVE EMPATHY,本体封入,LOVED IVE ver.,0.739,0.646,0.0,87,184,
イソ,IVE EMPATHY,本体封入,PLVE,0.814,0.615,0.0,376,175,
イソ,IVE EMPATHY,本体封入,Digipack,0.874,0.552,0.046,89,179,
イソ,IVE EMPATHY,MD,,0.405,0.389,0.0,379,175,
イソ,IVE EMPATHY,Broadcast,1.0,0.745,0.604,0.0,376,176,
イソ,IVE EMPATHY,Broadcast,2.0,0.793,0.35,0.0,376,184,
イソ,IVE EMPATHY,Starship Square,3TYPE 1,0.444,0.418,0.0,376,184,
イソ,IVE EMPATHY,Starship Square,3TYPE 2,0.551,0.403,0.0,379,185,
イソ,IVE EMPATHY,Starship Square,4TYPE,0.717,0.642,0.0,379,175,
イソ,IVE EMPATHY,Starship Square,3+6 (A),0.695,0.494,0.0,376,172,
イソ,IVE EMPATHY,Starship Square,3+6 (B),0.695,0.52,0.0,379,184,
イソ,IVE EMPATHY,Starship Square,LOVED IVE,0.703,0.561,0.0,377,167,
イソ,IVE EMPATHY,Starship Square,Digipack,0.739,0.704,0.0,378,184,
イソ,IVE EMPATHY,Soundwave,1.0,0.699,0.529,0.0,376,171,
イソ,IVE EMPATHY,withmuu,1.0,0.642,0.582,0.0,376,165,
イソ,IVE EMPATHY,Apple Music,1.0,0.686,0.603,0.0,376,174,
イソ,IVE EMPATHY,Makestar,1.0,0.95,0.556,0.0,376,184,
イソ,IVE EMPATHY,mymusictaste,1.0,0.792,0.607,0.0,378,184,
イソ,IVE EMPATHY,withmuu,2.0 Live Studio Choom,1.0,0.584,0.0,182,182,
イソ,IVE EMPATHY,Tower Records,A,0.583,0.581,0.0,376,184,
イソ,IVE EMPATHY,Tower Records,Shibuya,0.667,0.527,0.0,378,164,
イソ,IVE EMPATHY,Sony Music,1.0 B,0.675,0.635,0.0,376,184,
イソ,IVE EMPATHY,A!SMART,C,0.808,0.714,0.0,376,184,
イソ,IVE EMPATHY,Apple Music,2.0,0.842,0.487,0.0,376,166,
イソ,IVE EMPATHY,withmuu ラキドロ,3.0,0.695,0.551,0.0,374,166,
イソ,IVE EMPATHY,withmuu ラキドロ,3.0 POLA,0.798,0.622,0.0,333,183,
イソ,IVE EMPATHY,Soundwave ラキドロ,2.0,0.913,0.691,0.0,376,184,
イソ,IVE EMPATHY,Soundwave ラキドロ,2.0 POLA,0.62,0.599,0.0,331,184,
イソ,IVE EMPATHY,Makestar,2.0,1.0,0.57,0.0,184,184,
イソ,IVE EMPATHY,MusicArt,,0.569,0.379,0.0,86,160,
イソ,IVE EMPATHY,HOTTRACKS,,0.61,0.594,0.0,376,184,
イソ,IVE EMPATHY,Ktown4U,,0.683,0.56,0.0,88,184,
イソ,IVE EMPATHY,withmuu,4.0,0.594,0.546,0.0,87,184,
イソ,IVE EMPATHY,Soundwave,3.0,0.824,0.746,0.0,379,184,
イソ,IVE EMPATHY,Makestar,3.0,1.0,0.459,0.0,176,176,
イソ,IVE EMPATHY,withmuu ラキドロ,5.0,0.866,0.56,0.0,376,182,
イソ,IVE EMPATHY,withmuu ラキドロ,5.0 POLA,0.613,0.602,0.0,330,184,
イソ,IVE EMPATHY,US Exclusive,,0.782,0.526,0.0,376,185,
イソ,IVE EMPATHY,Soundwave ラキドロ,4.0,0.885,0.498,0.0,379,185,
イソ,IVE EMPATHY,Soundwave ラキドロ,4.0 POLA,0.634,0.594,0.0,76,184,
イソ,IVE EMPATHY,Soundwave,5.0,0.739,0.535,0.0,379,184,
イソ,IVE EMPATHY,IDOUSTAGE ラキドロ,1.0,0.625,0.583,0.0,376,184,
イソ,IVE EMPATHY,IDOUSTAGE ラキドロ,1.0 POLA,0.873,0.473,0.0,330,168,
イソ,IVE EMPATHY,Apple Music,3.0,0.92,0.581,0.0,376,163,
イソ,IVE EMPATHY,withmuu,6.0,0.827,0.613,0.0,376,185,
イソ,IVE EMPATHY,mymusictaste,2.0,0.816,0.417,0.0,376,185,
イソ,IVE EMPATHY,Soundwave,6.0,0.922,0.544,0.0,379,184,
イソ,IVE EMPATHY,Apple Music,4.0,0.846,0.535,0.0,376,184,
イソ,IVE EMPATHY,オフラインイベント,TOKYO,0.949,0.715,0.0,376,184,
イソ,IVE EMPATHY,オフラインイベント,OSAKA,0.827,0.625,0.0,87,184,
イソ,IVE EMPATHY,Sony Music,2.0,0.9,0.305,0.0,376,184,
イソ,IVE EMPATHY,Soundwave,7.0,0.48,0.47,0.0,87,183,
イソ,IVE EMPATHY,K-MONSTAR,Taiwan,0.662,0.661,0.0,88,170,
イソ,IVE EMPATHY,K-MONSTAR,Taiwan POLA,1.0,0.548,0.0,184,184,
イソ,IVE EMPATHY,Soundwave ラキドロ,8.0 IVE SCOUT-1,0.808,0.574,0.0,88,185,
イソ,IVE EMPATHY,Soundwave ラキドロ,8.0 IVE SCOUT-2,0.851,0.652,0.0,376,184,
イソ,IVE EMPATHY,IDOUSTAGE,2.0,0.83,0.661,0.0,86,184,
イソ,IVE EMPATHY,Makestar,4.0 Shanghai,1.0,0.568,0.0,185,185,
イソ,IVE EMPATHY,Makestar,4.0 Shanghai カフェ店長 ver.,0.762,0.731,0.0,89,185,
イソ,DIVE Official Fanclub｜ファンクラブ,DIVE 1期 会員キット,,0.703,0.418,0.0,331,185,
イソ,DIVE Official Fanclub｜ファンクラブ,IVE JAPAN FC 早期入会特典,,0.919,0.554,0.0,331,184,
イソ,DIVE Official Fanclub｜ファンクラブ,DIVE 2期 'MAGAZINE IVE',,0.789,0.731,0.0,331,184,
イソ,1st FAN CONCERT 'The Prom Queens',MD,Photocard Deco Set,0.843,0.527,0.0,228,184,
イソ,1st FAN CONCERT 'The Prom Queens',MD,Photocard Binder,0.518,0.501,0.0,228,164,
イソ,1st FAN CONCERT 'The Prom Queens',MD,PVC Card Holder,0.555,0.534,0.0,229,165,
イソ,1st FAN CONCERT 'The Prom Queens',Random Photocard Pack (KOREA),1,0.602,0.579,0.0,165,175,
イソ,1st FAN CONCERT 'The Prom Queens',Random Photocard Pack (KOREA),2,0.715,0.657,0.0,165,184,
イソ,1st FAN CONCERT 'The Prom Queens',Random Photocard Pack (KOREA),3,0.713,0.644,0.0,165,171,
イソ,1st FAN CONCERT 'The Prom Queens',Random Photocard Pack (KOREA),4,0.578,0.555,0.0,165,184,
イソ,1st FAN CONCERT 'The Prom Queens',Random Photocard Pack (KOREA),5,0.755,0.571,0.0,228,174,
イソ,1st FAN CONCERT 'The Prom Queens',Random Trading Card (JAPAN),1,0.627,0.375,0.0,251,176,
イソ,1st FAN CONCERT 'The Prom Queens',Random Trading Card (JAPAN),2,0.829,0.493,0.0,229,177,
イソ,1st FAN CONCERT 'The Prom Queens',1st DIVE FC Class DIVE,1,0.844,0.552,0.0,244,184,
イソ,1st FAN CONCERT 'The Prom Queens',1st DIVE FC Class DIVE,2,0.783,0.604,0.0,348,183,
イソ,1st FAN CONCERT 'The Prom Queens',SuperStar STARSHIP,1,0.612,0.605,0.0,347,153,
イソ,1st FAN CONCERT 'The Prom Queens',SuperStar STARSHIP,2,0.606,0.545,0.0,232,176,
イソ,1st FAN CONCERT 'The Prom Queens',SuperStar STARSHIP,3,0.63,0.343,0.0,348,183,
イソ,I've IVE,本体封入,I ver.,0.854,0.631,0.0,343,184,
イソ,I've IVE,本体封入,V ver.,0.937,0.51,0.0,342,184,
イソ,I've IVE,本体封入,E ver.,0.862,0.685,0.0,342,185,
イソ,I've IVE,本体封入,Jewel Case,0.811,0.644,0.0,342,185,
イソ,I've IVE,本体封入,Special Edition,0.459,0.435,0.0,342,184,
イソ,I've IVE,Ktown4U,,0.876,0.549,0.0,330,184,
イソ,I've IVE,Starship Square Album,1,0.807,0.531,0.0,342,185,
イソ,I've IVE,Starship Square Album,2,0.844,0.681,0.0,343,184,
イソ,I've IVE,Starship Square Jewel Case,,0.81,0.771,0.0,330,185,
イソ,I've IVE,Starship Square Set,,0.833,0.527,0.0,347,184,
イソ,I've IVE,Starship Square Special,,0.948,0.502,0.0,342,185,
イソ,I've IVE,Mokket,,0.846,0.607,0.0,330,184,
イソ,I've IVE,Soundwave,,0.803,0.621,0.0,330,184,
イソ,I've IVE,Soundwave ラキドロ,1,0.843,0.693,0.0,342,183,
イソ,I've IVE,Soundwave ラキドロ,2,0.844,0.73,0.0,341,184,
イソ,I've IVE,Soundwave ラキドロ,3,0.964,0.514,0.0,338,184,
イソ,I've IVE,Soundwave FC,,0.73,0.582,0.0,330,176,
イソ,I've IVE,Soundwave FC2,,0.89,0.656,0.0,330,184,
イソ,I've IVE,MusicArt,,0.569,0.528,0.0,330,172,
イソ,I've IVE,withmuu ラキドロ,1,0.894,0.605,0.0,343,185,
イソ,I've IVE,withmuu ラキドロ,2,0.918,0.753,0.0,342,184,
イソ,I've IVE,withmuu FC,,0.737,0.619,0.0,329,185,
イソ,I've IVE,mymusictaste,,0.674,0.59,0.0,329,185,
イソ,I've IVE,Tower Records,1,0.682,0.681,0.0,306,172,
イソ,I've IVE,Tower Records,2,0.865,0.506,0.0,301,185,
イソ,I've IVE,Namil Music,,0.693,0.655,0.0,330,185,
イソ,I've IVE,StarRiver,,0.858,0.736,0.0,330,182,
イソ,I've IVE,StarRiver FC,,0.672,0.635,0.0,342,164,
イソ,I've IVE,Naver Live,,0.878,0.589,0.0,327,183,
イソ,I've IVE,HOTTRACKS,,0.809,0.535,0.0,329,163,
イソ,I've IVE,Makestar,,0.904,0.749,0.0,330,184,
イソ,I've IVE,Apple Music,,0.876,0.601,0.0,330,184,
イソ,I've IVE,Beatroad,,0.75,0.518,0.0,330,184,
イソ,I've IVE,Broadcast,1,0.759,0.714,0.0,330,184,
イソ,I've IVE,Broadcast,2,0.855,0.747,0.0,330,184,
イソ,I've IVE,Broadcast,3,0.808,0.562,0.0,330,184,
イソ,I've IVE,Fancall,,0.927,0.562,0.0,330,184,
イソ,ELEVEN -Japanese ver.-,本体封入,I盤 type-A,0.904,0.453,0.0,330,185,
イソ,ELEVEN -Japanese ver.-,本体封入,V盤 type-B,0.862,0.506,0.0,331,184,
イソ,ELEVEN -Japanese ver.-,本体封入,E盤 type-C,0.76,0.567,0.0,330,184,
イソ,ELEVEN -Japanese ver.-,本体封入,FC盤,0.761,0.535,0.0,329,185,
イソ,ELEVEN -Japanese ver.-,タワレコ,IDトレカ,0.719,0.514,0.0,318,184,
イソ,ELEVEN -Japanese ver.-,タワレコ,ラキドロ,0.88,0.587,0.0,331,185,
イソ,ELEVEN -Japanese ver.-,Soundwave,,0.803,0.526,0.0,330,184,
イソ,LOVE DIVE,本体封入,ver.1,0.995,0.628,0.0,384,184,
イソ,LOVE DIVE,本体封入,ver.2,0.826,0.788,0.0,386,167,
イソ,LOVE DIVE,本体封入,ver.3,0.996,0.649,0.0,388,183,
イソ,LOVE DIVE,本体封入,Heart Hologram Card,0.386,0.362,0.0,129,185,
イソ,LOVE DIVE,本体封入,Jewel ver.,0.66,0.572,0.0,386,168,
イソ,LOVE DIVE,Jewel ver. POB,6set Heart,0.707,0.602,0.0,331,173,
イソ,LOVE DIVE,Jewel ver. POB,9set MV,0.856,0.743,0.0,330,176,
イソ,LOVE DIVE,Starship Square,1,0.829,0.643,0.0,362,181,
イソ,LOVE DIVE,Starship Square,2,0.841,0.696,0.0,364,176,
イソ,LOVE DIVE,Ktown4U,1.0,0.945,0.773,0.0,330,184,
イソ,LOVE DIVE,Tower Records,1,0.896,0.456,0.0,362,185,
イソ,LOVE DIVE,Tower Records,2 POLA,0.578,0.526,0.0,361,184,
イソ,LOVE DIVE,mymusictaste,,0.871,0.63,0.0,331,185,
イソ,LOVE DIVE,Soundwave,1.0,0.894,0.721,0.0,330,184,
イソ,LOVE DIVE,withmuu ラキドロ,1.0-1,0.605,0.598,0.0,363,176,
イソ,LOVE DIVE,withmuu ラキドロ,1.0-2,0.673,0.597,0.0,363,185,
イソ,LOVE DIVE,withmuu ラキドロ,1.0 POLA,0.816,0.548,0.0,354,184,
イソ,LOVE DIVE,Apple Music,,0.855,0.563,0.0,331,184,
イソ,LOVE DIVE,Namil Music,1.0,0.728,0.718,0.0,330,185,
イソ,LOVE DIVE,withmuu,2.0,0.894,0.619,0.0,330,184,
イソ,LOVE DIVE,Music Korea,,0.853,0.5,0.0,330,184,
イソ,LOVE DIVE,Soundwave,2.0,0.805,0.608,0.0,330,184,
イソ,LOVE DIVE,Soundwave ラキドロ,3.0-1,0.697,0.639,0.0,362,185,
イソ,LOVE DIVE,Soundwave ラキドロ,3.0-2,0.75,0.696,0.0,360,184,
イソ,LOVE DIVE,Soundwave ラキドロ,3.0 POLA,0.379,0.365,0.0,165,184,
イソ,LOVE DIVE,Beatroad,,0.872,0.715,0.0,330,184,
イソ,LOVE DIVE,Ktown4U,2.0,0.864,0.684,0.0,330,185,
イソ,LOVE DIVE,Namil Music,2.0,0.812,0.633,0.0,330,185,
イソ,LOVE DIVE,withmuu,3.0,0.87,0.64,0.0,330,184,
イソ,LOVE DIVE,MokketShop,,0.75,0.678,0.0,330,176,
イソ,LOVE DIVE,Soundwave,4.0,0.875,0.592,0.0,330,185,
イソ,LOVE DIVE,Daum Cafe,,0.935,0.763,0.0,330,184,
イソ,LUCID DREAM,本体封入,初回生産限定盤 I,0.725,0.63,0.0,161,185,
イソ,LUCID DREAM,本体封入,初回生産限定盤 V,0.897,0.764,0.0,161,185,
イソ,LUCID DREAM,本体封入,初回生産限定盤 E,0.919,0.734,0.0,159,184,
イソ,LUCID DREAM,本体封入,メンバーソロジャケット盤,0.63,0.628,0.0,161,184,
イソ,LUCID DREAM,本体封入,期間生産限定盤,1.0,0.685,0.0,185,185,
イソ,LUCID DREAM,本体封入,会場限定盤,0.852,0.72,0.0,160,185,
イソ,LUCID DREAM,A!SMART,A,0.777,0.625,0.0,159,185,
イソ,LUCID DREAM,タワレコ,B,1.0,0.639,0.0,185,185,
イソ,LUCID DREAM,HMV,C,0.703,0.657,0.0,160,185,
イソ,LUCID DREAM,Sony Music Shop,1.0 clear pc,0.547,0.515,0.0,160,184,
イソ,LUCID DREAM,タワレコ,Shibuya（限定抽選）,0.843,0.603,0.0,161,184,
イソ,LUCID DREAM,東京ドーム公演開催記念,期間限定特典,0.847,0.69,0.0,159,184,
イソ,LUCID DREAM,Sony Music Shop,2.0 ラキドロ,0.836,0.636,0.0,161,184,
イソ,LUCID DREAM,全国ラキドロ,,0.823,0.661,0.0,160,184,
イソ,LUCID DREAM,タワレコ,online ラキドロ,0.917,0.663,0.0,160,184,
イソ,LUCID DREAM,オフラインイベント,4.11 TOKYO,0.923,0.623,0.0,161,184,
イソ,LUCID DREAM,オフラインイベント,4.12 OSAKA,0.891,0.579,0.0,159,184,
イソ,LUCID DREAM,SWIA OSAKA exclusive,4.18,0.81,0.615,0.0,159,185,
イソ,LUCID DREAM,オフラインイベント,4.29 TOKYO,0.724,0.595,0.0,161,185,
イソ,LUCID DREAM,SWIA TOKYO exclusive,6.24-1,0.919,0.481,0.0,162,184,
イソ,LUCID DREAM,SWIA TOKYO exclusive,6.24-2,0.826,0.511,0.0,161,184,
イソ,LUCID DREAM,オフラインイベント,7.5 TOKYO,0.894,0.607,0.0,159,184,
イソ,LUCID DREAM,オフラインイベント,8.30 OSAKA,0.855,0.58,0.0,160,185,
イソ,LUCID DREAM,オフラインイベント,8.31 TOKYO,0.861,0.628,0.0,160,184,
イソ,Magazine｜雑誌特典,S Cawaii! 主婦の友 特典B トレカ,,0.855,0.441,0.0,331,185,
イソ,Magazine｜雑誌特典,ViVi セブンネット特典,,0.561,0.554,0.0,341,174,
イソ,I've MINE,本体封入,Either Way (Pink ver.),0.897,0.673,0.0,221,185,
イソ,I've MINE,本体封入,Off The Record (Red ver.),0.84,0.714,0.0,223,184,
イソ,I've MINE,本体封入,Baddie (Gray ver.),0.906,0.612,0.0,221,184,
イソ,I've MINE,本体封入,PLVE ver.,0.727,0.578,0.0,220,185,
イソ,I've MINE,本体封入,LOVED IVE (White ver.),0.866,0.719,0.0,220,175,
イソ,I've MINE,本体封入,Digipack ver.,0.89,0.556,0.0,218,184,
イソ,I've MINE,Broadcast,LOVED IVE,0.968,0.624,0.0,213,185,
イソ,I've MINE,Broadcast,Baddie,0.853,0.579,0.0,215,185,
イソ,I've MINE,Starship Square,Digipack 6set,0.702,0.607,0.0,330,184,
イソ,I've MINE,Starship Square,Digipack 6+3set,0.703,0.661,0.0,315,184,
イソ,I've MINE,Starship Square,PB 3+1set,0.619,0.499,0.0,313,184,
イソ,I've MINE,Starship Square,PB LOVED IVE,0.474,0.388,0.0,221,183,
イソ,I've MINE,Starship Square,PB EW+OTR+BADDIE 1,0.941,0.578,0.0,215,185,
イソ,I've MINE,Starship Square,PB EW+OTR+BADDIE 2,0.908,0.497,0.0,215,184,
イソ,I've MINE,Ktown4U,1.0,0.895,0.707,0.0,330,185,
イソ,I've MINE,Namil Music,1.0,0.762,0.665,0.0,108,163,
イソ,I've MINE,Soundwave,1.0,0.874,0.729,0.0,330,185,
イソ,I've MINE,Kakao Gift,,0.761,0.593,0.0,330,184,
イソ,I've MINE,withmuu,1.0,0.916,0.628,0.0,330,184,
イソ,I've MINE,IDOUSTAGE,1.0,0.791,0.596,0.0,330,184,
イソ,I've MINE,KMStation,1.0,0.522,0.516,0.0,330,184,
イソ,I've MINE,mymusictaste,1.0,0.867,0.65,0.0,330,184,
イソ,I've MINE,Tower Records,1.0,0.849,0.704,0.0,215,184,
イソ,I've MINE,Tower Records,Shibuya,0.64,0.549,0.0,215,185,
イソ,I've MINE,Apple Music,1.0,0.696,0.608,0.0,330,185,
イソ,I've MINE,Namil Music,2.0,0.702,0.62,0.0,330,165,
イソ,I've MINE,Ktown4U,2.0,0.888,0.565,0.0,330,184,
イソ,I've MINE,Beatroad,,0.746,0.575,0.0,330,184,
イソ,I've MINE,Soundwave ラキドロ,2.0-1,0.878,0.515,0.0,215,184,
イソ,I've MINE,Soundwave ラキドロ,2.0-2,0.571,0.543,0.0,184,184,
イソ,I've MINE,withmuu ラキドロ,2.0-1,0.941,0.701,0.0,213,185,
イソ,I've MINE,withmuu ラキドロ,2.0-2,0.807,0.7,0.0,183,184,
イソ,I've MINE,withmuu,3.0,0.673,0.663,0.0,330,163,
イソ,I've MINE,KMStation,2.0,0.839,0.737,0.0,329,185,
イソ,I've MINE,Soundwave,3.0,0.87,0.688,0.0,330,185,
イソ,I've MINE,Taiwan,,0.769,0.567,0.0,330,185,
イソ,I've MINE,Soundwave ラキドロ,4.0-1,0.845,0.784,0.0,211,184,
イソ,I've MINE,Soundwave ラキドロ,4.0-2,0.77,0.42,0.0,215,176,
イソ,I've MINE,Makestar,1.0,0.84,0.614,0.0,322,184,
イソ,I've MINE,Apple Music,2.0,0.879,0.681,0.0,330,184,
イソ,I've MINE,US Exclusive,,0.842,0.608,0.0,330,184,
イソ,I've MINE,IDOUSTAGE,2.0,0.881,0.71,0.0,330,184,
イソ,I've MINE,KMStation,3.0,0.923,0.67,0.0,330,185,
イソ,I've MINE,withmuu,4.0,1.0,0.734,0.0,184,184,
イソ,I've MINE,MusicArt,,0.812,0.582,0.0,330,185,
イソ,I've MINE,HOTTRACKS,,0.8,0.258,0.0,330,185,
イソ,I've MINE,mymusictaste,2.0,0.912,0.75,0.0,330,184,
イソ,I've MINE,Soundwave,5.0,0.836,0.661,0.0,215,185,
イソ,I've MINE,Namil Music,3.0,0.844,0.729,0.0,330,172,
イソ,I've MINE,Japan Yokohama Live,15th Day1,0.729,0.714,0.0,221,184,
イソ,I've MINE,Japan Yokohama Live,16th Day2,0.778,0.76,0.0,330,185,
イソ,I've MINE,Hi-Touch,18th・19th,0.731,0.654,0.0,329,184,
イソ,I've MINE,Tower Records,2.0,0.95,0.555,0.0,330,185,
イソ,I've MINE,Soundwave,6.0,0.832,0.571,0.0,330,184,
イソ,I've MINE,withmuu,5.0,0.711,0.685,0.0,330,184,
イソ,I've MINE,withmuu ラキドロ,6.0-1,0.826,0.513,0.0,330,185,
イソ,I've MINE,withmuu ラキドロ,6.0-2,0.771,0.767,0.0,116,172,
イソ,I've MINE,withmuu ラキドロ,6.0-3,0.639,0.636,0.0,186,164,
イソ,I've MINE,Makestar,2.0,0.641,0.598,0.0,330,174,
イソ,I've MINE,Yizhiyu,1.0,0.801,0.644,0.0,330,185,
イソ,I've MINE,Soundwave,7.0 Busan,0.868,0.668,0.0,330,184,
イソ,I've MINE,Soundwave,8.0 Daegu,0.734,0.546,0.0,330,184,
イソ,I've MINE,Soundwave,9.0 Gwangju,0.752,0.694,0.0,330,184,
イソ,I've MINE,Soundwave,10.0 Daejeon,0.714,0.443,0.0,330,184,
イソ,I've MINE,Soundwave,11.0 Xmas,0.826,0.597,0.0,330,184,
イソ,I've MINE,KMStation,4.0,0.726,0.714,0.0,330,184,
イソ,I've MINE,Soundwave,12.0 Thailand,0.757,0.44,0.0,330,185,
イソ,I've MINE,mymusictaste,3.0,0.829,0.672,0.0,330,184,
イソ,I've MINE,Yizhiyu,2.0,0.841,0.646,0.0,329,185,
イソ,ELEVEN -Japanese ver.-,お見送り会 CD購入特典,,0.967,0.647,0.0,330,184,
イソ,ALIVE,本体封入,Album A（I ver.）,0.736,0.574,0.0,207,185,
イソ,ALIVE,本体封入,Album B（II ver.）,0.863,0.626,0.0,207,184,
イソ,ALIVE,本体封入,Normal ED（III ver.）,0.9,0.669,0.0,207,185,
イソ,ALIVE,本体封入,Solo（IV ver.）,0.878,0.75,0.0,207,184,
イソ,ALIVE,本体封入,Limited ED（V ver.）,0.642,0.38,0.0,207,184,
イソ,ALIVE,本体封入,Clear Photocard,0.947,0.657,0.0,204,184,
イソ,ALIVE,Sony Music Shop,オンライン ラキドロ,0.834,0.632,0.0,207,185,
イソ,ALIVE,Tower Records,Selca Photocard #B,0.753,0.704,0.0,207,185,
イソ,ALIVE,HMV・LAWSON,Selca Photocard #C,0.896,0.662,0.0,207,184,
イソ,ALIVE,オフラインイベント,8/16 OSAKA,0.906,0.726,0.0,207,185,
イソ,ALIVE,オフラインイベント,8/19 TOKYO,0.859,0.694,0.0,207,185,
イソ,ALIVE,Japan CD Shop ラキドロ,,0.593,0.55,0.0,207,184,
イソ,ALIVE,Tower Records Shibuya,限定抽選 A賞,0.993,0.62,0.0,205,184,
イソ,ALIVE,Sony Music Shop,期間限定特典,0.755,0.464,0.0,207,185,
イソ,Be Alright,本体封入,初回生産限定盤 I,0.908,0.593,0.0,159,185,
イソ,Be Alright,本体封入,初回生産限定盤 V,0.855,0.637,0.0,159,184,
イソ,Be Alright,本体封入,初回生産限定盤 E,0.915,0.623,0.0,159,184,
イソ,Be Alright,本体封入,ソロジャケット盤,0.798,0.459,0.0,157,184,
イソ,Be Alright,IVE SCOUT,愛知・福岡 1日目,0.857,0.538,0.0,159,184,
イソ,Be Alright,IVE SCOUT,愛知・福岡 2日目,0.784,0.666,0.0,159,176,
イソ,Be Alright,IVE SCOUT,神戸・横浜 1日目,0.838,0.697,0.0,157,184,
イソ,Be Alright,IVE SCOUT,神戸・横浜 2日目,0.904,0.772,0.0,159,184,
イソ,Be Alright,A!SMART,A,0.544,0.458,0.0,159,163,
イソ,Be Alright,Tower Records,B,0.822,0.69,0.0,160,184,
イソ,Be Alright,HMV,C,0.924,0.671,0.0,159,184,
イソ,Be Alright,Sony Music,クリアフォトカード,0.641,0.482,0.0,157,155,
イソ,Be Alright,Sony Music ラキドロ,,1.0,0.685,0.0,185,185,
イソ,Be Alright,Tower Records Shibuya,限定フォトカード（抽選）,0.949,0.519,0.0,157,185,
イソ,Be Alright,全店ラキドロ,,0.824,0.545,0.0,160,185,
イソ,Music Show & Broadcast｜音楽番組・公開放送,2024 KBS 歌謡大祝祭,,0.634,0.495,0.0,237,183,
イソ,Collab & Event｜コラボ・イベント,ForEVER IVE（エバーランド）,MD MINIVE HUG BAG,0.893,0.566,0.0,197,185,
イソ,Collab & Event｜コラボ・イベント,ForEVER IVE（エバーランド）,Special Gift 70K,0.9,0.612,0.0,198,185,
イソ,Collab & Event｜コラボ・イベント,ForEVER IVE（エバーランド）,PASS,0.702,0.685,0.0,198,176,
イソ,Collab & Event｜コラボ・イベント,ForEVER IVE（エバーランド）,Special Reward,0.903,0.644,0.0,198,184,
イソ,Collab & Event｜コラボ・イベント,ForEVER IVE（エバーランド）,Special Gift 70K 2.0（8.21〜）,0.832,0.595,0.0,197,184,
イソ,Collab & Event｜コラボ・イベント,ForEVER IVE（エバーランド）,PASS 2.0,0.682,0.672,0.0,190,185,
イソ,Collab & Event｜コラボ・イベント,ForEVER IVE（エバーランド）,Special Reward 2.0,0.718,0.607,0.0,189,185,
イソ,Collab & Event｜コラボ・イベント,Dive into MINIVE,MD MINIVE MINI HANDY FAN,0.921,0.762,0.0,199,184,
イソ,Collab & Event｜コラボ・イベント,Dive into MINIVE,Special Gift 70K,0.938,0.589,0.0,198,184,
イソ,Collab & Event｜コラボ・イベント,PUMA,1.0 TEVERIS NITRO,0.64,0.616,0.0,138,184,
イソ,Collab & Event｜コラボ・イベント,PUMA,2.0 PALERMO（China）,0.427,0.424,0.0,146,184,
イソ,Collab & Event｜コラボ・イベント,PUMA,3.0 PALERMO,0.561,0.544,0.0,146,184,
イソ,Collab & Event｜コラボ・イベント,PUMA,4.0 WAVEMULE,0.535,0.522,0.0,143,168,
イソ,Collab & Event｜コラボ・イベント,光東 とうもろこしのひげ茶,1.0,0.867,0.513,0.535,133,185,
イソ,Collab & Event｜コラボ・イベント,光東 とうもろこしのひげ茶,2.0,0.687,0.583,0.0,133,181,
イソ,Collab & Event｜コラボ・イベント,光東 とうもろこしのひげ茶,3.0,0.652,0.644,0.0,134,184,
イソ,Collab & Event｜コラボ・イベント,Papa John's,1.0,0.663,0.598,0.0,133,184,
イソ,Collab & Event｜コラボ・イベント,Papa John's,2.0,0.639,0.618,0.0,129,183,
イソ,Collab & Event｜コラボ・イベント,Papa John's,3.0,0.621,0.593,0.0,130,184,
イソ,Collab & Event｜コラボ・イベント,Papa John's,4.0 クリア,0.56,0.529,0.0,125,184,
イソ,Collab & Event｜コラボ・イベント,Papa John's,5.0,0.591,0.587,0.0,124,185,
イソ,Collab & Event｜コラボ・イベント,Papa John's,6.0 レンチキュラー,0.626,0.616,0.0,129,184,
イソ,Collab & Event｜コラボ・イベント,AMUSE スティックウエハース,Normal A,0.758,0.689,0.0,144,172,
イソ,Collab & Event｜コラボ・イベント,AMUSE スティックウエハース,Normal B,0.867,0.468,0.504,144,184,
イソ,Collab & Event｜コラボ・イベント,AMUSE スティックウエハース,Normal C,0.892,0.604,0.309,147,184,
イソ,Collab & Event｜コラボ・イベント,AMUSE スティックウエハース,Rare solo,0.941,0.493,0.282,145,185,
イソ,Collab & Event｜コラボ・イベント,AMUSE ウエハース2,N-06,0.818,0.526,0.0,166,184,
イソ,Collab & Event｜コラボ・イベント,AMUSE ウエハース2,N-12,0.901,0.676,0.0,166,185,
イソ,Collab & Event｜コラボ・イベント,AMUSE ウエハース2,N-18,0.865,0.625,0.0,166,184,
イソ,Collab & Event｜コラボ・イベント,AMUSE ウエハース2,R-24,0.544,0.249,0.0,166,185,
イソ,4th FAN CONCERT 'DIVE into IVE',Random Photocard Pack,1,0.795,0.67,0.0,144,185,
イソ,4th FAN CONCERT 'DIVE into IVE',Random Photocard Pack,2,0.707,0.549,0.0,146,174,
イソ,4th FAN CONCERT 'DIVE into IVE',Random Photocard Pack,3,0.962,0.734,0.811,144,185,差し替え
イソ,4th FAN CONCERT 'DIVE into IVE',Random Photocard Pack,4,0.906,0.792,0.417,145,185,
イソ,4th FAN CONCERT 'DIVE into IVE',Random Photocard Pack,5,0.865,0.53,0.417,146,185,
イソ,4th FAN CONCERT 'DIVE into IVE',Random Photocard Pack,6,0.667,0.657,0.0,145,184,
イソ,4th FAN CONCERT 'DIVE into IVE',MD,Acrylic Stand Set,0.739,0.658,0.0,144,185,
イソ,4th FAN CONCERT 'DIVE into IVE',MD,Collect Book,0.839,0.819,0.0,144,184,
イソ,4th FAN CONCERT 'DIVE into IVE',MD,Locket Pendant Necklace,0.828,0.739,0.0,145,185,
イソ,4th FAN CONCERT 'DIVE into IVE',MD,T-shirt,0.905,0.511,0.545,144,184,
イソ,4th FAN CONCERT 'DIVE into IVE',MD,Designed by the members,0.766,0.692,0.0,144,184,
イソ,4th FAN CONCERT 'DIVE into IVE',MD,70K Benefit,0.88,0.582,0.515,144,184,
イソ,Pepsi × IVE 'BLUE & BLACK',IVE × PEPSI 2023,1.0 A,0.709,0.589,0.0,105,184,
イソ,Pepsi × IVE 'BLUE & BLACK',IVE × PEPSI 2023,1.0 B,0.586,0.569,0.0,105,184,
イソ,Pepsi × IVE 'BLUE & BLACK',IVE × PEPSI 2023,2.0 クリア,0.455,0.402,0.0,106,160,
イソ,Pepsi × IVE 'BLUE & BLACK',IVE × PEPSI 2023,3.0,0.724,0.703,0.0,105,184,
イソ,Pepsi × IVE 'BLUE & BLACK',IVE × PEPSI 2023,4.0,0.732,0.654,0.0,92,184,
イソ,Pepsi × IVE 'BLUE & BLACK',IVE × PEPSI 2024,5.0 A,0.421,0.414,0.0,105,184,
イソ,Pepsi × IVE 'BLUE & BLACK',IVE × PEPSI 2024,5.0 B,0.456,0.349,0.0,108,167,
イソ,Pepsi × IVE 'BLUE & BLACK',IVE × PEPSI 2024,6.0 A,0.617,0.548,0.0,105,184,
イソ,Pepsi × IVE 'BLUE & BLACK',IVE × PEPSI 2024,6.0 B,0.524,0.491,0.0,105,184,
イソ,Pepsi × IVE 'BLUE & BLACK',IVE × PEPSI 2024,6.0 C,0.541,0.491,0.0,97,184,
イソ,Pepsi × IVE 'BLUE & BLACK',IVE × PEPSI 2024,7.0 A,0.48,0.393,0.0,107,184,
イソ,Pepsi × IVE 'BLUE & BLACK',IVE × PEPSI 2024,7.0 B,0.552,0.552,0.0,104,184,
イソ,3rd FAN CONCERT 'IVE SCOUT',Random Photocard Pack,1,0.712,0.588,0.0,136,184,
イソ,3rd FAN CONCERT 'IVE SCOUT',Random Photocard Pack,2,0.773,0.559,0.0,136,184,
イソ,3rd FAN CONCERT 'IVE SCOUT',Random Photocard Pack,3,0.739,0.628,0.0,137,185,
イソ,3rd FAN CONCERT 'IVE SCOUT',Random Photocard Pack,4,0.862,0.512,0.249,136,185,
イソ,3rd FAN CONCERT 'IVE SCOUT',DIVE ZONE FC ブース特典,Day 1 IVE SCOUT ver.,0.675,0.4,0.0,335,184,
イソ,2025 SEASON'S GREETINGS [Colorful Days with IVE],本体封入,フォトカードセット,0.887,0.597,0.0,171,184,
イソ,2025 SEASON'S GREETINGS [Colorful Days with IVE],Starship Square,,0.656,0.528,0.0,169,184,
イソ,2025 SEASON'S GREETINGS [Colorful Days with IVE],Soundwave,,0.871,0.572,0.0,170,184,
イソ,2025 SEASON'S GREETINGS [Colorful Days with IVE],Ktown4U,,0.829,0.514,0.0,169,184,
イソ,2026 SEASON'S GREETINGS [ATELIER IVE],本体封入,フォトカードセット,0.908,0.612,0.0,198,184,
イソ,2026 SEASON'S GREETINGS [ATELIER IVE],Starship Square,,0.944,0.558,0.0,197,184,
イソ,2026 SEASON'S GREETINGS [ATELIER IVE],withmuu,,0.561,0.535,0.0,197,185,
イソ,2026 SEASON'S GREETINGS [ATELIER IVE],MINIVE シーグリ Starship Square,,0.759,0.639,0.0,197,185,
イソ,2nd WORLD TOUR 'SHOW WHAT I AM',DIVE JAPAN オンラインくじ C賞（京セラドーム）,①,0.591,0.509,0.0,159,184,
イソ,2nd WORLD TOUR 'SHOW WHAT I AM',DIVE JAPAN オンラインくじ C賞（京セラドーム）,②,0.858,0.481,0.0,157,185,
イソ,2nd WORLD TOUR 'SHOW WHAT I AM',DIVE JAPAN オンラインくじ C賞（京セラドーム）,③,0.925,0.717,0.0,158,185,
イソ,1st WORLD TOUR 'SHOW WHAT I HAVE',DVD・Blu-ray・Kit,DVD,0.87,0.676,0.296,119,184,
イソ,1st WORLD TOUR 'SHOW WHAT I HAVE',DVD・Blu-ray・Kit,Blu-ray,0.724,0.645,0.0,121,156,
イソ,1st WORLD TOUR 'SHOW WHAT I HAVE',DVD・Blu-ray・Kit,Kit,0.751,0.71,0.0,119,176,
イソ,1st WORLD TOUR 'SHOW WHAT I HAVE',DVD・Blu-ray・Kit,Starship Square 特典,0.852,0.718,0.128,121,184,
イソ,1st WORLD TOUR 'SHOW WHAT I HAVE',DVD・Blu-ray・Kit,Apple Music 特典,0.718,0.717,0.0,124,184,
イソ,1st WORLD TOUR 'SHOW WHAT I HAVE',DVD・Blu-ray・Kit,Ktown4U 特典,0.72,0.671,0.0,124,184,
イソ,1st WORLD TOUR 'SHOW WHAT I HAVE',in CINEMA,Acryl Photocard Stand,0.913,0.739,0.418,98,184,
イソ,1st WORLD TOUR 'SHOW WHAT I HAVE',in CINEMA,Photocard Pouch,0.667,0.655,0.0,98,185,
イソ,1st WORLD TOUR 'SHOW WHAT I HAVE',in CINEMA,Photo Set,0.799,0.72,0.0,98,184,
イソ,1st WORLD TOUR 'SHOW WHAT I HAVE',in CINEMA,Quick Snap,0.837,0.454,0.0,98,184,
イソ,1st WORLD TOUR 'SHOW WHAT I HAVE',in CINEMA,Tumbler,0.873,0.708,-0.132,98,184,
イソ,1st WORLD TOUR 'SHOW WHAT I HAVE',in CINEMA,Light Stick Bag,0.767,0.733,0.0,98,164,
イソ,1st WORLD TOUR 'SHOW WHAT I HAVE',in CINEMA,70K Benefit（self photocard）,0.844,0.722,0.0,98,184,
イソ,1st WORLD TOUR 'SHOW WHAT I HAVE',in CINEMA,70K Benefit（NFT photocard）,0.718,0.54,0.0,98,185,
イソ,1st WORLD TOUR 'SHOW WHAT I HAVE',in CINEMA,2nd Week 入場特典,0.667,0.645,0.0,98,185,
イソ,Pepsi × IVE 'BLUE & BLACK',Round 1,A,0.543,0.462,0.0,518,153,
イソ,Pepsi × IVE 'BLUE & BLACK',Round 1,B,0.428,0.391,0.0,518,184,
イソ,Pepsi × IVE 'BLUE & BLACK',Round 2,A,0.691,0.639,0.0,518,184,
イソ,Pepsi × IVE 'BLUE & BLACK',Round 2,B,0.243,0.21,0.0,518,185,
イソ,REVIVE+,本体封入,BANGERS,0.583,0.578,0.0,120,166,
イソ,REVIVE+,本体封入,CHALLENGERS,0.732,0.65,0.0,120,168,
イソ,REVIVE+,本体封入,SPOILERS,0.803,0.736,0.0,120,157,
イソ,REVIVE+,本体封入,LOVED IVE,0.672,0.646,0.0,120,164,
イソ,REVIVE+,本体封入,Digipack,0.843,0.737,0.0,122,184,
イソ,REVIVE+,本体封入,PETIT-IVE,0.874,0.683,0.368,120,184,
イソ,REVIVE+,MD,,0.853,0.59,0.392,122,184,
イソ,REVIVE+,Starship Square,3TYPE,0.965,0.694,0.623,120,184,差し替え
イソ,REVIVE+,Starship Square,LOVED IVE,0.943,0.672,-0.047,120,185,
イソ,REVIVE+,Starship Square,Digipack,0.922,0.791,0.573,120,185,差し替え
イソ,REVIVE+,京东,1.0,0.703,0.659,0.0,120,184,
イソ,REVIVE+,withmuu,1.0,0.95,0.801,0.457,120,184,
イソ,REVIVE+,Apple Music,1.0,0.764,0.685,0.0,122,184,
イソ,REVIVE+,Music Korea,1.0,0.697,0.654,0.0,120,185,
イソ,REVIVE+,Kakao Talk,,0.647,0.607,0.0,120,185,
イソ,REVIVE+,US Exclusive,,0.834,0.788,0.0,120,184,
イソ,REVIVE+,Target,,0.948,0.716,0.659,120,184,差し替え
イソ,REVIVE+,B&N,,0.911,0.565,0.59,119,184,差し替え
イソ,REVIVE+,Ktown4U,1.0,0.926,0.646,0.821,120,185,差し替え
イソ,REVIVE+,Tower Records,A,0.893,0.767,0.164,120,184,
イソ,REVIVE+,Tower Records,Shibuya,0.654,0.516,0.0,121,185,
イソ,REVIVE+,Sony Music,B,0.792,0.564,0.0,120,183,
イソ,REVIVE+,A!SMART,C,0.789,0.552,0.0,122,184,
イソ,REVIVE+,Soundwave,1.0,0.949,0.725,0.556,120,184,差し替え
イソ,REVIVE+,Makestar,1.0,0.834,0.69,0.0,120,183,
イソ,REVIVE+,MusicArt,1.0,0.475,0.475,0.0,121,184,
イソ,REVIVE+,ARTBOX,,0.624,0.504,0.0,120,184,
イソ,REVIVE+,Broadcast,BANG BANG,0.715,0.709,0.0,120,185,
イソ,REVIVE+,withmuu,2.0 Killing Voice,0.92,0.586,0.342,120,184,
イソ,REVIVE+,withmuu ラキドロ,3.0,0.893,0.89,0.0,121,184,
イソ,REVIVE+,withmuu ラキドロ,3.0 POLA,0.69,0.505,0.0,121,184,
イソ,REVIVE+,OLIVE YOUNG ラキドロ,,0.921,0.679,0.624,120,184,差し替え
イソ,REVIVE+,Music Korea,2.0,0.777,0.732,0.0,121,184,
イソ,REVIVE+,HOTTRACKS,,0.826,0.509,0.0,119,184,
イソ,REVIVE+,Showcase,,0.821,0.449,0.0,120,185,
イソ,REVIVE+,Makestar,2.0,0.918,0.598,0.592,120,185,差し替え
イソ,REVIVE+,Apple Music,2.0,0.832,0.609,0.0,121,185,
イソ,REVIVE+,Broadcast,BLACK HOLE,0.925,0.635,0.671,120,185,差し替え
イソ,REVIVE+,withmuu,4.0,0.892,0.627,0.577,120,184,差し替え
イソ,REVIVE+,NY Music,1.0,0.631,0.617,0.0,120,184,
イソ,REVIVE+,QQ音乐 ラキドロ,,0.778,0.477,0.0,120,184,
イソ,REVIVE+,Beatroad,1.0,0.734,0.698,0.0,120,185,
イソ,REVIVE+,Apple Music,3.0,0.709,0.592,0.0,121,184,
イソ,REVIVE+,withmuu ラキドロ,5.0-1,0.877,0.616,-0.094,120,185,
イソ,REVIVE+,withmuu ラキドロ,5.0-2,0.709,0.642,0.0,121,184,
イソ,REVIVE+,Soundwave ラキドロ,2.0,1.0,0.68,0.0,170,170,
イソ,REVIVE+,Soundwave ラキドロ,2.0 POLA,0.781,0.679,0.0,104,184,
イソ,REVIVE+,MusicArt ラキドロ,2.0,0.919,0.564,0.466,120,185,
イソ,REVIVE+,MusicArt ラキドロ,2.0 POLA,1.0,0.521,0.0,172,172,
イソ,REVIVE+,オフラインイベント,4.11 TOKYO,0.887,0.653,-0.185,120,184,
イソ,REVIVE+,オフラインイベント,4.12 OSAKA,0.879,0.759,0.328,120,184,
イソ,REVIVE+,KMStation,1.0,0.775,0.589,0.0,120,184,
イソ,REVIVE+,SWIA OSAKA exclusive,4.18,0.81,0.532,0.0,120,185,
イソ,REVIVE+,SWIA OSAKA exclusive,4.19,0.824,0.705,0.0,120,185,
イソ,REVIVE+,オフラインイベント,4.29 TOKYO,0.853,0.783,0.212,120,184,
イソ,REVIVE+,withmuu ラキドロ,6.0,0.818,0.508,0.0,121,184,
イソ,REVIVE+,withmuu ラキドロ,6.0 POLA,0.793,0.637,0.0,117,184,
イソ,REVIVE+,withmuu,7.0,0.742,0.618,0.0,118,184,
イソ,REVIVE+,KMStation,2.0,0.778,0.769,0.0,120,184,
イソ,REVIVE+,Makestar,3.0,0.853,0.665,-0.166,120,184,
イソ,REVIVE+,Ktown4U,2.0,0.689,0.477,0.0,121,185,
イソ,REVIVE+,京东,2.0,0.655,0.652,0.0,120,184,
イソ,REVIVE+,Music Korea,3.0,0.695,0.581,0.0,120,184,
イソ,REVIVE+,Ktown4U,3.0,0.844,0.636,0.0,120,184,
イソ,REVIVE+,withmuu,8.0,0.951,0.648,0.714,120,184,差し替え
イソ,REVIVE+,withmuu ラキドロ,9.0,0.748,0.632,0.0,120,184,
イソ,REVIVE+,withmuu ラキドロ,9.0 POLA,0.832,0.63,0.0,119,184,
イソ,REVIVE+,withmuu,10.0,0.798,0.655,0.0,118,184,
イソ,REVIVE+,Ktown4U ラキドロ,4.0,0.839,0.585,0.0,120,184,
イソ,REVIVE+,Ktown4U ラキドロ,4.0 POLA,0.918,0.59,0.712,119,184,差し替え
イソ,REVIVE+,Soundwave ラキドロ,3.0,0.76,0.608,0.0,120,184,
イソ,REVIVE+,Soundwave ラキドロ,3.0 POLA,0.863,0.659,0.467,119,175,
イソ,REVIVE+,Yetimall,1.0,0.962,0.69,0.894,120,184,差し替え
イソ,REVIVE+,Yetimall,2.0,0.802,0.547,0.0,119,184,
イソ,REVIVE+,Makestar ラキドロ,4.0,0.795,0.615,0.0,120,184,
イソ,REVIVE+,Makestar ラキドロ,4.0 POLA,0.798,0.611,0.0,117,174,
イソ,REVIVE+,KMONSTAR,1.0,1.0,0.716,0.0,184,184,
イソ,REVIVE+,NY Music ラキドロ,2.0,0.977,0.665,0.833,119,184,差し替え
イソ,REVIVE+,NY Music ラキドロ,2.0 POLA,0.965,0.696,0.767,100,155,差し替え
イソ,IVE SECRET,本体封入,Shh!,0.815,0.731,0.0,378,185,
イソ,IVE SECRET,本体封入,Gasp!,0.82,0.647,0.0,378,185,
イソ,IVE SECRET,本体封入,Psst!,0.903,0.732,0.0,375,184,
イソ,IVE SECRET,本体封入,LOVED IVE,0.895,0.647,0.0,375,184,
イソ,IVE SECRET,本体封入,Instant Photo Shh!,0.527,0.451,0.0,90,185,
イソ,IVE SECRET,本体封入,Instant Photo Gasp!,0.413,0.41,0.0,91,184,
イソ,IVE SECRET,本体封入,Instant Photo Psst!,0.515,0.489,0.0,93,185,
イソ,IVE SECRET,本体封入,Digipack,0.94,0.625,0.0,378,184,
イソ,IVE SECRET,本体封入,Evil Cupid,0.907,0.657,0.0,375,185,
イソ,IVE SECRET,Starship Square,3TYPE 1,0.741,0.479,0.0,378,184,
イソ,IVE SECRET,Starship Square,3TYPE 2,0.817,0.716,0.0,378,185,
イソ,IVE SECRET,Starship Square,4TYPE,0.858,0.741,0.0,375,184,
イソ,IVE SECRET,Starship Square,3+6 (A),0.664,0.639,0.0,375,184,
イソ,IVE SECRET,Starship Square,3+6 (B),0.799,0.759,0.0,375,185,
イソ,IVE SECRET,Starship Square,LOVED IVE,0.722,0.698,0.0,375,185,
イソ,IVE SECRET,Starship Square,Digipack,0.59,0.56,0.0,378,184,
イソ,IVE SECRET,Soundwave,1.0,0.911,0.711,0.0,378,183,
イソ,IVE SECRET,withmuu,1.0,0.835,0.581,0.0,378,185,
イソ,IVE SECRET,Apple Music,1.0,0.674,0.659,0.0,378,184,
イソ,IVE SECRET,Makestar,1.0,0.904,0.549,0.0,378,184,
イソ,IVE SECRET,京东,,0.731,0.727,0.0,77,184,
イソ,IVE SECRET,Tower Records,A,0.703,0.517,0.0,377,185,
イソ,IVE SECRET,Tower Records,Shibuya,0.556,0.535,0.0,378,184,
イソ,IVE SECRET,Sony Music,B,1.0,0.594,0.0,185,185,
イソ,IVE SECRET,A!SMART,C,0.756,0.713,0.0,77,184,
イソ,IVE SECRET,US Exclusive,,0.746,0.561,0.0,77,184,
イソ,IVE SECRET,Target,,0.709,0.644,0.0,78,169,
イソ,IVE SECRET,Barnes & Noble,,0.745,0.699,0.0,78,185,
イソ,IVE SECRET,Music Korea,,0.612,0.599,0.0,77,185,
イソ,IVE SECRET,Soundwave ラキドロ,2.0,0.751,0.7,0.0,377,185,
イソ,IVE SECRET,Soundwave ラキドロ,2.0 POLA,0.572,0.556,0.0,76,184,
イソ,IVE SECRET,withmuu ラキドロ,2.0,1.0,0.657,0.0,184,184,
イソ,IVE SECRET,withmuu ラキドロ,2.0 POLA,1.0,0.458,0.0,169,169,
イソ,IVE SECRET,OLIVE YOUNG ラキドロ,,0.496,0.471,0.0,378,184,
イソ,IVE SECRET,Beatroad ラキドロ,1.0,0.646,0.596,0.0,375,184,
イソ,IVE SECRET,Beatroad ラキドロ,1.0 POLA,0.759,0.71,0.0,77,185,
イソ,IVE SECRET,Apple Music,2.0,0.903,0.749,0.065,78,184,
イソ,IVE SECRET,Makestar,2.0,0.742,0.605,0.0,78,185,
イソ,IVE SECRET,Ktown4U,STUDIO CHOOM,0.647,0.577,0.0,77,185,
イソ,IVE SECRET,Broadcast,,0.883,0.633,0.0,378,185,
イソ,IVE SECRET,StarRiver,,0.638,0.611,0.0,78,185,
イソ,IVE SECRET,hellolive,1.0,0.754,0.658,0.0,78,184,
イソ,IVE SECRET,withmuu,3.0,0.883,0.64,0.477,78,185,
イソ,IVE SECRET,MusicArt,,1.0,0.716,0.0,164,164,
イソ,IVE SECRET,HOTTRACKS,,0.808,0.549,0.0,378,184,
イソ,IVE SECRET,Soundwave,3.0,0.878,0.639,0.023,79,184,
イソ,IVE SECRET,Makestar,3.0,1.0,0.71,0.0,184,184,
イソ,IVE SECRET,オフラインイベント,9.23 TOKYO,1.0,0.674,0.0,185,185,
イソ,IVE SECRET,オフラインイベント,9.24 OSAKA,0.821,0.491,0.0,77,184,
イソ,IVE SECRET,オフラインイベント,10.12 TOKYO,0.875,0.809,-0.22,77,184,
イソ,IVE SECRET,オフラインイベント,10.13 OSAKA,0.806,0.647,0.0,76,185,
イソ,IVE SECRET,Apple Music,3.0,0.933,0.458,0.375,78,185,
イソ,IVE SECRET,Soundwave,4.0,0.776,0.635,0.0,78,184,
イソ,IVE SECRET,withmuu ラキドロ,4.0,0.594,0.569,0.0,77,184,
イソ,IVE SECRET,withmuu ラキドロ,4.0 POLA,0.456,0.36,0.0,66,184,
イソ,IVE SECRET,withmuu,5.0,0.84,0.732,0.0,78,184,
イソ,IVE SECRET,Beatroad,2.0,0.694,0.593,0.0,78,184,
イソ,IVE SECRET,withmuu ラキドロ,6.0 Special HI-BYE-1,0.584,0.538,0.0,78,184,
イソ,IVE SECRET,withmuu ラキドロ,6.0 Special HI-BYE-2,0.699,0.687,0.0,77,184,
イソ,IVE SECRET,Makestar ラキドロ,4.0,0.717,0.535,0.0,77,184,
イソ,IVE SECRET,Soundwave,5.0,0.893,0.609,0.173,77,185,
イソ,IVE SECRET,オフラインイベント,11.23 TOKYO,0.706,0.658,0.0,76,184,
イソ,IVE SECRET,オフラインイベント,11.24 OSAKA,0.717,0.702,0.0,77,184,
イソ,IVE SECRET,Apple Music,4.0,0.794,0.693,0.0,77,185,
イソ,IVE SECRET,KMONSTAR,1.0,0.814,0.659,0.0,77,184,
イソ,IVE SECRET,withmuu,7.0,0.863,0.653,0.283,78,184,
イソ,IVE SECRET,hellolive,2.0,0.644,0.48,0.0,78,185,
イソ,IVE SECRET,NY Music,,0.857,0.6,0.481,76,184,
イソ,IVE SECRET,KMONSTAR,2.0,1.0,0.639,0.0,184,184,
イソ,IVE SECRET,withmuu ラキドロ,8.0-1,0.938,0.544,0.705,77,184,差し替え
イソ,IVE SECRET,withmuu ラキドロ,8.0-2,0.644,0.588,0.0,77,184,
イソ,IVE SECRET,withmuu ラキドロ,8.0 POLA,0.581,0.556,0.0,73,184,
イソ,IVE SECRET,IDOLSHOP,,1.0,0.526,0.0,184,184,
イソ,IVE SECRET,Yetimall ラキドロ,-1,0.705,0.686,0.0,78,185,
イソ,IVE SECRET,Yetimall ラキドロ,-2,0.86,0.671,0.374,78,184,
イソ,IVE SECRET,Yetimall ラキドロ,POLA,0.671,0.668,0.0,75,184,
イソ,IVE SECRET,Makestar,5.0,0.744,0.583,0.0,77,185,
イソ,IVE SECRET,Apple Music ラキドロ,5.0-1,0.783,0.601,0.0,78,185,
イソ,IVE SECRET,Apple Music ラキドロ,5.0-2,0.689,0.653,0.0,78,172,
イソ,IVE SECRET,Apple Music ラキドロ,5.0 POLA,0.609,0.56,0.0,76,158,
イソ,IVE SECRET,withmuu ラキドロ,9.0-1,0.646,0.55,0.0,67,173,
イソ,IVE SECRET,withmuu ラキドロ,9.0-2,0.617,0.616,0.0,66,185,
イソ,IVE SECRET,Soundwave ラキドロ,6.0,0.664,0.544,0.0,68,185,
イソ,2022 SEASON'S GREETINGS [A RAY OF SUNSHINE],本体封入,,0.872,0.616,0.0,347,184,
イソ,2022 SEASON'S GREETINGS [A RAY OF SUNSHINE],Starship Square,,0.817,0.593,0.0,347,184,
イソ,2022 SEASON'S GREETINGS [A RAY OF SUNSHINE],Synnara,,0.505,0.487,0.0,348,184,
イソ,2022 SEASON'S GREETINGS [A RAY OF SUNSHINE],Soundwave,,0.816,0.46,0.0,347,184,
イソ,2022 SEASON'S GREETINGS [A RAY OF SUNSHINE],Sound Contents,,0.816,0.444,0.0,348,184,
イソ,"2023 SEASON'S GREETINGS [Ready, Get Set, IVE!]",本体封入,,0.691,0.581,0.0,348,184,
イソ,"2023 SEASON'S GREETINGS [Ready, Get Set, IVE!]",Soundwave,,0.686,0.541,0.0,348,184,
イソ,"2023 SEASON'S GREETINGS [Ready, Get Set, IVE!]",Starship Square,,0.863,0.632,0.0,348,184,
イソ,"2023 SEASON'S GREETINGS [Ready, Get Set, IVE!]",Ktown4U,,0.807,0.774,0.0,348,185,
イソ,"2023 SEASON'S GREETINGS [Ready, Get Set, IVE!]",Synnara,,0.825,0.597,0.0,348,185,
イソ,2024 SEASON'S GREETINGS [A Fairy's Wish],本体封入,フォトカードセット,0.785,0.646,0.0,339,162,
イソ,2024 SEASON'S GREETINGS [A Fairy's Wish],Soundwave,,0.655,0.545,0.0,347,184,
イソ,2024 SEASON'S GREETINGS [A Fairy's Wish],Starship Square,,0.868,0.649,0.0,347,184,
イソ,2024 SEASON'S GREETINGS [A Fairy's Wish],Ktown4U,,0.828,0.802,0.0,347,184,
イソ,2024 SEASON'S GREETINGS [A Fairy's Wish],Apple Music,,0.805,0.622,0.0,347,184,
イソ,IVE SWITCH,本体封入,ON,0.948,0.735,0.0,329,184,
イソ,IVE SWITCH,本体封入,OFF,0.88,0.73,0.0,329,184,
イソ,IVE SWITCH,本体封入,SPIN-OFF,0.634,0.62,0.0,329,184,
イソ,IVE SWITCH,本体封入,LOVED IVE,0.863,0.58,0.0,329,184,
イソ,IVE SWITCH,本体封入,Digipack,0.873,0.647,0.0,329,184,
イソ,IVE SWITCH,本体封入,PLVE,0.922,0.686,0.0,329,184,
イソ,IVE SWITCH,本体封入,Lenticular,0.775,0.628,0.0,329,185,
イソ,IVE SWITCH,Starship Square,1,0.828,0.586,0.0,329,185,
イソ,IVE SWITCH,Starship Square,2,0.961,0.621,0.0,329,184,
イソ,IVE SWITCH,Starship Square,LOVED IVE,0.86,0.655,0.0,329,184,
イソ,IVE SWITCH,Starship Square,Digipack,0.903,0.712,0.0,329,184,
イソ,IVE SWITCH,Starship Square,Set 1,0.743,0.692,0.0,314,172,
イソ,IVE SWITCH,Starship Square,Set 2,0.813,0.66,0.0,329,154,
イソ,IVE SWITCH,Starship Square,Set 3,0.778,0.731,0.0,329,185,
イソ,IVE SWITCH,A!SMART,,0.708,0.669,0.0,329,185,
イソ,IVE SWITCH,Apple Music,,0.803,0.71,0.0,329,184,
イソ,IVE SWITCH,KakaoTalk,,0.935,0.727,0.0,329,184,
イソ,IVE SWITCH,Makestar,,0.894,0.676,0.0,329,185,
イソ,IVE SWITCH,Music Korea,,0.564,0.504,0.0,329,185,
イソ,IVE SWITCH,mymusictaste,,0.897,0.609,0.0,329,185,
イソ,IVE SWITCH,Sony Music,,0.832,0.729,0.0,333,184,
イソ,IVE SWITCH,Soundwave,,0.874,0.673,0.0,329,184,
イソ,IVE SWITCH,StarRiver,,0.745,0.714,0.0,329,185,
イソ,IVE SWITCH,Tower Records,,0.811,0.7,0.0,329,185,
イソ,IVE SWITCH,withmuu,,0.929,0.582,0.0,329,184,
イソ,IVE SWITCH,Soundwave ラキドロ,1.0-1,0.875,0.726,0.0,329,184,
イソ,IVE SWITCH,Soundwave ラキドロ,1.0-2,0.948,0.603,0.0,329,185,
イソ,IVE SWITCH,Soundwave ラキドロ,2.0-1,0.916,0.69,0.0,329,185,
イソ,IVE SWITCH,Soundwave ラキドロ,2.0-2,0.948,0.538,0.0,329,184,
イソ,IVE SWITCH,Soundwave ラキドロ,4.0-1,0.89,0.626,0.0,329,184,
イソ,IVE SWITCH,Soundwave ラキドロ,4.0-2,0.977,0.663,0.0,329,184,
イソ,IVE SWITCH,Soundwave ラキドロ,5.0-1,0.971,0.675,0.0,329,184,
イソ,IVE SWITCH,Soundwave ラキドロ,5.0-2,0.79,0.516,0.0,329,185,
イソ,IVE SWITCH,Music Korea ラキドロ,1,0.922,0.611,0.0,329,185,
イソ,IVE SWITCH,Music Korea ラキドロ,2,0.973,0.616,0.0,329,184,
イソ,IVE SWITCH,Makestar ラキドロ,1,0.729,0.699,0.0,333,185,
イソ,IVE SWITCH,Makestar ラキドロ,2,0.942,0.508,0.0,329,184,
イソ,IVE SWITCH,withmuu ラキドロ,1.0-1,0.766,0.722,0.0,329,165,
イソ,IVE SWITCH,withmuu ラキドロ,1.0-2,1.0,0.602,0.0,185,185,
イソ,IVE SWITCH,withmuu ラキドロ,2.0-1,0.95,0.443,0.0,329,185,
イソ,IVE SWITCH,withmuu ラキドロ,2.0-2,0.833,0.67,0.0,329,184,
イソ,IVE SWITCH,withmuu ラキドロ,3.0-1,0.948,0.777,0.0,329,185,
イソ,IVE SWITCH,withmuu ラキドロ,3.0-2,0.916,0.718,0.0,329,184,
イソ,IVE SWITCH,Apple Music ファンサイン,1.0,0.834,0.691,0.0,329,185,
イソ,IVE SWITCH,Apple Music ファンサイン,2.0,0.629,0.566,0.0,329,185,
イソ,IVE SWITCH,Apple Music ファンサイン,3.0,0.493,0.482,0.0,329,184,
イソ,IVE SWITCH,Soundwave ファンサイン,1.0,0.747,0.704,0.0,329,184,
イソ,IVE SWITCH,Soundwave ファンサイン,2.0,0.92,0.628,0.0,329,185,
イソ,IVE SWITCH,Soundwave ファンサイン,Hong Kong,0.641,0.638,0.0,329,184,
イソ,IVE SWITCH,Soundwave ファンサイン,Manila,0.576,0.529,0.0,329,165,
イソ,IVE SWITCH,Soundwave ファンサイン,Jakarta,0.757,0.696,0.0,329,184,
イソ,IVE SWITCH,mymusictaste ファンサイン,,0.773,0.677,0.0,329,185,
イソ,IVE SWITCH,Tower Records ファンサイン,,0.74,0.639,0.0,329,185,
イソ,IVE SWITCH,Makestar ファンサイン,1.0,0.823,0.758,0.0,329,184,
イソ,IVE SWITCH,Makestar ファンサイン,2.0,0.671,0.568,0.0,329,184,
イソ,IVE SWITCH,withmuu ファンサイン,1.0,0.943,0.558,0.0,329,184,
イソ,IVE SWITCH,withmuu ファンサイン,2.0,0.92,0.611,0.0,329,184,
イソ,IVE SWITCH,Yizhiyu ファンサイン,1.0,0.822,0.583,0.0,329,185,
イソ,IVE SWITCH,Yizhiyu ファンサイン,2.0,0.592,0.573,0.0,329,185,
イソ,IVE SWITCH,Yizhiyu ファンサイン,3.0,0.834,0.585,0.0,329,184,
イソ,IVE SWITCH,Yizhiyu ファンサイン,4.0,0.829,0.551,0.0,329,184,
イソ,IVE SWITCH,StarRiver ファンサイン,1.0,0.918,0.697,0.0,329,172,
イソ,IVE SWITCH,StarRiver ファンサイン,2.0,0.9,0.734,0.0,329,176,
イソ,IVE SWITCH,Japan ファンサイン,Tokyo,0.91,0.724,0.0,329,184,
イソ,IVE SWITCH,Japan ファンサイン,Osaka,0.764,0.579,0.0,329,185,
イソ,IVE SWITCH,LINE FRIENDS トレカ,1,0.779,0.737,0.0,329,173,
イソ,IVE SWITCH,LINE FRIENDS トレカ,2,0.698,0.687,0.0,329,183,
イソ,IVE SWITCH,LINE FRIENDS 特典,1,0.829,0.618,0.0,329,185,
イソ,IVE SWITCH,LINE FRIENDS 特典,2,0.934,0.584,0.0,332,184,
イソ,IVE SWITCH,OSAKA イベント,,0.78,0.737,0.0,329,184,
イソ,IVE SWITCH,Broadcast,1週目,0.883,0.754,0.0,329,184,
イソ,IVE SWITCH,Broadcast,2週目,0.863,0.735,0.0,329,185,
イソ,1st WORLD TOUR 'SHOW WHAT I HAVE',MD,Photo Kit,0.931,0.674,0.0,348,184,
イソ,1st WORLD TOUR 'SHOW WHAT I HAVE',MD,Photocard Binder,0.91,0.668,0.0,348,184,
イソ,1st WORLD TOUR 'SHOW WHAT I HAVE',MD,Photocard Holder,0.809,0.667,0.0,348,164,
イソ,1st WORLD TOUR 'SHOW WHAT I HAVE',MD,Cross Bag,0.794,0.735,0.0,348,184,
イソ,1st WORLD TOUR 'SHOW WHAT I HAVE',MD,Necklace,0.761,0.617,0.0,348,185,
イソ,1st WORLD TOUR 'SHOW WHAT I HAVE',Random Photocard,1,0.8,0.659,0.0,213,184,
イソ,1st WORLD TOUR 'SHOW WHAT I HAVE',Random Photocard,2,0.886,0.542,0.0,212,184,
イソ,1st WORLD TOUR 'SHOW WHAT I HAVE',Random Photocard,3,0.826,0.7,0.0,213,184,
イソ,1st WORLD TOUR 'SHOW WHAT I HAVE',Random Photocard,4,0.678,0.52,0.0,231,184,
イソ,1st WORLD TOUR 'SHOW WHAT I HAVE',Japan Random Photocard,1,0.83,0.497,0.0,251,184,
イソ,1st WORLD TOUR 'SHOW WHAT I HAVE',Japan Random Photocard,2,0.671,0.666,0.0,250,176,
イソ,1st WORLD TOUR 'SHOW WHAT I HAVE',2nd DIVE FC Class DIVE,1,0.897,0.622,0.0,244,184,
イソ,1st WORLD TOUR 'SHOW WHAT I HAVE',2nd DIVE FC Class DIVE,2,0.645,0.607,0.0,243,185,
イソ,1st WORLD TOUR 'SHOW WHAT I HAVE',SuperStar STARSHIP,1,0.73,0.545,0.0,213,184,
イソ,1st WORLD TOUR 'SHOW WHAT I HAVE',SuperStar STARSHIP,2,0.79,0.575,0.0,213,153,
イソ,1st WORLD TOUR 'SHOW WHAT I HAVE',SuperStar STARSHIP,3,0.669,0.522,0.0,213,176,
イソ,1st WORLD TOUR 'SHOW WHAT I HAVE',SuperStar STARSHIP,4,0.725,0.519,0.0,212,184,
イソ,WAVE,本体封入,初回AB盤 photocard I,0.608,0.538,0.0,415,153,
イソ,WAVE,本体封入,初回C盤 photocard II,0.917,0.706,0.0,415,185,
イソ,WAVE,本体封入,通常盤 photocard III,0.711,0.687,0.0,415,184,
イソ,WAVE,本体封入,DIVE盤 photocard IV,0.831,0.751,0.0,417,184,
イソ,WAVE,Sony Music ラキドロ,,0.592,0.584,0.0,331,184,
イソ,WAVE,全国CDショップ ラキドロ,,0.951,0.595,0.0,417,185,
イソ,WAVE,タワレコ,抽選会特典,0.609,0.569,0.0,417,184,
イソ,WAVE,Soundwave,ランダム,0.908,0.738,0.0,418,184,
イソ,WAVE,ハイタッチ会,A,0.565,0.564,0.0,244,184,
イソ,WAVE,ハイタッチ会,B,0.885,0.632,0.0,244,184,
イソ,WAVE,タワレコ,ランダム,0.936,0.626,0.0,415,185,
イソ,WAVE,HMV,ランダム,0.957,0.644,0.0,417,185,
イソ,After LIKE,本体封入,ver.1,0.934,0.719,0.0,374,184,
イソ,After LIKE,本体封入,ver.3,0.91,0.799,0.0,376,185,
イソ,After LIKE,Fansign,ATL ver.,0.698,0.562,0.0,330,184,
イソ,After LIKE,Daum Cafe,,0.862,0.69,0.0,330,185,
イソ,After LIKE,Broadcast,After ver.,0.472,0.462,0.0,215,185,
イソ,After LIKE,Broadcast,Like ver.,0.823,0.619,0.0,216,185,
イソ,After LIKE,Jewel ver. POB,6set,0.703,0.441,0.0,330,185,
イソ,After LIKE,Starship Square,CHU~♥ 1,0.901,0.509,0.0,365,184,
イソ,After LIKE,Starship Square,CHU~♥ 2,0.77,0.602,0.0,367,153,
イソ,After LIKE,Ktown4U,,0.838,0.703,0.0,367,185,
イソ,After LIKE,Bandina,,0.68,0.391,0.0,367,184,
イソ,After LIKE,mymusictaste,,0.89,0.589,0.0,364,184,
イソ,After LIKE,withmuu,1.0,0.785,0.652,0.0,367,184,
イソ,After LIKE,Soundwave,1.0,0.95,0.7,0.0,367,184,
イソ,After LIKE,Naver Shopping Live,,0.757,0.564,0.0,367,175,
イソ,After LIKE,Tower Records,1,0.425,0.425,0.0,367,185,
イソ,After LIKE,Beatroad,,0.932,0.68,0.0,367,184,
イソ,After LIKE,Apple Music,,0.707,0.527,0.0,367,185,
イソ,After LIKE,Namil Music,,0.816,0.494,0.0,365,184,
イソ,After LIKE,MokketShop,,0.845,0.458,0.0,367,184,
イソ,After LIKE,TOU,1.0,0.905,0.758,0.0,367,184,
イソ,After LIKE,Music Korea,,0.906,0.548,0.0,367,185,
イソ,After LIKE,Soundwave,3.0,0.756,0.738,0.0,367,145,
イソ,After LIKE,StarRiver,,0.874,0.445,0.0,367,184,
イソ,After LIKE,withmuu,3.0,0.927,0.668,0.0,367,184,
イソ,After LIKE,Soundwave,4.0,0.816,0.535,0.0,365,184,
イソ,After LIKE,本体封入,Jewel ver.,0.938,0.746,0.0,376,184,
イソ,After LIKE,Soundwave ラキドロ,2.0-1,0.905,0.844,0.0,367,184,
イソ,After LIKE,Soundwave ラキドロ,2.0-3,0.907,0.721,0.0,367,185,
イソ,After LIKE,withmuu ラキドロ,2.0-1,0.799,0.694,0.0,367,185,
イソ,After LIKE,withmuu ラキドロ,2.0-2,1.0,0.59,0.0,158,158,
イソ,REVIVE+,KMStation,3.0,0.531,0.504,0.0,310,167,
イソ,REVIVE+,KMStation,4.0,0.649,0.619,0.0,280,184,
イソ,LUCID DREAM,オフラインイベント,9.20 スペシャルイベント,0.61,0.607,0.0,305,184,
イソ,LOVE DIVE,Fansign Special,,1.0,0.574,0.0,176,176,
イソ,LOVE DIVE,Fansign Special,2,1.0,0.487,0.0,184,184,
イソ,LOVE DIVE,Fansign,,1.0,0.64,0.0,184,184,
イソ,After LIKE,本体封入,ver.2,1.0,0.39,0.0,185,185,
イソ,After LIKE,Jewel ver. POB,6+3set,1.0,0.55,0.0,184,184,
イソ,After LIKE,Soundwave ラキドロ,2.0-2,1.0,0.36,0.0,185,185,
イソ,After LIKE,Tower Records,2,1.0,0.391,0.0,184,184,
イソ,I've IVE,Vinyl,,1.0,0.553,0.0,184,184,
イソ,I've MINE,Soundwave ファンサイン,Singapore,1.0,0.564,0.0,184,184,
イソ,I've MINE,Soundwave ファンサイン,Malaysia,1.0,0.7,0.0,184,184,
イソ,I've MINE,Sony Music Japan,2-1,1.0,0.657,0.0,185,185,
イソ,I've MINE,Sony Music Japan,2-2,1.0,0.666,0.0,184,184,
イソ,I've MINE,Sony Music Japan,2-4,1.0,0.647,0.0,165,165,
イソ,I've MINE,Sony Music Japan,2-5,1.0,0.593,0.0,185,185,
イソ,I've MINE,A!SMART ファンサイン,,1.0,0.72,0.0,185,185,
イソ,I've MINE,Yizhiyu,3.0,1.0,0.462,0.0,160,160,
イソ,IVE SWITCH,Tower Records,2,1.0,0.565,0.0,184,184,
イソ,IVE SWITCH,Soundwave ラキドロ,1.0-3,1.0,0.516,0.0,184,184,
イソ,IVE SWITCH,withmuu ラキドロ,1.0-3,1.0,0.602,0.0,184,184,
イソ,IVE SWITCH,Soundwave ラキドロ,2.0-3,1.0,0.64,0.0,185,185,
イソ,IVE SWITCH,withmuu ラキドロ,3.0-3,1.0,0.667,0.0,166,166,
イソ,IVE SWITCH,withmuu ラキドロ,4.0-3,1.0,0.473,0.0,184,184,
イソ,IVE SWITCH,Makestar ラキドロ,3,1.0,0.685,0.0,174,174,
イソ,IVE SWITCH,withmuu ラキドロ,4.0（2 組目）-3,1.0,0.647,0.0,184,184,
イソ,IVE SWITCH,Soundwave ラキドロ,3.0 POLA,1.0,0.547,0.0,184,184,
イソ,IVE SWITCH,Soundwave ラキドロ,4.0-3,1.0,0.635,0.0,184,184,
イソ,IVE SWITCH,Soundwave ラキドロ,5.0-3,1.0,0.777,0.0,184,184,
イソ,IVE EMPATHY,Soundwave ラキドロ,2.0-2,1.0,0.655,0.0,184,184,
イソ,IVE EMPATHY,オフラインイベント,TOKYO 2,1.0,0.567,0.0,185,185,
イソ,IVE EMPATHY,Soundwave,4.0（2 枚目）,1.0,0.537,0.0,184,184,
イソ,IVE EMPATHY,Makestar,4.0 Shanghai 3,1.0,0.577,0.0,184,184,
イソ,IVE SECRET,MD,,1.0,0.454,0.0,185,185,
イソ,IVE SECRET,Mukor,,1.0,0.599,0.0,184,184,
イソ,IVE SECRET,QQ Music,1,1.0,0.641,0.0,184,184,
イソ,IVE SECRET,QQ Music,2,1.0,0.586,0.0,184,184,
イソ,IVE SECRET,QQ Music,3,1.0,0.704,0.0,185,185,
イソ,IVE SECRET,QQ Music,4,1.0,0.621,0.0,184,184,
イソ,IVE SECRET,Shanghai,WINNER,1.0,0.591,0.0,185,185,
イソ,IVE SECRET,withmuu ラキドロ,5.0-2,1.0,0.482,0.0,184,184,
イソ,IVE SECRET,QQ Music × Starship Square,Christmas,1.0,0.54,0.0,185,185,
イソ,IVE SECRET,withmuu ラキドロ,4.0-3,1.0,0.592,0.0,156,156,
イソ,REVIVE+,本体封入,MINI MINI,1.0,0.565,0.0,184,184,
イソ,REVIVE+,Mukor,,1.0,0.682,0.0,184,184,
イソ,REVIVE+,QQ Music,Member set 2,1.0,0.592,0.0,185,185,
イソ,REVIVE+,QQ Music,2.0 ランダム 1,1.0,0.616,0.0,184,184,
イソ,REVIVE+,QQ Music,2.0 ランダム 2,1.0,0.631,0.0,185,185,
イソ,REVIVE+,QQ Music,2.0 ランダム 3,1.0,0.629,0.0,176,176,
イソ,REVIVE+,QQ Music,2.0 ランダム 4,1.0,0.454,0.0,185,185,
イソ,REVIVE+,QQ Music,2.0 ランダム 5,1.0,0.659,0.0,185,185,
イソ,REVIVE+,QQ Music,2.0 ランダム 6,1.0,0.5,0.0,183,183,
イソ,Be Alright,オフラインイベント,9.23 TOKYO,1.0,0.698,0.0,185,185,
イソ,Be Alright,オフラインイベント,9.24 OSAKA,1.0,0.636,0.0,185,185,
イソ,Be Alright,オフラインイベント,10.12 TOKYO,1.0,0.52,0.0,183,183,
イソ,Be Alright,オフラインイベント,10.13 OSAKA,1.0,0.667,0.0,185,185,
イソ,LUCID DREAM,本体封入,DIVE 盤,1.0,0.662,0.0,161,161,
